symbol,name,sector,asset class,market value,weight (%),notional value,quantity,price,location,exchange,currency,fx rate,market currency,accrual date
BE,BLOOM ENERGY CLASS A CORP,Industrials,Equity,825378022.44,1.1,"825,378,022.44","5,273,644.00",156.51,United States,New York Stock Exchange Inc.,USD,1.0,USD,-
CRDO,CREDO TECHNOLOGY GROUP HOLDING LTD,Information Technology,Equity,479244080.48,0.64,"479,244,080.48","3,701,584.00",129.47,United States,NASDAQ,USD,1.0,USD,-
KTOS,KRATOS DEFENSE AND SECURITY SOLUTI,Industrials,Equity,434984476.16,0.58,"434,984,476.16","4,021,676.00",108.16,United States,NASDAQ,USD,1.0,USD,-
FN,FABRINET,Information Technology,Equity,433388820.6,0.58,"433,388,820.60","873,310.00",496.26,United States,New York Stock Exchange Inc.,USD,1.0,USD,-
NXT,NEXTPOWER INC CLASS A,Industrials,Equity,426659645.64,0.57,"426,659,645.64","3,523,783.00",121.08,United States,NASDAQ,USD,1.0,USD,-
HL,HECLA MINING,Materials,Equity,403999761.2,0.54,"403,999,761.20","15,349,535.00",26.32,United States,New York Stock Exchange Inc.,USD,1.0,USD,-
CDE,COEUR MINING INC,Materials,Equity,379816008.39,0.51,"379,816,008.39","15,458,527.00",24.57,United States,New York Stock Exchange Inc.,USD,1.0,USD,-
SATS,ECHOSTAR CORP CLASS A,Communication,Equity,371124142.74,0.49,"371,124,142.74","3,270,969.00",113.46,United States,NASDAQ,USD,1.0,USD,-
IONQ,IONQ INC,Information Technology,Equity,353054816.2,0.47,"353,054,816.20","8,165,005.00",43.24,United States,New York Stock Exchange Inc.,USD,1.0,USD,-
GH,GUARDANT HEALTH INC,Health Care,Equity,323817874.32,0.43,"323,817,874.32","2,931,009.00",110.48,United States,NASDAQ,USD,1.0,USD,-
RMBS,RAMBUS INC,Information Technology,Equity,317265344.0,0.42,"317,265,344.00","2,609,090.00",121.60,United States,NASDAQ,USD,1.0,USD,-
BBIO,BRIDGEBIO PHARMA INC,Health Care,Equity,302965893.3,0.4,"302,965,893.30","3,830,163.00",79.10,United States,NASDAQ,USD,1.0,USD,-
STRL,STERLING INFRASTRUCTURE INC,Industrials,Equity,273549217.44,0.36,"273,549,217.44","721,328.00",379.23,United States,NASDAQ,USD,1.0,USD,-
AVAV,AEROVIRONMENT INC,Industrials,Equity,267478802.64,0.36,"267,478,802.64","912,212.00",293.22,United States,NASDAQ,USD,1.0,USD,-
DY,DYCOM INDUSTRIES INC,Industrials,Equity,247610310.64,0.33,"247,610,310.64","677,512.00",365.47,United States,New York Stock Exchange Inc.,USD,1.0,USD,-
SPXC,SPX TECHNOLOGIES INC,Industrials,Equity,246987645.44,0.33,"246,987,645.44","1,165,916.00",211.84,United States,New York Stock Exchange Inc.,USD,1.0,USD,-
AEIS,ADVANCED ENERGY INDUSTRIES INC,Information Technology,Equity,245422100.16,0.33,"245,422,100.16","911,943.00",269.12,United States,NASDAQ,USD,1.0,USD,-
TTMI,TTM TECHNOLOGIES INC,Information Technology,Equity,238515733.44,0.32,"238,515,733.44","2,472,178.00",96.48,United States,NASDAQ,USD,1.0,USD,-
ENSG,ENSIGN GROUP INC,Health Care,Equity,230917161.42,0.31,"230,917,161.42","1,357,857.00",170.06,United States,NASDAQ,USD,1.0,USD,-
GTLS,CHART INDUSTRIES INC,Industrials,Equity,226620234.4,0.3,"226,620,234.40","1,093,727.00",207.20,United States,New York Stock Exchange Inc.,USD,1.0,USD,-
UMBF,UMB FINANCIAL CORP,Financials,Equity,226020829.32,0.3,"226,020,829.32","1,775,916.00",127.27,United States,NASDAQ,USD,1.0,USD,-
OKLO,OKLO INC CLASS A,Utilities,Equity,225880553.88,0.3,"225,880,553.88","2,625,297.00",86.04,United States,New York Stock Exchange Inc.,USD,1.0,USD,-
MOD,MODINE MANUFACTURING,Industrials,Equity,223738299.92,0.3,"223,738,299.92","1,266,061.00",176.72,United States,New York Stock Exchange Inc.,USD,1.0,USD,-
MDGL,MADRIGAL PHARMACEUTICALS INC,Health Care,Equity,221860055.27,0.3,"221,860,055.27","448,483.00",494.69,United States,NASDAQ,USD,1.0,USD,-
ARWR,ARROWHEAD PHARMACEUTICALS INC,Health Care,Equity,221263626.24,0.29,"221,263,626.24","3,201,152.00",69.12,United States,NASDAQ,USD,1.0,USD,-
APLD,APPLIED DIGITAL CORP,Information Technology,Equity,218420419.59,0.29,"218,420,419.59","5,737,337.00",38.07,United States,NASDAQ,USD,1.0,USD,-
UEC,URANIUM ENERGY CORP,Energy,Equity,214178367.6,0.29,"214,178,367.60","11,514,966.00",18.60,United States,Nyse Mkt Llc,USD,1.0,USD,-
CMC,COMMERCIAL METALS,Materials,Equity,210291798.72,0.28,"210,291,798.72","2,697,432.00",77.96,United States,New York Stock Exchange Inc.,USD,1.0,USD,-
ONB,OLD NATIONAL BANCORP,Financials,Equity,208451054.4,0.28,"208,451,054.40","8,543,076.00",24.40,United States,NASDAQ,USD,1.0,USD,-
IDCC,INTERDIGITAL INC,Information Technology,Equity,206439097.95,0.28,"206,439,097.95","623,815.00",330.93,United States,NASDAQ,USD,1.0,USD,-
LUMN,LUMEN TECHNOLOGIES INC,Communication,Equity,205652122.29,0.27,"205,652,122.29","23,029,353.00",8.93,United States,New York Stock Exchange Inc.,USD,1.0,USD,-
RNA,AVIDITY BIOSCIENCES INC,Health Care,Equity,202530968.52,0.27,"202,530,968.52","2,790,836.00",72.57,United States,NASDAQ,USD,1.0,USD,-
COMP,COMPASS INC CLASS A,Real Estate,Equity,202056653.02,0.27,"202,056,653.02","15,507,034.00",13.03,United States,New York Stock Exchange Inc.,USD,1.0,USD,-
CTRE,CARETRUST REIT INC,Real Estate,Equity,201994152.84,0.27,"201,994,152.84","5,447,523.00",37.08,United States,New York Stock Exchange Inc.,USD,1.0,USD,-
JBTM,JBT MAREL CORP,Industrials,Equity,199967382.3,0.27,"199,967,382.30","1,261,226.00",158.55,United States,New York Stock Exchange Inc.,USD,1.0,USD,-
PRIM,PRIMORIS SERVICES CORP,Industrials,Equity,199527425.98,0.27,"199,527,425.98","1,308,634.00",152.47,United States,New York Stock Exchange Inc.,USD,1.0,USD,-
WTS,WATTS WATER TECHNOLOGIES INC CLASS,Industrials,Equity,196874669.59,0.26,"196,874,669.59","661,519.00",297.61,United States,New York Stock Exchange Inc.,USD,1.0,USD,-
MOGA,MOOG INC CLASS A,Industrials,Equity,196037280.0,0.26,"196,037,280.00","680,685.00",288.00,United States,New York Stock Exchange Inc.,USD,1.0,USD,-
SANM,SANMINA CORP,Information Technology,Equity,194993355.95,0.26,"194,993,355.95","1,262,665.00",154.43,United States,NASDAQ,USD,1.0,USD,-
AHR,AMERICAN HEALTHCARE REIT INC,Real Estate,Equity,193823320.14,0.26,"193,823,320.14","4,104,687.00",47.22,United States,New York Stock Exchange Inc.,USD,1.0,USD,-
JXN,JACKSON FINANCIAL INC CLASS A,Financials,Equity,191086957.48,0.25,"191,086,957.48","1,618,558.00",118.06,United States,New York Stock Exchange Inc.,USD,1.0,USD,-
SITM,SITIME CORP,Information Technology,Equity,190318754.52,0.25,"190,318,754.52","520,594.00",365.58,United States,NASDAQ,USD,1.0,USD,-
ORA,ORMAT TECH INC,Utilities,Equity,190183439.52,0.25,"190,183,439.52","1,485,576.00",128.02,United States,New York Stock Exchange Inc.,USD,1.0,USD,-
QBTS,D WAVE QUANTUM INC,Information Technology,Equity,187473334.14,0.25,"187,473,334.14","8,073,787.00",23.22,United States,New York Stock Exchange Inc.,USD,1.0,USD,-
PRAX,PRAXIS PRECISION MEDICINES INC,Health Care,Equity,186215299.92,0.25,"186,215,299.92","592,514.00",314.28,United States,NASDAQ,USD,1.0,USD,-
CYTK,CYTOKINETICS INC,Health Care,Equity,184782473.6,0.25,"184,782,473.60","2,816,806.00",65.60,United States,NASDAQ,USD,1.0,USD,-
AXSM,AXSOME THERAPEUTICS INC,Health Care,Equity,182886012.13,0.24,"182,886,012.13","987,159.00",185.26,United States,NASDAQ,USD,1.0,USD,-
FLR,FLUOR CORP,Industrials,Equity,182824578.08,0.24,"182,824,578.08","3,893,198.00",46.96,United States,New York Stock Exchange Inc.,USD,1.0,USD,-
HQY,HEALTHEQUITY INC,Health Care,Equity,172316158.66,0.23,"172,316,158.66","2,061,938.00",83.57,United States,NASDAQ,USD,1.0,USD,-
SMTC,SEMTECH CORP,Information Technology,Equity,171950918.52,0.23,"171,950,918.52","2,097,474.00",81.98,United States,NASDAQ,USD,1.0,USD,-
EAT,BRINKER INTERNATIONAL INC,Consumer Discretionary,Equity,171709541.76,0.23,"171,709,541.76","1,068,909.00",160.64,United States,New York Stock Exchange Inc.,USD,1.0,USD,-
ZWS,ZURN ELKAY WATER SOLUTIONS CORP,Industrials,Equity,168476459.84,0.22,"168,476,459.84","3,621,592.00",46.52,United States,New York Stock Exchange Inc.,USD,1.0,USD,-
CADE,CADENCE BANK,Financials,Equity,168345031.56,0.22,"168,345,031.56","3,931,458.00",42.82,United States,New York Stock Exchange Inc.,USD,1.0,USD,-
ENS,ENERSYS,Industrials,Equity,166761872.95,0.22,"166,761,872.95","902,147.00",184.85,United States,New York Stock Exchange Inc.,USD,1.0,USD,-
KRYS,KRYSTAL BIOTECH INC,Health Care,Equity,166623237.26,0.22,"166,623,237.26","596,489.00",279.34,United States,NASDAQ,USD,1.0,USD,-
IBP,INSTALLED BUILDING PRODUCTS INC,Consumer Discretionary,Equity,163893736.65,0.22,"163,893,736.65","559,995.00",292.67,United States,New York Stock Exchange Inc.,USD,1.0,USD,-
FCFS,FIRSTCASH HOLDINGS INC,Financials,Equity,163803890.0,0.22,"163,803,890.00","959,320.00",170.75,United States,NASDAQ,USD,1.0,USD,-
CWAN,CLEARWATER ANALYTICS HOLDINGS INC,Information Technology,Equity,162014983.76,0.22,"162,014,983.76","6,728,197.00",24.08,United States,New York Stock Exchange Inc.,USD,1.0,USD,-
GKOS,GLAUKOS CORP,Health Care,Equity,160800462.9,0.21,"160,800,462.90","1,350,470.00",119.07,United States,New York Stock Exchange Inc.,USD,1.0,USD,-
FSS,FEDERAL SIGNAL CORP,Industrials,Equity,157065662.28,0.21,"157,065,662.28","1,450,551.00",108.28,United States,New York Stock Exchange Inc.,USD,1.0,USD,-
GATX,GATX CORP,Industrials,Equity,157010023.31,0.21,"157,010,023.31","863,689.00",181.79,United States,New York Stock Exchange Inc.,USD,1.0,USD,-
CWST,CASELLA WASTE SYSTEMS INC CLASS A,Industrials,Equity,156027212.4,0.21,"156,027,212.40","1,510,428.00",103.30,United States,NASDAQ,USD,1.0,USD,-
GBCI,GLACIER BANCORP INC,Financials,Equity,155767419.88,0.21,"155,767,419.88","3,119,716.00",49.93,United States,New York Stock Exchange Inc.,USD,1.0,USD,-
RGTI,RIGETTI COMPUTING INC,Information Technology,Equity,152974124.25,0.2,"152,974,124.25","7,706,505.00",19.85,United States,NASDAQ,USD,1.0,USD,-
XTSLA,BLK CSH FND TREASURY SL AGENCY,Cash and/or Derivatives,Money Market,152861753.62,0.2,"152,861,753.62","152,861,754.00",1.00,United States,-,USD,1.0,USD,-
TRNO,TERRENO REALTY REIT CORP,Real Estate,Equity,152726077.44,0.2,"152,726,077.44","2,485,776.00",61.44,United States,New York Stock Exchange Inc.,USD,1.0,USD,-
PL,PLANET LABS CLASS A,Industrials,Equity,151489285.65,0.2,"151,489,285.65","5,749,119.00",26.35,United States,New York Stock Exchange Inc.,USD,1.0,USD,-
VLY,VALLEY NATIONAL,Financials,Equity,150904387.9,0.2,"150,904,387.90","11,910,370.00",12.67,United States,NASDAQ,USD,1.0,USD,-
PIPR,PIPER SANDLER COMPANIES,Financials,Equity,148530808.68,0.2,"148,530,808.68","427,353.00",347.56,United States,New York Stock Exchange Inc.,USD,1.0,USD,-
HIMS,HIMS HERS HEALTH INC CLASS A,Health Care,Equity,148049101.76,0.2,"148,049,101.76","4,956,448.00",29.87,United States,New York Stock Exchange Inc.,USD,1.0,USD,-
MIR,MIRION TECHNOLOGIES INC CLASS A,Information Technology,Equity,146636427.42,0.2,"146,636,427.42","5,798,198.00",25.29,United States,New York Stock Exchange Inc.,USD,1.0,USD,-
PCVX,VAXCYTE INC,Health Care,Equity,145780242.08,0.19,"145,780,242.08","2,759,944.00",52.82,United States,NASDAQ,USD,1.0,USD,-
ESNT,ESSENT GROUP LTD,Financials,Equity,145561685.0,0.19,"145,561,685.00","2,292,310.00",63.50,United States,New York Stock Exchange Inc.,USD,1.0,USD,-
TXNM,TXNM ENERGY INC,Utilities,Equity,145537159.12,0.19,"145,537,159.12","2,456,738.00",59.24,United States,New York Stock Exchange Inc.,USD,1.0,USD,-
ESE,ESCO TECHNOLOGIES INC,Industrials,Equity,144285412.52,0.19,"144,285,412.52","627,437.00",229.96,United States,New York Stock Exchange Inc.,USD,1.0,USD,-
EPRT,ESSENTIAL PROPERTIES REALTY TRUST,Real Estate,Equity,144232397.35,0.19,"144,232,397.35","4,799,747.00",30.05,United States,New York Stock Exchange Inc.,USD,1.0,USD,-
UFPI,UFP INDUSTRIES INC,Industrials,Equity,144193515.0,0.19,"144,193,515.00","1,406,766.00",102.50,United States,NASDAQ,USD,1.0,USD,-
UBSI,UNITED BANKSHARES INC,Financials,Equity,144131745.45,0.19,"144,131,745.45","3,403,347.00",42.35,United States,NASDAQ,USD,1.0,USD,-
TMHC,TAYLOR MORRISON HOME CORP,Consumer Discretionary,Equity,144056974.85,0.19,"144,056,974.85","2,340,487.00",61.55,United States,New York Stock Exchange Inc.,USD,1.0,USD,-
HWC,HANCOCK WHITNEY CORP,Financials,Equity,143714503.18,0.19,"143,714,503.18","2,089,481.00",68.78,United States,NASDAQ,USD,1.0,USD,-
PTCT,PTC THERAPEUTICS INC,Health Care,Equity,143323828.9,0.19,"143,323,828.90","1,875,230.00",76.43,United States,NASDAQ,USD,1.0,USD,-
RIOT,RIOT PLATFORMS INC,Information Technology,Equity,142986250.25,0.19,"142,986,250.25","8,425,825.00",16.97,United States,NASDAQ,USD,1.0,USD,-
BIPC,BROOKFIELD INFRASTRUCTURE CORP CLA,Utilities,Equity,142814312.71,0.19,"142,814,312.71","2,928,323.00",48.77,Canada,New York Stock Exchange Inc.,USD,1.0,USD,-
HUT,HUT CORP,Information Technology,Equity,142340425.5,0.19,"142,340,425.50","2,313,350.00",61.53,United States,NASDAQ,USD,1.0,USD,-
RHP,RYMAN HOSPITALITY PROPERTIES REIT,Real Estate,Equity,142316387.68,0.19,"142,316,387.68","1,503,448.00",94.66,United States,New York Stock Exchange Inc.,USD,1.0,USD,-
CIFR,CIPHER MINING INC,Information Technology,Equity,138680101.8,0.18,"138,680,101.80","7,835,034.00",17.70,United States,NASDAQ,USD,1.0,USD,-
FORM,FORMFACTOR INC,Information Technology,Equity,137951989.17,0.18,"137,951,989.17","1,881,249.00",73.33,United States,NASDAQ,USD,1.0,USD,-
POR,PORTLAND GENERAL ELECTRIC,Utilities,Equity,137635640.56,0.18,"137,635,640.56","2,737,928.00",50.27,United States,New York Stock Exchange Inc.,USD,1.0,USD,-
VSAT,VIASAT INC,Information Technology,Equity,137457924.27,0.18,"137,457,924.27","2,973,349.00",46.23,United States,NASDAQ,USD,1.0,USD,-
UUUU,ENERGY FUELS INC,Energy,Equity,137020330.24,0.18,"137,020,330.24","5,507,248.00",24.88,Canada,Nyse Mkt Llc,USD,1.0,USD,-
ALKS,ALKERMES,Health Care,Equity,136245779.52,0.18,"136,245,779.52","3,906,129.00",34.88,United States,NASDAQ,USD,1.0,USD,-
AUB,ATLANTIC UNION BANKSHARES CORP,Financials,Equity,135013776.8,0.18,"135,013,776.80","3,444,229.00",39.20,United States,New York Stock Exchange Inc.,USD,1.0,USD,-
HOMB,HOME BANCSHARES INC,Financials,Equity,134510052.36,0.18,"134,510,052.36","4,647,894.00",28.94,United States,New York Stock Exchange Inc.,USD,1.0,USD,-
BCPC,BALCHEM CORP,Materials,Equity,134446690.68,0.18,"134,446,690.68","787,343.00",170.76,United States,NASDAQ,USD,1.0,USD,-
ACA,ARCOSA INC,Industrials,Equity,134268660.8,0.18,"134,268,660.80","1,171,220.00",114.64,United States,New York Stock Exchange Inc.,USD,1.0,USD,-
LMND,LEMONADE INC,Financials,Equity,133400425.76,0.18,"133,400,425.76","1,461,442.00",91.28,United States,New York Stock Exchange Inc.,USD,1.0,USD,-
SNEX,STONEX GROUP INC,Financials,Equity,132918760.88,0.18,"132,918,760.88","1,184,237.00",112.24,United States,NASDAQ,USD,1.0,USD,-
ABCB,AMERIS BANCORP,Financials,Equity,132439326.0,0.18,"132,439,326.00","1,629,020.00",81.30,United States,New York Stock Exchange Inc.,USD,1.0,USD,-
RYTM,RHYTHM PHARMACEUTICALS INC,Health Care,Equity,132341732.6,0.18,"132,341,732.60","1,276,198.00",103.70,United States,NASDAQ,USD,1.0,USD,-
CORZ,CORE SCIENTIFIC INC,Information Technology,Equity,132101878.68,0.18,"132,101,878.68","7,011,777.00",18.84,United States,NASDAQ,USD,1.0,USD,-
VIAV,VIAVI SOLUTIONS INC,Information Technology,Equity,132000060.4,0.18,"132,000,060.40","5,344,132.00",24.70,United States,NASDAQ,USD,1.0,USD,-
SSRM,SSR MINING INC,Materials,Equity,131949116.46,0.18,"131,949,116.46","4,919,803.00",26.82,Canada,NASDAQ,USD,1.0,USD,-
SWX,SOUTHWEST GAS HOLDINGS INC,Utilities,Equity,130966962.96,0.17,"130,966,962.96","1,584,789.00",82.64,United States,New York Stock Exchange Inc.,USD,1.0,USD,-
JOBY,JOBY AVIATION INC CLASS A,Industrials,Equity,130776782.32,0.17,"130,776,782.32","11,739,388.00",11.14,United States,New York Stock Exchange Inc.,USD,1.0,USD,-
OPCH,OPTION CARE HEALTH INC,Health Care,Equity,130470162.57,0.17,"130,470,162.57","3,849,813.00",33.89,United States,NASDAQ,USD,1.0,USD,-
BOOT,BOOT BARN HOLDINGS INC,Consumer Discretionary,Equity,130234956.12,0.17,"130,234,956.12","744,966.00",174.82,United States,New York Stock Exchange Inc.,USD,1.0,USD,-
BKH,BLACK HILLS CORP,Utilities,Equity,129766423.41,0.17,"129,766,423.41","1,782,261.00",72.81,United States,New York Stock Exchange Inc.,USD,1.0,USD,-
BCO,BRINKS,Industrials,Equity,128562247.17,0.17,"128,562,247.17","1,015,259.00",126.63,United States,New York Stock Exchange Inc.,USD,1.0,USD,-
MMS,MAXIMUS INC,Industrials,Equity,128539130.73,0.17,"128,539,130.73","1,364,969.00",94.17,United States,New York Stock Exchange Inc.,USD,1.0,USD,-
GVA,GRANITE CONSTRUCTION INC,Industrials,Equity,128499125.29,0.17,"128,499,125.29","1,056,997.00",121.57,United States,New York Stock Exchange Inc.,USD,1.0,USD,-
PLXS,PLEXUS CORP,Information Technology,Equity,128294764.0,0.17,"128,294,764.00","649,265.00",197.60,United States,NASDAQ,USD,1.0,USD,-
ROAD,CONSTRUCTION PARTNERS INC CLASS A,Industrials,Equity,128020750.86,0.17,"128,020,750.86","1,135,137.00",112.78,United States,NASDAQ,USD,1.0,USD,-
AX,AXOS FINANCIAL INC,Financials,Equity,127897726.32,0.17,"127,897,726.32","1,351,413.00",94.64,United States,New York Stock Exchange Inc.,USD,1.0,USD,-
COGT,COGENT BIOSCIENCES INC,Health Care,Equity,125959129.2,0.17,"125,959,129.20","3,345,528.00",37.65,United States,NASDAQ,USD,1.0,USD,-
KRG,KITE REALTY GROUP TRUST REIT,Real Estate,Equity,124439815.5,0.17,"124,439,815.50","5,347,650.00",23.27,United States,New York Stock Exchange Inc.,USD,1.0,USD,-
SIGI,SELECTIVE INSURANCE GROUP INC,Financials,Equity,124294286.88,0.17,"124,294,286.88","1,478,286.00",84.08,United States,NASDAQ,USD,1.0,USD,-
NUVL,NUVALENT INC CLASS A,Health Care,Equity,123763915.54,0.16,"123,763,915.54","1,208,278.00",102.43,United States,NASDAQ,USD,1.0,USD,-
MRCY,MERCURY SYSTEMS INC,Industrials,Equity,123471701.42,0.16,"123,471,701.42","1,256,198.00",98.29,United States,NASDAQ,USD,1.0,USD,-
LEU,CENTRUS ENERGY CORP CLASS A,Energy,Equity,122695425.0,0.16,"122,695,425.00","406,950.00",301.50,United States,New York Stock Exchange Inc.,USD,1.0,USD,-
MATX,MATSON INC,Industrials,Equity,122557781.58,0.16,"122,557,781.58","759,954.00",161.27,United States,New York Stock Exchange Inc.,USD,1.0,USD,-
NOVT,NOVANTA INC,Information Technology,Equity,122199381.64,0.16,"122,199,381.64","870,242.00",140.42,United States,NASDAQ,USD,1.0,USD,-
NPO,ENPRO INC,Industrials,Equity,122181600.0,0.16,"122,181,600.00","509,090.00",240.00,United States,New York Stock Exchange Inc.,USD,1.0,USD,-
CRNX,CRINETICS PHARMACEUTICALS INC,Health Care,Equity,121918311.28,0.16,"121,918,311.28","2,350,006.00",51.88,United States,NASDAQ,USD,1.0,USD,-
STEP,STEPSTONE GROUP INC CLASS A,Financials,Equity,121244470.2,0.16,"121,244,470.20","1,699,530.00",71.34,United States,NASDAQ,USD,1.0,USD,-
AROC,ARCHROCK INC,Energy,Equity,121065330.29,0.16,"121,065,330.29","4,150,337.00",29.17,United States,New York Stock Exchange Inc.,USD,1.0,USD,-
VSEC,VSE CORP,Industrials,Equity,120518802.92,0.16,"120,518,802.92","553,753.00",217.64,United States,NASDAQ,USD,1.0,USD,-
NJR,NEW JERSEY RESOURCES CORP,Utilities,Equity,120405429.84,0.16,"120,405,429.84","2,444,284.00",49.26,United States,New York Stock Exchange Inc.,USD,1.0,USD,-
SR,SPIRE INC,Utilities,Equity,120051951.16,0.16,"120,051,951.16","1,414,706.00",84.86,United States,New York Stock Exchange Inc.,USD,1.0,USD,-
EOSE,EOS ENERGY ENTERPRISES INC CLASS A,Industrials,Equity,119947101.66,0.16,"119,947,101.66","7,445,506.00",16.11,United States,NASDAQ,USD,1.0,USD,-
CNX,CNX RESOURCES CORP,Energy,Equity,118587016.0,0.16,"118,587,016.00","3,153,910.00",37.60,United States,New York Stock Exchange Inc.,USD,1.0,USD,-
CNR,CORE NATURAL RESOURCES INC,Energy,Equity,117687417.86,0.16,"117,687,417.86","1,227,701.00",95.86,United States,New York Stock Exchange Inc.,USD,1.0,USD,-
MTH,MERITAGE CORP,Consumer Discretionary,Equity,117152637.36,0.16,"117,152,637.36","1,674,566.00",69.96,United States,New York Stock Exchange Inc.,USD,1.0,USD,-
RDNT,RADNET INC,Health Care,Equity,116813061.42,0.16,"116,813,061.42","1,652,002.00",70.71,United States,NASDAQ,USD,1.0,USD,-
QLYS,QUALYS INC,Information Technology,Equity,116487693.72,0.16,"116,487,693.72","881,681.00",132.12,United States,NASDAQ,USD,1.0,USD,-
ATMU,ATMUS FILTRATION TECHNOLOGIES INC,Industrials,Equity,116339572.44,0.16,"116,339,572.44","2,007,239.00",57.96,United States,New York Stock Exchange Inc.,USD,1.0,USD,-
HRI,HERC HOLDINGS INC,Industrials,Equity,116062880.72,0.15,"116,062,880.72","789,436.00",147.02,United States,New York Stock Exchange Inc.,USD,1.0,USD,-
CVCO,CAVCO INDUSTRIES INC,Consumer Discretionary,Equity,115849792.5,0.15,"115,849,792.50","187,611.00",617.50,United States,NASDAQ,USD,1.0,USD,-
MAC,MACERICH REIT,Real Estate,Equity,115821080.96,0.15,"115,821,080.96","6,200,272.00",18.68,United States,New York Stock Exchange Inc.,USD,1.0,USD,-
HCC,WARRIOR MET COAL INC,Materials,Equity,115813489.08,0.15,"115,813,489.08","1,257,612.00",92.09,United States,New York Stock Exchange Inc.,USD,1.0,USD,-
SLAB,SILICON LABORATORIES INC,Information Technology,Equity,115622111.56,0.15,"115,622,111.56","789,014.00",146.54,United States,NASDAQ,USD,1.0,USD,-
SKY,CHAMPION HOMES INC,Consumer Discretionary,Equity,115282663.48,0.15,"115,282,663.48","1,364,938.00",84.46,United States,New York Stock Exchange Inc.,USD,1.0,USD,-
AGX,ARGAN INC,Industrials,Equity,115126580.85,0.15,"115,126,580.85","323,835.00",355.51,United States,New York Stock Exchange Inc.,USD,1.0,USD,-
IRTC,IRHYTHM HOLDINGS INC,Health Care,Equity,114737794.96,0.15,"114,737,794.96","770,104.00",148.99,United States,NASDAQ,USD,1.0,USD,-
OGS,ONE GAS INC,Utilities,Equity,114707627.87,0.15,"114,707,627.87","1,450,343.00",79.09,United States,New York Stock Exchange Inc.,USD,1.0,USD,-
BDC,BELDEN INC,Information Technology,Equity,113657327.74,0.15,"113,657,327.74","949,201.00",119.74,United States,New York Stock Exchange Inc.,USD,1.0,USD,-
MMSI,MERIT MEDICAL SYSTEMS INC,Health Care,Equity,113416431.6,0.15,"113,416,431.60","1,413,465.00",80.24,United States,NASDAQ,USD,1.0,USD,-
ACHR,ARCHER AVIATION INC CLASS A,Industrials,Equity,113186368.71,0.15,"113,186,368.71","15,233,697.00",7.43,United States,New York Stock Exchange Inc.,USD,1.0,USD,-
TMDX,TRANSMEDICS GROUP INC,Health Care,Equity,112580013.91,0.15,"112,580,013.91","810,103.00",138.97,United States,NASDAQ,USD,1.0,USD,-
TCBI,TEXAS CAPITAL BANCSHARES INC,Financials,Equity,112204726.24,0.15,"112,204,726.24","1,110,608.00",101.03,United States,NASDAQ,USD,1.0,USD,-
CRSP,CRISPR THERAPEUTICS AG,Health Care,Equity,112129963.0,0.15,"112,129,963.00","2,101,780.00",53.35,United States,NASDAQ,USD,1.0,USD,-
ASB,ASSOCIATED BANCORP,Financials,Equity,111949184.1,0.15,"111,949,184.10","4,093,206.00",27.35,United States,New York Stock Exchange Inc.,USD,1.0,USD,-
PTGX,PROTAGONIST THERAPEUTICS INC,Health Care,Equity,111649187.93,0.15,"111,649,187.93","1,400,341.00",79.73,United States,NASDAQ,USD,1.0,USD,-
MGY,MAGNOLIA OIL GAS CORP CLASS A,Energy,Equity,111545548.35,0.15,"111,545,548.35","4,369,195.00",25.53,United States,New York Stock Exchange Inc.,USD,1.0,USD,-
ABG,ASBURY AUTOMOTIVE GROUP INC,Consumer Discretionary,Equity,111425411.6,0.15,"111,425,411.60","469,753.00",237.20,United States,New York Stock Exchange Inc.,USD,1.0,USD,-
PECO,PHILLIPS EDISON AND COMPANY INC,Real Estate,Equity,110761479.64,0.15,"110,761,479.64","3,078,418.00",35.98,United States,NASDAQ,USD,1.0,USD,-
RIG,TRANSOCEAN LTD,Energy,Equity,110548729.68,0.15,"110,548,729.68","22,469,254.00",4.92,United States,New York Stock Exchange Inc.,USD,1.0,USD,-
ITRI,ITRON INC,Information Technology,Equity,109904823.16,0.15,"109,904,823.16","1,096,964.00",100.19,United States,NASDAQ,USD,1.0,USD,-
NE,NOBLE CORPORATION PLC,Energy,Equity,109652214.49,0.15,"109,652,214.49","3,045,049.00",36.01,United States,New York Stock Exchange Inc.,USD,1.0,USD,-
EBC,EASTERN BANKSHARES INC,Financials,Equity,109394844.65,0.15,"109,394,844.65","5,359,865.00",20.41,United States,NASDAQ,USD,1.0,USD,-
RDN,RADIAN GROUP INC,Financials,Equity,108998290.8,0.15,"108,998,290.80","3,285,060.00",33.18,United States,New York Stock Exchange Inc.,USD,1.0,USD,-
ACIW,ACI WORLDWIDE INC,Information Technology,Equity,108646660.8,0.14,"108,646,660.80","2,514,969.00",43.20,United States,NASDAQ,USD,1.0,USD,-
GPI,GROUP AUTOMOTIVE INC,Consumer Discretionary,Equity,107971099.6,0.14,"107,971,099.60","297,310.00",363.16,United States,New York Stock Exchange Inc.,USD,1.0,USD,-
LNTH,LANTHEUS HOLDINGS INC,Health Care,Equity,107844297.88,0.14,"107,844,297.88","1,617,341.00",66.68,United States,NASDAQ,USD,1.0,USD,-
CSW,CSW INDUSTRIALS INC,Industrials,Equity,107779856.76,0.14,"107,779,856.76","392,841.00",274.36,United States,New York Stock Exchange Inc.,USD,1.0,USD,-
BTSG,BRIGHTSPRING HEALTH SERVICES INC,Health Care,Equity,107303613.2,0.14,"107,303,613.20","2,694,040.00",39.83,United States,NASDAQ,USD,1.0,USD,-
TDS,TELEPHONE AND DATA SYSTEMS INC,Communication,Equity,107268924.88,0.14,"107,268,924.88","2,398,679.00",44.72,United States,New York Stock Exchange Inc.,USD,1.0,USD,-
SBRA,SABRA HEALTH CARE REIT INC,Real Estate,Equity,106935294.88,0.14,"106,935,294.88","5,774,044.00",18.52,United States,NASDAQ,USD,1.0,USD,-
RUN,SUNRUN INC,Industrials,Equity,106798156.4,0.14,"106,798,156.40","5,404,765.00",19.76,United States,NASDAQ,USD,1.0,USD,-
BTU,PEABODY ENERGY CORP,Energy,Equity,106775675.47,0.14,"106,775,675.47","2,955,319.00",36.13,United States,New York Stock Exchange Inc.,USD,1.0,USD,-
LTH,LIFE TIME GROUP HOLDINGS INC,Consumer Discretionary,Equity,106705560.42,0.14,"106,705,560.42","3,636,863.00",29.34,United States,New York Stock Exchange Inc.,USD,1.0,USD,-
WULF,TERAWULF INC,Information Technology,Equity,106617341.68,0.14,"106,617,341.68","7,332,692.00",14.54,United States,NASDAQ,USD,1.0,USD,-
LAUR,LAUREATE EDUCATION INC,Consumer Discretionary,Equity,106391862.72,0.14,"106,391,862.72","3,099,996.00",34.32,United States,NASDAQ,USD,1.0,USD,-
PFSI,PENNYMAC FINANCIAL SERVICES INC,Financials,Equity,105835355.1,0.14,"105,835,355.10","706,983.00",149.70,United States,New York Stock Exchange Inc.,USD,1.0,USD,-
ANF,ABERCROMBIE AND FITCH CLASS A,Consumer Discretionary,Equity,105630490.2,0.14,"105,630,490.20","1,125,165.00",93.88,United States,New York Stock Exchange Inc.,USD,1.0,USD,-
MC,MOELIS CLASS A,Financials,Equity,105511745.61,0.14,"105,511,745.61","1,470,957.00",71.73,United States,New York Stock Exchange Inc.,USD,1.0,USD,-
POWL,POWELL INDUSTRIES INC,Industrials,Equity,105358005.54,0.14,"105,358,005.54","230,578.00",456.93,United States,NASDAQ,USD,1.0,USD,-
OSIS,OSI SYSTEMS INC,Information Technology,Equity,105260100.72,0.14,"105,260,100.72","390,228.00",269.74,United States,NASDAQ,USD,1.0,USD,-
TGTX,TG THERAPEUTICS INC,Health Care,Equity,105017850.0,0.14,"105,017,850.00","3,500,595.00",30.00,United States,NASDAQ,USD,1.0,USD,-
REZI,RESIDEO TECHNOLOGIES INC,Industrials,Equity,104925310.05,0.14,"104,925,310.05","3,118,137.00",33.65,United States,New York Stock Exchange Inc.,USD,1.0,USD,-
FTDR,FRONTDOOR INC,Consumer Discretionary,Equity,104505225.62,0.14,"104,505,225.62","1,766,186.00",59.17,United States,NASDAQ,USD,1.0,USD,-
IESC,IES INC,Industrials,Equity,104291750.62,0.14,"104,291,750.62","219,742.00",474.61,United States,NASDAQ,USD,1.0,USD,-
URBN,URBAN OUTFITTERS INC,Consumer Discretionary,Equity,103714571.84,0.14,"103,714,571.84","1,482,272.00",69.97,United States,NASDAQ,USD,1.0,USD,-
BMI,BADGER METER INC,Information Technology,Equity,103479818.4,0.14,"103,479,818.40","716,520.00",144.42,United States,New York Stock Exchange Inc.,USD,1.0,USD,-
HASI,HA SUSTAINABLE INFRASTRUCTURE CAPI,Financials,Equity,103418609.79,0.14,"103,418,609.79","2,943,883.00",35.13,United States,New York Stock Exchange Inc.,USD,1.0,USD,-
UCB,UNITED COMMUNITY BANKS INC,Financials,Equity,103203039.7,0.14,"103,203,039.70","2,974,151.00",34.70,United States,New York Stock Exchange Inc.,USD,1.0,USD,-
FFIN,FIRST FINANCIAL BANKSHARES INC,Financials,Equity,102930293.25,0.14,"102,930,293.25","3,241,899.00",31.75,United States,NASDAQ,USD,1.0,USD,-
INDV,INDIVIOR PHARMACEUTICALS INC,Health Care,Equity,102869575.77,0.14,"102,869,575.77","2,963,687.00",34.71,United States,NASDAQ,USD,1.0,USD,-
SFBS,SERVISFIRST BANCSHARES INC,Financials,Equity,102552900.15,0.14,"102,552,900.15","1,249,883.00",82.05,United States,New York Stock Exchange Inc.,USD,1.0,USD,-
FOLD,AMICUS THERAPEUTICS INC,Health Care,Equity,102243379.86,0.14,"102,243,379.86","7,164,918.00",14.27,United States,NASDAQ,USD,1.0,USD,-
MUR,MURPHY OIL CORP,Energy,Equity,101911941.6,0.14,"101,911,941.60","3,279,020.00",31.08,United States,New York Stock Exchange Inc.,USD,1.0,USD,-
PATK,PATRICK INDUSTRIES INC,Consumer Discretionary,Equity,101813988.24,0.14,"101,813,988.24","786,087.00",129.52,United States,NASDAQ,USD,1.0,USD,-
STNE,STONECO LTD CLASS A,Financials,Equity,101693029.68,0.14,"101,693,029.68","6,082,119.00",16.72,Brazil,NASDAQ,USD,1.0,USD,-
MIRM,MIRUM PHARMACEUTICALS INC,Health Care,Equity,101361070.76,0.14,"101,361,070.76","984,853.00",102.92,United States,NASDAQ,USD,1.0,USD,-
NWE,NORTHWESTERN ENERGY GROUP INC,Utilities,Equity,100956914.29,0.13,"100,956,914.29","1,492,783.00",67.63,United States,NASDAQ,USD,1.0,USD,-
MWA,MUELLER WATER PRODUCTS INC SERIES,Industrials,Equity,100916419.7,0.13,"100,916,419.70","3,739,030.00",26.99,United States,New York Stock Exchange Inc.,USD,1.0,USD,-
KYMR,KYMERA THERAPEUTICS INC,Health Care,Equity,100658176.82,0.13,"100,658,176.82","1,361,902.00",73.91,United States,NASDAQ,USD,1.0,USD,-
AIR,AAR CORP,Industrials,Equity,100316094.78,0.13,"100,316,094.78","940,434.00",106.67,United States,New York Stock Exchange Inc.,USD,1.0,USD,-
FLG,FLAGSTAR BANK NATIONAL ASSOCIATION,Financials,Equity,99397938.86,0.13,"99,397,938.86","7,341,059.00",13.54,United States,New York Stock Exchange Inc.,USD,1.0,USD,-
CNO,CNO FINANCIAL GROUP INC,Financials,Equity,99371373.97,0.13,"99,371,373.97","2,376,737.00",41.81,United States,New York Stock Exchange Inc.,USD,1.0,USD,-
SKYW,SKYWEST INC,Industrials,Equity,99322737.8,0.13,"99,322,737.80","978,260.00",101.53,United States,NASDAQ,USD,1.0,USD,-
PJT,PJT PARTNERS INC CLASS A,Financials,Equity,98409447.22,0.13,"98,409,447.22","564,242.00",174.41,United States,New York Stock Exchange Inc.,USD,1.0,USD,-
INDB,INDEPENDENT BANK CORP,Financials,Equity,97578764.71,0.13,"97,578,764.71","1,211,707.00",80.53,United States,NASDAQ,USD,1.0,USD,-
SXT,SENSIENT TECHNOLOGIES CORP,Materials,Equity,97269558.4,0.13,"97,269,558.40","1,017,464.00",95.60,United States,New York Stock Exchange Inc.,USD,1.0,USD,-
IRT,INDEPENDENCE REALTY INC TRUST,Real Estate,Equity,97116795.9,0.13,"97,116,795.90","5,815,377.00",16.70,United States,New York Stock Exchange Inc.,USD,1.0,USD,-
VISN,VISTANCE NETWORKS INC,Information Technology,Equity,97061221.66,0.13,"97,061,221.66","5,257,921.00",18.46,United States,NASDAQ,USD,1.0,USD,-
LBRT,LIBERTY ENERGY INC CLASS A,Energy,Equity,96589390.24,0.13,"96,589,390.24","3,811,736.00",25.34,United States,New York Stock Exchange Inc.,USD,1.0,USD,-
ENVA,ENOVA INTERNATIONAL INC,Financials,Equity,96401724.9,0.13,"96,401,724.90","583,899.00",165.10,United States,New York Stock Exchange Inc.,USD,1.0,USD,-
PI,IMPINJ INC,Information Technology,Equity,96232136.6,0.13,"96,232,136.60","651,097.00",147.80,United States,NASDAQ,USD,1.0,USD,-
GLNG,GOLAR LNG LTD,Energy,Equity,96192298.74,0.13,"96,192,298.74","2,346,726.00",40.99,Norway,NASDAQ,USD,1.0,USD,-
KNF,KNIFE RIVER CORP,Materials,Equity,96051108.96,0.13,"96,051,108.96","1,378,856.00",69.66,United States,New York Stock Exchange Inc.,USD,1.0,USD,-
ADMA,ADMA BIOLOGICS INC,Health Care,Equity,95060436.03,0.13,"95,060,436.03","5,588,503.00",17.01,United States,NASDAQ,USD,1.0,USD,-
VICR,VICOR CORP,Industrials,Equity,94931563.2,0.13,"94,931,563.20","553,440.00",171.53,United States,NASDAQ,USD,1.0,USD,-
MYRG,MYR GROUP INC,Industrials,Equity,94828762.84,0.13,"94,828,762.84","372,374.00",254.66,United States,NASDAQ,USD,1.0,USD,-
CVLT,COMMVAULT SYSTEMS INC,Information Technology,Equity,94406812.5,0.13,"94,406,812.50","1,078,935.00",87.50,United States,NASDAQ,USD,1.0,USD,-
VSCO,VICTORIA S SECRET,Consumer Discretionary,Equity,93798320.0,0.12,"93,798,320.00","1,674,970.00",56.00,United States,New York Stock Exchange Inc.,USD,1.0,USD,-
CBT,CABOT CORP,Materials,Equity,93139212.63,0.12,"93,139,212.63","1,289,481.00",72.23,United States,New York Stock Exchange Inc.,USD,1.0,USD,-
ATGE,ADTALEM GLOBAL EDUCATION INC,Consumer Discretionary,Equity,93091202.7,0.12,"93,091,202.70","863,715.00",107.78,United States,New York Stock Exchange Inc.,USD,1.0,USD,-
RUSHA,RUSH ENTERPRISES INC CLASS A,Industrials,Equity,93081235.9,0.12,"93,081,235.90","1,470,710.00",63.29,United States,NASDAQ,USD,1.0,USD,-
IBOC,INTERNATIONAL BANCSHARES CORP,Financials,Equity,92908757.74,0.12,"92,908,757.74","1,341,449.00",69.26,United States,NASDAQ,USD,1.0,USD,-
DOCN,DIGITALOCEAN HOLDINGS INC,Information Technology,Equity,92734786.59,0.12,"92,734,786.59","1,652,143.00",56.13,United States,New York Stock Exchange Inc.,USD,1.0,USD,-
CRC,CALIFORNIA RESOURCES CORP,Energy,Equity,92411944.24,0.12,"92,411,944.24","1,764,934.00",52.36,United States,New York Stock Exchange Inc.,USD,1.0,USD,-
WHD,CACTUS INC CLASS A,Energy,Equity,92350137.88,0.12,"92,350,137.88","1,652,651.00",55.88,United States,New York Stock Exchange Inc.,USD,1.0,USD,-
WK,WORKIVA INC CLASS A,Information Technology,Equity,92277928.95,0.12,"92,277,928.95","1,209,885.00",76.27,United States,New York Stock Exchange Inc.,USD,1.0,USD,-
QTWO,Q2 HOLDINGS INC,Information Technology,Equity,92220686.61,0.12,"92,220,686.61","1,501,721.00",61.41,United States,New York Stock Exchange Inc.,USD,1.0,USD,-
FULT,FULTON FINANCIAL CORP,Financials,Equity,91972851.36,0.12,"91,972,851.36","4,456,049.00",20.64,United States,NASDAQ,USD,1.0,USD,-
ALHC,ALIGNMENT HEALTHCARE INC,Health Care,Equity,91672155.0,0.12,"91,672,155.00","4,074,318.00",22.50,United States,NASDAQ,USD,1.0,USD,-
KAI,KADANT INC,Industrials,Equity,91638241.24,0.12,"91,638,241.24","282,869.00",323.96,United States,New York Stock Exchange Inc.,USD,1.0,USD,-
NHI,NATIONAL HEALTH INVESTORS REIT INC,Real Estate,Equity,91368800.94,0.12,"91,368,800.94","1,131,222.00",80.77,United States,New York Stock Exchange Inc.,USD,1.0,USD,-
WSFS,WSFS FINANCIAL CORP,Financials,Equity,91247886.64,0.12,"91,247,886.64","1,409,887.00",64.72,United States,NASDAQ,USD,1.0,USD,-
FELE,FRANKLIN ELECTRIC INC,Industrials,Equity,91233243.15,0.12,"91,233,243.15","925,005.00",98.63,United States,NASDAQ,USD,1.0,USD,-
LGND,LIGAND PHARMACEUTICALS INC,Health Care,Equity,91077641.86,0.12,"91,077,641.86","466,658.00",195.17,United States,NASDAQ,USD,1.0,USD,-
TEX,TEREX CORP,Industrials,Equity,89986683.36,0.12,"89,986,683.36","1,560,102.00",57.68,United States,New York Stock Exchange Inc.,USD,1.0,USD,-
RNST,RENASANT CORP,Financials,Equity,89863147.32,0.12,"89,863,147.32","2,362,333.00",38.04,United States,New York Stock Exchange Inc.,USD,1.0,USD,-
AEO,AMERICAN EAGLE OUTFITTERS INC,Consumer Discretionary,Equity,89761984.83,0.12,"89,761,984.83","3,850,793.00",23.31,United States,New York Stock Exchange Inc.,USD,1.0,USD,-
GHC,GRAHAM HOLDINGS COMPANY CLASS B,Consumer Discretionary,Equity,89700819.9,0.12,"89,700,819.90","77,565.00","1,156.46",United States,New York Stock Exchange Inc.,USD,1.0,USD,-
PSMT,PRICESMART INC,Consumer Staples,Equity,89534658.5,0.12,"89,534,658.50","617,225.00",145.06,United States,NASDAQ,USD,1.0,USD,-
SKT,TANGER INC,Real Estate,Equity,89418773.7,0.12,"89,418,773.70","2,717,070.00",32.91,United States,New York Stock Exchange Inc.,USD,1.0,USD,-
SRRK,SCHOLAR ROCK HOLDING CORP,Health Care,Equity,88841293.64,0.12,"88,841,293.64","1,977,767.00",44.92,United States,NASDAQ,USD,1.0,USD,-
AZZ,AZZ INC,Industrials,Equity,88792434.7,0.12,"88,792,434.70","710,510.00",124.97,United States,New York Stock Exchange Inc.,USD,1.0,USD,-
ASO,ACADEMY SPORTS AND OUTDOORS INC,Consumer Discretionary,Equity,88655718.4,0.12,"88,655,718.40","1,601,440.00",55.36,United States,NASDAQ,USD,1.0,USD,-
VAL,VALARIS LTD,Energy,Equity,88651675.02,0.12,"88,651,675.02","1,507,938.00",58.79,United States,New York Stock Exchange Inc.,USD,1.0,USD,-
MARA,MARA HOLDINGS INC,Information Technology,Equity,88615773.86,0.12,"88,615,773.86","8,987,401.00",9.86,United States,NASDAQ,USD,1.0,USD,-
SIG,SIGNET JEWELERS LTD,Consumer Discretionary,Equity,88586873.7,0.12,"88,586,873.70","966,578.00",91.65,United States,New York Stock Exchange Inc.,USD,1.0,USD,-
ZETA,ZETA GLOBAL HOLDINGS CORP CLASS A,Information Technology,Equity,88565836.92,0.12,"88,565,836.92","4,548,836.00",19.47,United States,New York Stock Exchange Inc.,USD,1.0,USD,-
OUT,OUTFRONT MEDIA INC,Real Estate,Equity,88214375.44,0.12,"88,214,375.44","3,588,868.00",24.58,United States,New York Stock Exchange Inc.,USD,1.0,USD,-
KBH,KB HOME,Consumer Discretionary,Equity,88047417.42,0.12,"88,047,417.42","1,523,839.00",57.78,United States,New York Stock Exchange Inc.,USD,1.0,USD,-
CALM,CAL MAINE FOODS INC,Consumer Staples,Equity,87915795.0,0.12,"87,915,795.00","1,065,646.00",82.50,United States,NASDAQ,USD,1.0,USD,-
BKU,BANKUNITED INC,Financials,Equity,87749516.86,0.12,"87,749,516.86","1,842,703.00",47.62,United States,New York Stock Exchange Inc.,USD,1.0,USD,-
ICUI,ICU MEDICAL INC,Health Care,Equity,87501396.78,0.12,"87,501,396.78","583,226.00",150.03,United States,NASDAQ,USD,1.0,USD,-
PRM,PERIMETER SOLUTIONS INC,Materials,Equity,87444523.2,0.12,"87,444,523.20","3,365,840.00",25.98,United States,New York Stock Exchange Inc.,USD,1.0,USD,-
CELC,CELCUITY INC,Health Care,Equity,87028104.6,0.12,"87,028,104.60","776,205.00",112.12,United States,NASDAQ,USD,1.0,USD,-
EXPO,EXPONENT INC,Industrials,Equity,86650741.32,0.12,"86,650,741.32","1,212,068.00",71.49,United States,NASDAQ,USD,1.0,USD,-
FBP,FIRST BANCORP,Financials,Equity,86591975.4,0.12,"86,591,975.40","3,911,110.00",22.14,United States,New York Stock Exchange Inc.,USD,1.0,USD,-
LRN,STRIDE INC,Consumer Discretionary,Equity,86407070.64,0.12,"86,407,070.64","1,028,166.00",84.04,United States,New York Stock Exchange Inc.,USD,1.0,USD,-
BOX,BOX INC CLASS A,Information Technology,Equity,86331469.24,0.12,"86,331,469.24","3,386,876.00",25.49,United States,New York Stock Exchange Inc.,USD,1.0,USD,-
TPC,TUTOR PERINI CORP,Industrials,Equity,86065840.74,0.11,"86,065,840.74","1,077,709.00",79.86,United States,New York Stock Exchange Inc.,USD,1.0,USD,-
MHO,M I HOMES INC,Consumer Discretionary,Equity,85702544.72,0.11,"85,702,544.72","628,456.00",136.37,United States,New York Stock Exchange Inc.,USD,1.0,USD,-
GRAL,GRAIL INC,Health Care,Equity,85602159.72,0.11,"85,602,159.72","847,714.00",100.98,United States,NASDAQ,USD,1.0,USD,-
KFY,KORN FERRY,Industrials,Equity,85441730.25,0.11,"85,441,730.25","1,270,509.00",67.25,United States,New York Stock Exchange Inc.,USD,1.0,USD,-
VRNS,VARONIS SYSTEMS INC,Information Technology,Equity,85420497.63,0.11,"85,420,497.63","2,794,259.00",30.57,United States,NASDAQ,USD,1.0,USD,-
UPST,UPSTART HOLDINGS INC,Financials,Equity,85257186.18,0.11,"85,257,186.18","2,052,906.00",41.53,United States,NASDAQ,USD,1.0,USD,-
LCII,LCI INDUSTRIES,Consumer Discretionary,Equity,85190069.58,0.11,"85,190,069.58","570,291.00",149.38,United States,New York Stock Exchange Inc.,USD,1.0,USD,-
LIVN,LIVANOVA PLC,Health Care,Equity,85093650.0,0.11,"85,093,650.00","1,315,000.00",64.71,United States,NASDAQ,USD,1.0,USD,-
BNL,BROADSTONE NET LEASE INC,Real Estate,Equity,84568352.44,0.11,"84,568,352.44","4,603,612.00",18.37,United States,New York Stock Exchange Inc.,USD,1.0,USD,-
CLSK,CLEANSPARK INC,Information Technology,Equity,84314575.32,0.11,"84,314,575.32","6,696,948.00",12.59,United States,NASDAQ,USD,1.0,USD,-
CDP,COPT DEFENSE PROPERTIES,Real Estate,Equity,83444068.14,0.11,"83,444,068.14","2,762,134.00",30.21,United States,New York Stock Exchange Inc.,USD,1.0,USD,-
KGS,KODIAK GAS SERVICES INC,Energy,Equity,83238314.04,0.11,"83,238,314.04","2,025,756.00",41.09,United States,New York Stock Exchange Inc.,USD,1.0,USD,-
PII,POLARIS INC,Consumer Discretionary,Equity,83129775.96,0.11,"83,129,775.96","1,285,247.00",64.68,United States,New York Stock Exchange Inc.,USD,1.0,USD,-
SHAK,SHAKE SHACK INC CLASS A,Consumer Discretionary,Equity,82515976.86,0.11,"82,515,976.86","937,362.00",88.03,United States,New York Stock Exchange Inc.,USD,1.0,USD,-
CATY,CATHAY GENERAL BANCORP,Financials,Equity,82515919.26,0.11,"82,515,919.26","1,627,854.00",50.69,United States,NASDAQ,USD,1.0,USD,-
DAN,DANA INCORPORATED INC,Consumer Discretionary,Equity,82401934.0,0.11,"82,401,934.00","2,841,446.00",29.00,United States,New York Stock Exchange Inc.,USD,1.0,USD,-
GNW,GENWORTH FINANCIAL INC,Financials,Equity,82155998.4,0.11,"82,155,998.40","9,780,476.00",8.40,United States,New York Stock Exchange Inc.,USD,1.0,USD,-
OTTR,OTTER TAIL CORP,Utilities,Equity,82116984.64,0.11,"82,116,984.64","931,454.00",88.16,United States,NASDAQ,USD,1.0,USD,-
SOUN,SOUNDHOUND AI INC CLASS A,Information Technology,Equity,81986988.32,0.11,"81,986,988.32","9,029,404.00",9.08,United States,NASDAQ,USD,1.0,USD,-
DORM,DORMAN PRODUCTS INC,Consumer Discretionary,Equity,81695259.6,0.11,"81,695,259.60","661,768.00",123.45,United States,NASDAQ,USD,1.0,USD,-
SPSC,SPS COMMERCE INC,Information Technology,Equity,81613937.7,0.11,"81,613,937.70","917,526.00",88.95,United States,NASDAQ,USD,1.0,USD,-
WSBC,WESBANCO INC,Financials,Equity,81478252.96,0.11,"81,478,252.96","2,312,752.00",35.23,United States,NASDAQ,USD,1.0,USD,-
BKD,BROOKDALE SENIOR LIVING INC,Health Care,Equity,81357122.0,0.11,"81,357,122.00","5,610,836.00",14.50,United States,New York Stock Exchange Inc.,USD,1.0,USD,-
MZTI,MARZETTI,Consumer Staples,Equity,80891536.32,0.11,"80,891,536.32","482,704.00",167.58,United States,NASDAQ,USD,1.0,USD,-
SYNA,SYNAPTICS INC,Information Technology,Equity,80568856.83,0.11,"80,568,856.83","938,047.00",85.89,United States,NASDAQ,USD,1.0,USD,-
NG,NOVAGOLD RESOURCES INC,Materials,Equity,80406858.42,0.11,"80,406,858.42","7,323,029.00",10.98,Canada,Nyse Mkt Llc,USD,1.0,USD,-
CBU,COMMUNITY FINANCIAL SYSTEM INC,Financials,Equity,80308205.04,0.11,"80,308,205.04","1,286,166.00",62.44,United States,New York Stock Exchange Inc.,USD,1.0,USD,-
FIBK,FIRST INTERSTATE BANCSYSTEM INC,Financials,Equity,80078506.04,0.11,"80,078,506.04","2,215,786.00",36.14,United States,NASDAQ,USD,1.0,USD,-
AVNT,AVIENT CORP,Materials,Equity,79930640.79,0.11,"79,930,640.79","2,219,679.00",36.01,United States,New York Stock Exchange Inc.,USD,1.0,USD,-
AVA,AVISTA CORP,Utilities,Equity,79475970.22,0.11,"79,475,970.22","1,948,418.00",40.79,United States,New York Stock Exchange Inc.,USD,1.0,USD,-
GSAT,GLOBALSTAR VOTING INC,Communication,Equity,79223079.75,0.11,"79,223,079.75","1,225,415.00",64.65,United States,NASDAQ,USD,1.0,USD,-
FUL,HB FULLER,Materials,Equity,79081376.64,0.11,"79,081,376.64","1,309,728.00",60.38,United States,New York Stock Exchange Inc.,USD,1.0,USD,-
KTB,KONTOOR BRANDS INC,Consumer Discretionary,Equity,79047025.2,0.11,"79,047,025.20","1,330,758.00",59.40,United States,New York Stock Exchange Inc.,USD,1.0,USD,-
BGC,BGC GROUP INC CLASS A,Financials,Equity,78821638.65,0.11,"78,821,638.65","8,806,887.00",8.95,United States,NASDAQ,USD,1.0,USD,-
HP,HELMERICH & PAYNE INC,Energy,Equity,78738263.9,0.1,"78,738,263.90","2,336,447.00",33.70,United States,New York Stock Exchange Inc.,USD,1.0,USD,-
PLMR,PALOMAR HOLDINGS INC,Financials,Equity,78265579.41,0.1,"78,265,579.41","635,221.00",123.21,United States,NASDAQ,USD,1.0,USD,-
PCH,POTLATCHDELTIC CORP,Real Estate,Equity,78158325.21,0.1,"78,158,325.21","1,873,851.00",41.71,United States,NASDAQ,USD,1.0,USD,-
SLG,SL GREEN REALTY REIT CORP,Real Estate,Equity,77438847.44,0.1,"77,438,847.44","1,738,636.00",44.54,United States,New York Stock Exchange Inc.,USD,1.0,USD,-
ACAD,ACADIA PHARMACEUTICALS INC,Health Care,Equity,77246978.3,0.1,"77,246,978.30","3,005,719.00",25.70,United States,NASDAQ,USD,1.0,USD,-
GPOR,GULFPORT ENERGY CORP,Energy,Equity,77192711.04,0.1,"77,192,711.04","385,347.00",200.32,United States,New York Stock Exchange Inc.,USD,1.0,USD,-
CSTM,CONSTELLIUM SE CLASS A,Materials,Equity,76851599.86,0.1,"76,851,599.86","3,316,858.00",23.17,United States,New York Stock Exchange Inc.,USD,1.0,USD,-
OPLN,OPENLANE INC,Industrials,Equity,76778365.86,0.1,"76,778,365.86","2,544,858.00",30.17,United States,New York Stock Exchange Inc.,USD,1.0,USD,-
HAE,HAEMONETICS CORP,Health Care,Equity,76704026.52,0.1,"76,704,026.52","1,162,887.00",65.96,United States,New York Stock Exchange Inc.,USD,1.0,USD,-
REVG,REV GROUP INC,Industrials,Equity,76423723.6,0.1,"76,423,723.60","1,172,143.00",65.20,United States,New York Stock Exchange Inc.,USD,1.0,USD,-
SHOO,STEVEN MADDEN LTD,Consumer Discretionary,Equity,76289332.95,0.1,"76,289,332.95","1,735,821.00",43.95,United States,NASDAQ,USD,1.0,USD,-
XENE,XENON PHARMACEUTICALS INC,Health Care,Equity,76194961.92,0.1,"76,194,961.92","1,824,592.00",41.76,United States,NASDAQ,USD,1.0,USD,-
VRRM,VERRA MOBILITY CORP CLASS A,Industrials,Equity,75857965.2,0.1,"75,857,965.20","3,872,280.00",19.59,United States,NASDAQ,USD,1.0,USD,-
PBH,PRESTIGE CONSUMER HEALTHCARE INC,Health Care,Equity,75795240.6,0.1,"75,795,240.60","1,186,154.00",63.90,United States,New York Stock Exchange Inc.,USD,1.0,USD,-
GFF,GRIFFON CORP,Industrials,Equity,75605277.93,0.1,"75,605,277.93","924,609.00",81.77,United States,New York Stock Exchange Inc.,USD,1.0,USD,-
BXMT,BLACKSTONE MORTGAGE TRUST REIT CLA,Financials,Equity,75589655.94,0.1,"75,589,655.94","3,890,358.00",19.43,United States,New York Stock Exchange Inc.,USD,1.0,USD,-
VCTR,VICTORY CAPITAL HOLDINGS CLASS A I,Financials,Equity,75479203.84,0.1,"75,479,203.84","1,081,984.00",69.76,United States,NASDAQ,USD,1.0,USD,-
TBBK,BANCORP INC,Financials,Equity,75043003.11,0.1,"75,043,003.11","1,063,987.00",70.53,United States,NASDAQ,USD,1.0,USD,-
BOH,BANK OF HAWAII CORP,Financials,Equity,74232215.91,0.1,"74,232,215.91","985,427.00",75.33,United States,New York Stock Exchange Inc.,USD,1.0,USD,-
TDW,TIDEWATER INC,Energy,Equity,74163072.13,0.1,"74,163,072.13","1,187,179.00",62.47,United States,New York Stock Exchange Inc.,USD,1.0,USD,-
RRR,RED ROCK RESORTS ORS CLASS A INC,Consumer Discretionary,Equity,74065013.05,0.1,"74,065,013.05","1,185,989.00",62.45,United States,NASDAQ,USD,1.0,USD,-
UNF,UNIFIRST CORP,Industrials,Equity,73944956.25,0.1,"73,944,956.25","352,875.00",209.55,United States,New York Stock Exchange Inc.,USD,1.0,USD,-
NMIH,NMI HOLDINGS INC,Financials,Equity,73880166.4,0.1,"73,880,166.40","1,904,128.00",38.80,United States,NASDAQ,USD,1.0,USD,-
TGNA,TEGNA INC,Communication,Equity,73481054.4,0.1,"73,481,054.40","3,892,005.00",18.88,United States,New York Stock Exchange Inc.,USD,1.0,USD,-
BCC,BOISE CASCADE,Industrials,Equity,73330361.5,0.1,"73,330,361.50","913,205.00",80.30,United States,New York Stock Exchange Inc.,USD,1.0,USD,-
WDFC,WD-40,Consumer Staples,Equity,73287254.92,0.1,"73,287,254.92","324,524.00",225.83,United States,NASDAQ,USD,1.0,USD,-
VCYT,VERACYTE INC,Health Care,Equity,73025597.32,0.1,"73,025,597.32","1,885,018.00",38.74,United States,NASDAQ,USD,1.0,USD,-
OII,OCEANEERING INTERNATIONAL INC,Energy,Equity,72686825.6,0.1,"72,686,825.60","2,391,014.00",30.40,United States,New York Stock Exchange Inc.,USD,1.0,USD,-
HNI,HNI CORP,Industrials,Equity,72652194.16,0.1,"72,652,194.16","1,535,338.00",47.32,United States,New York Stock Exchange Inc.,USD,1.0,USD,-
FFBC,FIRST FINANCIAL BANCORP,Financials,Equity,72626457.6,0.1,"72,626,457.60","2,521,752.00",28.80,United States,NASDAQ,USD,1.0,USD,-
KLIC,KULICKE AND SOFFA INDUSTRIES INC,Information Technology,Equity,72571877.95,0.1,"72,571,877.95","1,233,167.00",58.85,United States,NASDAQ,USD,1.0,USD,-
SBCF,SEACOAST BANKING OF FLORIDA,Financials,Equity,72264897.56,0.1,"72,264,897.56","2,117,963.00",34.12,United States,NASDAQ,USD,1.0,USD,-
ITGR,INTEGER HOLDINGS CORP,Health Care,Equity,71921249.56,0.1,"71,921,249.56","831,748.00",86.47,United States,New York Stock Exchange Inc.,USD,1.0,USD,-
CGON,CG ONCOLOGY INC,Health Care,Equity,71768167.4,0.1,"71,768,167.40","1,343,470.00",53.42,United States,NASDAQ,USD,1.0,USD,-
OSCR,OSCAR HEALTH INC CLASS A,Financials,Equity,71083402.16,0.09,"71,083,402.16","4,761,112.00",14.93,United States,New York Stock Exchange Inc.,USD,1.0,USD,-
WAY,WAYSTAR HOLDING CORP,Health Care,Equity,71070475.49,0.09,"71,070,475.49","2,660,819.00",26.71,United States,NASDAQ,USD,1.0,USD,-
TERN,TERNS PHARMACEUTICALS INC,Health Care,Equity,70898036.4,0.09,"70,898,036.40","2,073,042.00",34.20,United States,NASDAQ,USD,1.0,USD,-
CPK,CHESAPEAKE UTILITIES CORP,Utilities,Equity,70891205.9,0.09,"70,891,205.90","556,883.00",127.30,United States,New York Stock Exchange Inc.,USD,1.0,USD,-
SXI,STANDEX INTERNATIONAL CORP,Industrials,Equity,70830832.52,0.09,"70,830,832.52","287,708.00",246.19,United States,New York Stock Exchange Inc.,USD,1.0,USD,-
MTRN,MATERION CORP,Materials,Equity,70644937.6,0.09,"70,644,937.60","497,780.00",141.92,United States,New York Stock Exchange Inc.,USD,1.0,USD,-
SFNC,SIMMONS FIRST NATIONAL CORP CLASS,Financials,Equity,70551791.84,0.09,"70,551,791.84","3,472,037.00",20.32,United States,NASDAQ,USD,1.0,USD,-
LXP,LXP INDUSTRIAL TRUST,Real Estate,Equity,70205025.43,0.09,"70,205,025.43","1,423,171.00",49.33,United States,New York Stock Exchange Inc.,USD,1.0,USD,-
HUBG,HUB GROUP INC CLASS A,Industrials,Equity,70195647.83,0.09,"70,195,647.83","1,453,627.00",48.29,United States,NASDAQ,USD,1.0,USD,-
GTX,GARRETT MOTION INC,Consumer Discretionary,Equity,69848717.75,0.09,"69,848,717.75","3,827,327.00",18.25,United States,NASDAQ,USD,1.0,USD,-
AAP,ADVANCE AUTO PARTS INC,Consumer Discretionary,Equity,69622758.84,0.09,"69,622,758.84","1,446,857.00",48.12,United States,New York Stock Exchange Inc.,USD,1.0,USD,-
MGEE,MGE ENERGY INC,Utilities,Equity,69540219.5,0.09,"69,540,219.50","880,925.00",78.94,United States,NASDAQ,USD,1.0,USD,-
ACLS,AXCELIS TECHNOLOGIES INC,Information Technology,Equity,69332463.8,0.09,"69,332,463.80","751,979.00",92.20,United States,NASDAQ,USD,1.0,USD,-
DNLI,DENALI THERAPEUTICS INC,Health Care,Equity,68723085.82,0.09,"68,723,085.82","3,183,098.00",21.59,United States,NASDAQ,USD,1.0,USD,-
STNG,SCORPIO TANKERS INC,Energy,Equity,68718681.48,0.09,"68,718,681.48","1,084,404.00",63.37,United States,New York Stock Exchange Inc.,USD,1.0,USD,-
YOU,CLEAR SECURE INC CLASS A,Information Technology,Equity,68645936.2,0.09,"68,645,936.20","2,085,235.00",32.92,United States,New York Stock Exchange Inc.,USD,1.0,USD,-
HURN,HURON CONSULTING GROUP INC,Industrials,Equity,68416218.4,0.09,"68,416,218.40","410,120.00",166.82,United States,NASDAQ,USD,1.0,USD,-
ARQT,ARCUTIS BIOTHERAPEUTICS INC,Health Care,Equity,68387098.02,0.09,"68,387,098.02","2,657,874.00",25.73,United States,NASDAQ,USD,1.0,USD,-
CPRX,CATALYST PHARMACEUTICALS INC,Health Care,Equity,68340855.52,0.09,"68,340,855.52","2,780,344.00",24.58,United States,NASDAQ,USD,1.0,USD,-
TPH,TRI POINTE HOMES INC,Consumer Discretionary,Equity,68204353.64,0.09,"68,204,353.64","2,022,068.00",33.73,United States,New York Stock Exchange Inc.,USD,1.0,USD,-
CALX,CALIX NETWORKS INC,Information Technology,Equity,67828102.22,0.09,"67,828,102.22","1,453,667.00",46.66,United States,New York Stock Exchange Inc.,USD,1.0,USD,-
ABM,ABM INDUSTRIES INC,Industrials,Equity,67742437.74,0.09,"67,742,437.74","1,480,062.00",45.77,United States,New York Stock Exchange Inc.,USD,1.0,USD,-
PBF,PBF ENERGY INC CLASS A,Energy,Equity,67411467.78,0.09,"67,411,467.78","2,026,803.00",33.26,United States,New York Stock Exchange Inc.,USD,1.0,USD,-
DNOW,DNOW INC,Industrials,Equity,67376146.53,0.09,"67,376,146.53","4,470,879.00",15.07,United States,New York Stock Exchange Inc.,USD,1.0,USD,-
BEAM,BEAM THERAPEUTICS INC,Health Care,Equity,67358183.71,0.09,"67,358,183.71","2,299,699.00",29.29,United States,NASDAQ,USD,1.0,USD,-
DIOD,DIODES INC,Information Technology,Equity,66987004.58,0.09,"66,987,004.58","1,111,633.00",60.26,United States,NASDAQ,USD,1.0,USD,-
APAM,ARTISAN PARTNERS ASSET MANAGEMENT,Financials,Equity,66726058.77,0.09,"66,726,058.77","1,534,991.00",43.47,United States,New York Stock Exchange Inc.,USD,1.0,USD,-
HE,HAWAIIAN ELECTRIC INDUSTRIES INC,Utilities,Equity,66678630.24,0.09,"66,678,630.24","4,201,552.00",15.87,United States,New York Stock Exchange Inc.,USD,1.0,USD,-
LQDA,LIQUIDIA CORP,Health Care,Equity,66602366.04,0.09,"66,602,366.04","1,546,734.00",43.06,United States,NASDAQ,USD,1.0,USD,-
ACMR,ACM RESEARCH CLASS A INC,Information Technology,Equity,66576836.96,0.09,"66,576,836.96","1,217,572.00",54.68,United States,NASDAQ,USD,1.0,USD,-
AWR,AMERICAN STATES WATER,Utilities,Equity,66327026.86,0.09,"66,327,026.86","916,879.00",72.34,United States,New York Stock Exchange Inc.,USD,1.0,USD,-
ADPT,ADAPTIVE BIOTECHNOLOGIES CORP,Health Care,Equity,66176933.02,0.09,"66,176,933.02","3,602,446.00",18.37,United States,NASDAQ,USD,1.0,USD,-
NATL,NCR ATLEOS CORP,Financials,Equity,66154992.21,0.09,"66,154,992.21","1,776,927.00",37.23,United States,New York Stock Exchange Inc.,USD,1.0,USD,-
PFS,PROVIDENT FINANCIAL SERVICES INC,Financials,Equity,66136207.94,0.09,"66,136,207.94","2,976,427.00",22.22,United States,New York Stock Exchange Inc.,USD,1.0,USD,-
CARG,CARGURUS INC CLASS A,Communication,Equity,65940280.85,0.09,"65,940,280.85","1,997,585.00",33.01,United States,NASDAQ,USD,1.0,USD,-
HGV,HILTON GRAND VACATIONS INC,Consumer Discretionary,Equity,65920649.49,0.09,"65,920,649.49","1,467,839.00",44.91,United States,New York Stock Exchange Inc.,USD,1.0,USD,-
DBRG,DIGITALBRIDGE GROUP INC CLASS A,Financials,Equity,65824446.81,0.09,"65,824,446.81","4,271,541.00",15.41,United States,New York Stock Exchange Inc.,USD,1.0,USD,-
PPTA,PERPETUA RESOURCES CORP,Materials,Equity,65806965.14,0.09,"65,806,965.14","2,052,619.00",32.06,United States,NASDAQ,USD,1.0,USD,-
CAKE,CHEESECAKE FACTORY INC,Consumer Discretionary,Equity,65652087.81,0.09,"65,652,087.81","1,122,162.00",58.51,United States,NASDAQ,USD,1.0,USD,-
HWKN,HAWKINS INC,Materials,Equity,65566986.18,0.09,"65,566,986.18","469,207.00",139.74,United States,NASDAQ,USD,1.0,USD,-
APLE,APPLE HOSPITALITY REIT INC,Real Estate,Equity,65151906.3,0.09,"65,151,906.30","5,568,539.00",11.70,United States,New York Stock Exchange Inc.,USD,1.0,USD,-
APGE,APOGEE THERAPEUTICS INC,Health Care,Equity,64856414.3,0.09,"64,856,414.30","926,785.00",69.98,United States,NASDAQ,USD,1.0,USD,-
SPHR,SPHERE ENTERTAINMENT CLASS A,Communication,Equity,64832469.75,0.09,"64,832,469.75","672,885.00",96.35,United States,New York Stock Exchange Inc.,USD,1.0,USD,-
MGRC,MCGRATH RENT,Industrials,Equity,64742723.7,0.09,"64,742,723.70","584,690.00",110.73,United States,NASDAQ,USD,1.0,USD,-
PHIN,PHINIA INC,Consumer Discretionary,Equity,64680121.2,0.09,"64,680,121.20","918,230.00",70.44,United States,New York Stock Exchange Inc.,USD,1.0,USD,-
CPRI,CAPRI HOLDINGS LTD,Consumer Discretionary,Equity,64666472.64,0.09,"64,666,472.64","2,816,484.00",22.96,United States,New York Stock Exchange Inc.,USD,1.0,USD,-
VRDN,VIRIDIAN THERAPEUTICS ORS INC,Health Care,Equity,64643566.95,0.09,"64,643,566.95","1,925,635.00",33.57,United States,NASDAQ,USD,1.0,USD,-
CUBI,CUSTOMERS BANCORP INC,Financials,Equity,64564994.2,0.09,"64,564,994.20","817,796.00",78.95,United States,New York Stock Exchange Inc.,USD,1.0,USD,-
AMBA,AMBARELLA INC,Information Technology,Equity,64429112.0,0.09,"64,429,112.00","977,680.00",65.90,United States,NASDAQ,USD,1.0,USD,-
WAFD,WAFD INC,Financials,Equity,64310932.8,0.09,"64,310,932.80","1,972,728.00",32.60,United States,NASDAQ,USD,1.0,USD,-
XMTR,XOMETRY INC CLASS A,Industrials,Equity,64200760.47,0.09,"64,200,760.47","1,050,577.00",61.11,United States,NASDAQ,USD,1.0,USD,-
PRVA,PRIVIA HEALTH GROUP INC,Health Care,Equity,64067057.46,0.09,"64,067,057.46","2,801,358.00",22.87,United States,NASDAQ,USD,1.0,USD,-
NMRK,NEWMARK GROUP INC CLASS A,Real Estate,Equity,63896617.4,0.09,"63,896,617.40","3,607,940.00",17.71,United States,NASDAQ,USD,1.0,USD,-
GT,GOODYEAR TIRE & RUBBER,Consumer Discretionary,Equity,63821211.25,0.09,"63,821,211.25","6,641,125.00",9.61,United States,NASDAQ,USD,1.0,USD,-
KMT,KENNAMETAL INC,Industrials,Equity,63804536.97,0.09,"63,804,536.97","1,832,937.00",34.81,United States,New York Stock Exchange Inc.,USD,1.0,USD,-
TVTX,TRAVERE THERAPEUTICS INC,Health Care,Equity,63787164.28,0.09,"63,787,164.28","1,993,972.00",31.99,United States,NASDAQ,USD,1.0,USD,-
WRBY,WARBY PARKER INC CLASS A,Consumer Discretionary,Equity,63750329.8,0.08,"63,750,329.80","2,373,430.00",26.86,United States,New York Stock Exchange Inc.,USD,1.0,USD,-
IDYA,IDEAYA BIOSCIENCES INC,Health Care,Equity,63669644.32,0.08,"63,669,644.32","1,929,968.00",32.99,United States,NASDAQ,USD,1.0,USD,-
SUPN,SUPERNUS PHARMACEUTICALS INC,Health Care,Equity,63642741.58,0.08,"63,642,741.58","1,297,243.00",49.06,United States,NASDAQ,USD,1.0,USD,-
PLUG,PLUG POWER INC,Industrials,Equity,63622210.86,0.08,"63,622,210.86","27,188,979.00",2.34,United States,NASDAQ,USD,1.0,USD,-
GOLF,ACUSHNET HOLDINGS CORP,Consumer Discretionary,Equity,63587344.66,0.08,"63,587,344.66","664,514.00",95.69,United States,New York Stock Exchange Inc.,USD,1.0,USD,-
TOWN,TOWNEBANK,Financials,Equity,63500802.5,0.08,"63,500,802.50","1,788,755.00",35.50,United States,NASDAQ,USD,1.0,USD,-
AKR,ACADIA REALTY TRUST REIT,Real Estate,Equity,63499041.7,0.08,"63,499,041.70","3,210,265.00",19.78,United States,New York Stock Exchange Inc.,USD,1.0,USD,-
CWT,CALIFORNIA WATER SERVICE GROUP,Utilities,Equity,63427472.06,0.08,"63,427,472.06","1,426,298.00",44.47,United States,New York Stock Exchange Inc.,USD,1.0,USD,-
PTEN,PATTERSON UTI ENERGY INC,Energy,Equity,63383720.66,0.08,"63,383,720.66","8,406,329.00",7.54,United States,NASDAQ,USD,1.0,USD,-
TENB,TENABLE HOLDINGS INC,Information Technology,Equity,63269171.94,0.08,"63,269,171.94","2,931,843.00",21.58,United States,NASDAQ,USD,1.0,USD,-
BANC,BANC OF CALIFORNIA INC,Financials,Equity,63268290.0,0.08,"63,268,290.00","3,124,360.00",20.25,United States,New York Stock Exchange Inc.,USD,1.0,USD,-
POWI,POWER INTEGRATIONS INC,Information Technology,Equity,63218076.8,0.08,"63,218,076.80","1,341,640.00",47.12,United States,NASDAQ,USD,1.0,USD,-
CENX,CENTURY ALUMINUM,Materials,Equity,62540368.8,0.08,"62,540,368.80","1,278,160.00",48.93,United States,NASDAQ,USD,1.0,USD,-
COCO,THE VITA COCO COMPANY INC,Consumer Staples,Equity,62521625.62,0.08,"62,521,625.62","1,149,823.00",54.38,United States,NASDAQ,USD,1.0,USD,-
AMR,ALPHA METALLURGICAL RESOURCE INC,Materials,Equity,62465145.26,0.08,"62,465,145.26","282,571.00",221.06,United States,New York Stock Exchange Inc.,USD,1.0,USD,-
CVBF,CVB FINANCIAL CORP,Financials,Equity,62409270.85,0.08,"62,409,270.85","3,198,835.00",19.51,United States,NASDAQ,USD,1.0,USD,-
UPWK,UPWORK INC,Industrials,Equity,62305739.34,0.08,"62,305,739.34","2,964,117.00",21.02,United States,NASDAQ,USD,1.0,USD,-
TARS,TARSUS PHARMACEUTICALS INC,Health Care,Equity,62137150.17,0.08,"62,137,150.17","945,627.00",65.71,United States,NASDAQ,USD,1.0,USD,-
JOE,ST JOE,Real Estate,Equity,62119177.09,0.08,"62,119,177.09","928,399.00",66.91,United States,New York Stock Exchange Inc.,USD,1.0,USD,-
VC,VISTEON CORP,Consumer Discretionary,Equity,61304588.92,0.08,"61,304,588.92","663,326.00",92.42,United States,NASDAQ,USD,1.0,USD,-
BBT,BEACON FINANCIAL CORP,Financials,Equity,61192388.84,0.08,"61,192,388.84","2,115,188.00",28.93,United States,New York Stock Exchange Inc.,USD,1.0,USD,-
TRMK,TRUSTMARK CORP,Financials,Equity,60608968.88,0.08,"60,608,968.88","1,432,159.00",42.32,United States,NASDAQ,USD,1.0,USD,-
VERA,VERA THERAPEUTICS INC CLASS A,Health Care,Equity,60363945.0,0.08,"60,363,945.00","1,341,421.00",45.00,United States,NASDAQ,USD,1.0,USD,-
UE,URBAN EDGE PROPERTIES,Real Estate,Equity,60149913.6,0.08,"60,149,913.60","3,132,808.00",19.20,United States,New York Stock Exchange Inc.,USD,1.0,USD,-
CON,CONCENTRA GROUP HOLDINGS PARENT IN,Health Care,Equity,60078801.6,0.08,"60,078,801.60","2,781,426.00",21.60,United States,New York Stock Exchange Inc.,USD,1.0,USD,-
TWST,TWIST BIOSCIENCE CORP,Health Care,Equity,59821395.48,0.08,"59,821,395.48","1,438,706.00",41.58,United States,NASDAQ,USD,1.0,USD,-
FCPT,FOUR CORNERS PROPERTY INC TRUST,Real Estate,Equity,59603023.07,0.08,"59,603,023.07","2,463,953.00",24.19,United States,New York Stock Exchange Inc.,USD,1.0,USD,-
MSGE,MADISON SQUARE GARDEN ENTERTAINMEN,Communication,Equity,59426785.89,0.08,"59,426,785.89","956,799.00",62.11,United States,New York Stock Exchange Inc.,USD,1.0,USD,-
SDRL,SEADRILL LTD,Energy,Equity,58998316.29,0.08,"58,998,316.29","1,525,687.00",38.67,United States,New York Stock Exchange Inc.,USD,1.0,USD,-
BL,BLACKLINE INC,Information Technology,Equity,58908545.98,0.08,"58,908,545.98","1,255,778.00",46.91,United States,NASDAQ,USD,1.0,USD,-
VSH,VISHAY INTERTECHNOLOGY INC,Information Technology,Equity,58895048.61,0.08,"58,895,048.61","2,919,933.00",20.17,United States,New York Stock Exchange Inc.,USD,1.0,USD,-
NSIT,INSIGHT ENTERPRISES INC,Information Technology,Equity,58893179.38,0.08,"58,893,179.38","714,203.00",82.46,United States,NASDAQ,USD,1.0,USD,-
PRK,PARK NATIONAL CORP,Financials,Equity,58884233.34,0.08,"58,884,233.34","360,501.00",163.34,United States,Nyse Mkt Llc,USD,1.0,USD,-
FBK,FB FINANCIAL CORP,Financials,Equity,58570737.17,0.08,"58,570,737.17","1,006,543.00",58.19,United States,New York Stock Exchange Inc.,USD,1.0,USD,-
RXO,RXO INC,Industrials,Equity,58288174.08,0.08,"58,288,174.08","3,917,216.00",14.88,United States,New York Stock Exchange Inc.,USD,1.0,USD,-
SMR,NUSCALE POWER CORP CLASS A,Industrials,Equity,58098703.52,0.08,"58,098,703.52","3,070,756.00",18.92,United States,New York Stock Exchange Inc.,USD,1.0,USD,-
NGVT,INGEVITY CORP,Materials,Equity,58088901.76,0.08,"58,088,901.76","881,203.00",65.92,United States,New York Stock Exchange Inc.,USD,1.0,USD,-
CNK,CINEMARK HOLDINGS INC,Communication,Equity,58046636.17,0.08,"58,046,636.17","2,498,779.00",23.23,United States,New York Stock Exchange Inc.,USD,1.0,USD,-
BBAI,BIGBEAR.AI HOLDINGS INC,Information Technology,Equity,57907775.28,0.08,"57,907,775.28","10,490,539.00",5.52,United States,New York Stock Exchange Inc.,USD,1.0,USD,-
NOG,NORTHERN OIL AND GAS INC,Energy,Equity,57713151.76,0.08,"57,713,151.76","2,325,268.00",24.82,United States,New York Stock Exchange Inc.,USD,1.0,USD,-
MCY,MERCURY GENERAL CORP,Financials,Equity,57471822.28,0.08,"57,471,822.28","659,383.00",87.16,United States,New York Stock Exchange Inc.,USD,1.0,USD,-
AAOI,APPLIED OPTOELECTRONICS INC,Information Technology,Equity,57450614.61,0.08,"57,450,614.61","1,451,873.00",39.57,United States,NASDAQ,USD,1.0,USD,-
INSW,INTERNATIONAL SEAWAYS INC,Energy,Equity,57340254.32,0.08,"57,340,254.32","966,626.00",59.32,United States,New York Stock Exchange Inc.,USD,1.0,USD,-
SEI,SOLARIS OILFIELD INFRASTRUCTURE IN,Energy,Equity,57304247.7,0.08,"57,304,247.70","1,019,830.00",56.19,United States,New York Stock Exchange Inc.,USD,1.0,USD,-
FBNC,FIRST BANCORP,Financials,Equity,57203615.0,0.08,"57,203,615.00","985,250.00",58.06,United States,NASDAQ,USD,1.0,USD,-
ATKR,ATKORE INC,Industrials,Equity,56935159.19,0.08,"56,935,159.19","809,543.00",70.33,United States,New York Stock Exchange Inc.,USD,1.0,USD,-
ATRO,ASTRONICS CORP,Industrials,Equity,56887756.8,0.08,"56,887,756.80","740,726.00",76.80,United States,NASDAQ,USD,1.0,USD,-
OI,O I GLASS INC,Materials,Equity,56614532.82,0.08,"56,614,532.82","3,707,566.00",15.27,United States,New York Stock Exchange Inc.,USD,1.0,USD,-
IMNM,IMMUNOME INC,Health Care,Equity,56580282.44,0.08,"56,580,282.44","2,256,892.00",25.07,United States,NASDAQ,USD,1.0,USD,-
CURB,CURBLINE PROPERTIES,Real Estate,Equity,56431006.94,0.08,"56,431,006.94","2,353,253.00",23.98,United States,New York Stock Exchange Inc.,USD,1.0,USD,-
ACLX,ARCELLX INC,Health Care,Equity,56308902.68,0.08,"56,308,902.68","824,918.00",68.26,United States,NASDAQ,USD,1.0,USD,-
ALRM,ALARM.COM HOLDINGS INC,Information Technology,Equity,56107695.87,0.07,"56,107,695.87","1,148,101.00",48.87,United States,NASDAQ,USD,1.0,USD,-
IVT,INVENTRUST PROPERTIES CORP,Real Estate,Equity,56068651.95,0.07,"56,068,651.95","1,936,741.00",28.95,United States,New York Stock Exchange Inc.,USD,1.0,USD,-
CWK,CUSHMAN AND WAKEFIELD LTD,Real Estate,Equity,55971990.12,0.07,"55,971,990.12","3,365,724.00",16.63,United States,New York Stock Exchange Inc.,USD,1.0,USD,-
TRN,TRINITY INDUSTRIES INC,Industrials,Equity,55515357.1,0.07,"55,515,357.10","1,934,333.00",28.70,United States,New York Stock Exchange Inc.,USD,1.0,USD,-
SYRE,SPYRE THERAPEUTICS INC,Health Care,Equity,55455355.2,0.07,"55,455,355.20","1,651,440.00",33.58,United States,NASDAQ,USD,1.0,USD,-
FRME,FIRST MERCHANTS CORP,Financials,Equity,55366657.92,0.07,"55,366,657.92","1,422,576.00",38.92,United States,NASDAQ,USD,1.0,USD,-
LUNR,INTUITIVE MACHINES INC CLASS A,Industrials,Equity,55296160.95,0.07,"55,296,160.95","2,634,405.00",20.99,United States,NASDAQ,USD,1.0,USD,-
CC,CHEMOURS,Materials,Equity,55293783.24,0.07,"55,293,783.24","3,628,201.00",15.24,United States,New York Stock Exchange Inc.,USD,1.0,USD,-
TXG,10X GENOMICS INC CLASS A,Health Care,Equity,55213745.6,0.07,"55,213,745.60","2,654,507.00",20.80,United States,NASDAQ,USD,1.0,USD,-
NBTB,NBT BANCORP INC,Financials,Equity,55172302.79,0.07,"55,172,302.79","1,250,789.00",44.11,United States,NASDAQ,USD,1.0,USD,-
CHEF,CHEFS WAREHOUSE INC,Consumer Staples,Equity,55058457.04,0.07,"55,058,457.04","874,499.00",62.96,United States,NASDAQ,USD,1.0,USD,-
BANF,BANCFIRST CORP,Financials,Equity,55004976.99,0.07,"55,004,976.99","503,847.00",109.17,United States,NASDAQ,USD,1.0,USD,-
PTON,PELOTON INTERACTIVE CLASS A INC,Consumer Discretionary,Equity,54837561.15,0.07,"54,837,561.15","9,570,255.00",5.73,United States,NASDAQ,USD,1.0,USD,-
RELY,REMITLY GLOBAL INC,Financials,Equity,54816097.23,0.07,"54,816,097.23","4,087,703.00",13.41,United States,NASDAQ,USD,1.0,USD,-
CRGY,CRESCENT ENERGY CLASS A,Energy,Equity,54595806.88,0.07,"54,595,806.88","5,698,936.00",9.58,United States,New York Stock Exchange Inc.,USD,1.0,USD,-
PLUS,EPLUS,Information Technology,Equity,54329794.86,0.07,"54,329,794.86","640,606.00",84.81,United States,NASDAQ,USD,1.0,USD,-
OMCL,OMNICELL INC,Health Care,Equity,54138955.59,0.07,"54,138,955.59","1,102,851.00",49.09,United States,NASDAQ,USD,1.0,USD,-
CSGS,CSG SYSTEMS INTERNATIONAL INC,Industrials,Equity,54054950.4,0.07,"54,054,950.40","678,656.00",79.65,United States,NASDAQ,USD,1.0,USD,-
HI,HILLENBRAND INC,Industrials,Equity,54023956.08,0.07,"54,023,956.08","1,694,072.00",31.89,United States,New York Stock Exchange Inc.,USD,1.0,USD,-
UNFI,UNITED NATURAL FOODS INC,Consumer Staples,Equity,54004665.44,0.07,"54,004,665.44","1,448,623.00",37.28,United States,New York Stock Exchange Inc.,USD,1.0,USD,-
BELFB,BEL FUSE INC CLASS B,Information Technology,Equity,53964812.72,0.07,"53,964,812.72","256,438.00",210.44,United States,NASDAQ,USD,1.0,USD,-
BANR,BANNER CORP,Financials,Equity,53784659.6,0.07,"53,784,659.60","871,430.00",61.72,United States,NASDAQ,USD,1.0,USD,-
NEOG,NEOGEN CORP,Health Care,Equity,53735383.15,0.07,"53,735,383.15","5,263,015.00",10.21,United States,NASDAQ,USD,1.0,USD,-
DYN,DYNE THERAPEUTICS INC,Health Care,Equity,53472857.76,0.07,"53,472,857.76","2,990,652.00",17.88,United States,NASDAQ,USD,1.0,USD,-
NTB,BANK OF NT BUTTERFIELD & SON LTD,Financials,Equity,53278772.03,0.07,"53,278,772.03","1,024,001.00",52.03,United States,New York Stock Exchange Inc.,USD,1.0,USD,-
GEO,GEO GROUP INC,Industrials,Equity,53254037.14,0.07,"53,254,037.14","3,259,121.00",16.34,United States,New York Stock Exchange Inc.,USD,1.0,USD,-
AGYS,AGILYSYS INC,Information Technology,Equity,53152021.86,0.07,"53,152,021.86","623,411.00",85.26,United States,NASDAQ,USD,1.0,USD,-
LASR,NLIGHT INC,Information Technology,Equity,52770643.38,0.07,"52,770,643.38","1,120,158.00",47.11,United States,NASDAQ,USD,1.0,USD,-
MRX,MAREX GROUP PLC,Financials,Equity,52700532.52,0.07,"52,700,532.52","1,331,494.00",39.58,United Kingdom,NASDAQ,USD,1.0,USD,-
HLIO,HELIOS TECHNOLOGIES INC,Industrials,Equity,52600730.75,0.07,"52,600,730.75","797,585.00",65.95,United States,New York Stock Exchange Inc.,USD,1.0,USD,-
CTRI,CENTURI HOLDINGS INC,Industrials,Equity,52571398.77,0.07,"52,571,398.77","1,889,019.00",27.83,United States,New York Stock Exchange Inc.,USD,1.0,USD,-
CASH,PATHWARD FINANCIAL INC,Financials,Equity,52554832.83,0.07,"52,554,832.83","588,059.00",89.37,United States,NASDAQ,USD,1.0,USD,-
SM,SM ENERGY,Energy,Equity,52437276.9,0.07,"52,437,276.90","2,778,870.00",18.87,United States,New York Stock Exchange Inc.,USD,1.0,USD,-
PAGS,PAGSEGURO DIGITAL LTD CLASS A,Financials,Equity,52355880.0,0.07,"52,355,880.00","4,362,990.00",12.00,Brazil,New York Stock Exchange Inc.,USD,1.0,USD,-
PRDO,PERDOCEO EDUCATION CORP,Consumer Discretionary,Equity,52173901.26,0.07,"52,173,901.26","1,642,238.00",31.77,United States,NASDAQ,USD,1.0,USD,-
GRBK,GREEN BRICK PARTNERS INC,Consumer Discretionary,Equity,52106342.25,0.07,"52,106,342.25","743,845.00",70.05,United States,New York Stock Exchange Inc.,USD,1.0,USD,-
AMRX,AMNEAL PHARMACEUTICALS INC CLASS A,Health Care,Equity,51761222.77,0.07,"51,761,222.77","3,668,407.00",14.11,United States,NASDAQ,USD,1.0,USD,-
FRSH,FRESHWORKS INC CLASS A,Information Technology,Equity,51686013.12,0.07,"51,686,013.12","4,857,708.00",10.64,United States,NASDAQ,USD,1.0,USD,-
UCTT,ULTRA CLEAN HOLDINGS INC,Information Technology,Equity,51320210.97,0.07,"51,320,210.97","1,080,653.00",47.49,United States,NASDAQ,USD,1.0,USD,-
KWR,QUAKER HOUGHTON CORP,Materials,Equity,51315521.67,0.07,"51,315,521.67","331,303.00",154.89,United States,New York Stock Exchange Inc.,USD,1.0,USD,-
IE,IVANHOE ELECTRIC INC,Materials,Equity,51204300.24,0.07,"51,204,300.24","2,570,497.00",19.92,United States,Nyse Mkt Llc,USD,1.0,USD,-
WD,WALKER & DUNLOP INC,Financials,Equity,51159266.28,0.07,"51,159,266.28","791,694.00",64.62,United States,New York Stock Exchange Inc.,USD,1.0,USD,-
ASGN,ASGN INC,Information Technology,Equity,51055243.95,0.07,"51,055,243.95","1,028,303.00",49.65,United States,New York Stock Exchange Inc.,USD,1.0,USD,-
BUSE,FIRST BUSEY CORP,Financials,Equity,51024098.36,0.07,"51,024,098.36","2,067,427.00",24.68,United States,NASDAQ,USD,1.0,USD,-
EPAC,ENERPAC TOOL GROUP CORP CLASS A,Industrials,Equity,50919571.2,0.07,"50,919,571.20","1,266,656.00",40.20,United States,New York Stock Exchange Inc.,USD,1.0,USD,-
MGNI,MAGNITE INC,Communication,Equity,50797234.46,0.07,"50,797,234.46","3,381,973.00",15.02,United States,NASDAQ,USD,1.0,USD,-
EFSC,ENTERPRISE FINANCIAL SERVICES CORP,Financials,Equity,50783021.25,0.07,"50,783,021.25","894,855.00",56.75,United States,NASDAQ,USD,1.0,USD,-
DX,DYNEX CAPITAL REIT INC,Financials,Equity,50686509.39,0.07,"50,686,509.39","3,478,827.00",14.57,United States,New York Stock Exchange Inc.,USD,1.0,USD,-
TPB,TURNING POINT BRANDS INC,Consumer Staples,Equity,50610185.96,0.07,"50,610,185.96","417,094.00",121.34,United States,New York Stock Exchange Inc.,USD,1.0,USD,-
KN,KNOWLES CORP,Information Technology,Equity,50335207.65,0.07,"50,335,207.65","2,048,645.00",24.57,United States,New York Stock Exchange Inc.,USD,1.0,USD,-
EYE,NATIONAL VISION HOLDINGS INC,Consumer Discretionary,Equity,49950774.76,0.07,"49,950,774.76","1,882,094.00",26.54,United States,NASDAQ,USD,1.0,USD,-
ANDE,ANDERSONS INC,Consumer Staples,Equity,49881442.8,0.07,"49,881,442.80","798,870.00",62.44,United States,NASDAQ,USD,1.0,USD,-
TIC,TIC SOLUTIONS INC,Industrials,Equity,49828982.4,0.07,"49,828,982.40","4,800,480.00",10.38,United States,New York Stock Exchange Inc.,USD,1.0,USD,-
CECO,CECO ENVIRONMENTAL CORP,Industrials,Equity,49797349.36,0.07,"49,797,349.36","710,072.00",70.13,United States,NASDAQ,USD,1.0,USD,-
WERN,WERNER ENTERPRISES INC,Industrials,Equity,49782564.24,0.07,"49,782,564.24","1,437,141.00",34.64,United States,NASDAQ,USD,1.0,USD,-
ARR,ARMOUR RESIDENTIAL REIT INC,Financials,Equity,49740357.15,0.07,"49,740,357.15","2,707,695.00",18.37,United States,New York Stock Exchange Inc.,USD,1.0,USD,-
QUBT,QUANTUM COMPUTING INC,Information Technology,Equity,49482821.84,0.07,"49,482,821.84","4,860,788.00",10.18,United States,NASDAQ,USD,1.0,USD,-
MTX,MINERALS TECHNOLOGIES INC,Materials,Equity,49292199.0,0.07,"49,292,199.00","755,436.00",65.25,United States,New York Stock Exchange Inc.,USD,1.0,USD,-
KALU,KAISER ALUMINIUM CORP,Materials,Equity,49229221.92,0.07,"49,229,221.92","387,876.00",126.92,United States,NASDAQ,USD,1.0,USD,-
WT,WISDOMTREE INC,Financials,Equity,49152745.0,0.07,"49,152,745.00","2,971,750.00",16.54,United States,New York Stock Exchange Inc.,USD,1.0,USD,-
BLKB,BLACKBAUD INC,Information Technology,Equity,49048505.22,0.07,"49,048,505.22","920,062.00",53.31,United States,NASDAQ,USD,1.0,USD,-
FLNC,FLUENCE ENERGY INC CLASS A,Industrials,Equity,48965227.85,0.07,"48,965,227.85","1,551,005.00",31.57,United States,NASDAQ,USD,1.0,USD,-
GENI,GENIUS SPORTS LTD,Consumer Discretionary,Equity,48787941.0,0.07,"48,787,941.00","5,274,372.00",9.25,United Kingdom,New York Stock Exchange Inc.,USD,1.0,USD,-
PLAB,PHOTRONICS INC,Information Technology,Equity,48781091.52,0.07,"48,781,091.52","1,382,684.00",35.28,United States,NASDAQ,USD,1.0,USD,-
BULL,WEBULL CORP CLASS A,Financials,Equity,48360235.92,0.06,"48,360,235.92","6,588,588.00",7.34,United States,NASDAQ,USD,1.0,USD,-
CRVL,CORVEL CORP,Health Care,Equity,48132061.87,0.06,"48,132,061.87","699,289.00",68.83,United States,NASDAQ,USD,1.0,USD,-
ADEA,ADEIA INC,Information Technology,Equity,47901275.98,0.06,"47,901,275.98","2,645,018.00",18.11,United States,NASDAQ,USD,1.0,USD,-
CXW,CORECIVIC REIT INC,Industrials,Equity,47801418.75,0.06,"47,801,418.75","2,549,409.00",18.75,United States,New York Stock Exchange Inc.,USD,1.0,USD,-
IOSP,INNOSPEC INC,Materials,Equity,47693804.27,0.06,"47,693,804.27","585,847.00",81.41,United States,NASDAQ,USD,1.0,USD,-
ALG,ALAMO GROUP INC,Industrials,Equity,47604329.58,0.06,"47,604,329.58","246,629.00",193.02,United States,New York Stock Exchange Inc.,USD,1.0,USD,-
NTCT,NETSCOUT SYSTEMS INC,Information Technology,Equity,47567247.6,0.06,"47,567,247.60","1,723,451.00",27.60,United States,NASDAQ,USD,1.0,USD,-
ARCB,ARCBEST CORP,Industrials,Equity,47543348.31,0.06,"47,543,348.31","557,301.00",85.31,United States,NASDAQ,USD,1.0,USD,-
STRA,STRATEGIC EDUCATION INC,Consumer Discretionary,Equity,47448476.32,0.06,"47,448,476.32","561,122.00",84.56,United States,NASDAQ,USD,1.0,USD,-
INOD,INNODATA INC,Industrials,Equity,47421541.96,0.06,"47,421,541.96","742,586.00",63.86,United States,NASDAQ,USD,1.0,USD,-
IRON,DISC MEDICINE INC,Health Care,Equity,47353239.1,0.06,"47,353,239.10","602,842.00",78.55,United States,NASDAQ,USD,1.0,USD,-
BUR,BURFORD CAPITAL LTD,Financials,Equity,47315868.18,0.06,"47,315,868.18","4,898,123.00",9.66,United States,New York Stock Exchange Inc.,USD,1.0,USD,-
INTA,INTAPP INC,Information Technology,Equity,47305435.46,0.06,"47,305,435.46","1,377,962.00",34.33,United States,NASDAQ,USD,1.0,USD,-
HMN,HORACE MANN EDUCATORS CORP,Financials,Equity,47293065.82,0.06,"47,293,065.82","1,072,162.00",44.11,United States,New York Stock Exchange Inc.,USD,1.0,USD,-
LION,LIONSGATE STUDIOS CORP,Communication,Equity,47002992.53,0.06,"47,002,992.53","4,952,897.00",9.49,United States,New York Stock Exchange Inc.,USD,1.0,USD,-
NIC,NICOLET BANKSHARES INC,Financials,Equity,46974916.45,0.06,"46,974,916.45","320,845.00",146.41,United States,New York Stock Exchange Inc.,USD,1.0,USD,-
VECO,VEECO INSTRUMENTS INC,Information Technology,Equity,46883876.44,0.06,"46,883,876.44","1,432,006.00",32.74,United States,NASDAQ,USD,1.0,USD,-
DRH,DIAMONDROCK HOSPITALITY,Real Estate,Equity,46725553.29,0.06,"46,725,553.29","5,084,391.00",9.19,United States,NASDAQ,USD,1.0,USD,-
EWTX,EDGEWISE THERAPEUTICS INC,Health Care,Equity,46704788.38,0.06,"46,704,788.38","1,622,821.00",28.78,United States,NASDAQ,USD,1.0,USD,-
OSW,ONESPAWORLD HOLDINGS LTD,Consumer Discretionary,Equity,46539564.48,0.06,"46,539,564.48","2,384,199.00",19.52,United States,NASDAQ,USD,1.0,USD,-
USAR,USA RARE EARTH INC CLASS A,Materials,Equity,46395245.02,0.06,"46,395,245.02","2,102,186.00",22.07,United States,NASDAQ,USD,1.0,USD,-
AVDL,AVADEL PHARMACEUTICALS ORD,Health Care,Equity,46313079.12,0.06,"46,313,079.12","2,148,102.00",21.56,United States,NASDAQ,USD,1.0,USD,-
CALY,CALLAWAY GOLF COMPANY,Consumer Discretionary,Equity,46115241.35,0.06,"46,115,241.35","3,173,795.00",14.53,United States,New York Stock Exchange Inc.,USD,1.0,USD,-
NWN,NORTHWEST NATURAL HOLDING COMPANY,Utilities,Equity,46114928.3,0.06,"46,114,928.30","980,126.00",47.05,United States,New York Stock Exchange Inc.,USD,1.0,USD,-
GNL,GLOBAL NET LEASE INC,Real Estate,Equity,46030827.92,0.06,"46,030,827.92","4,835,171.00",9.52,United States,New York Stock Exchange Inc.,USD,1.0,USD,-
EXTR,EXTREME NETWORKS INC,Information Technology,Equity,46023675.57,0.06,"46,023,675.57","3,202,761.00",14.37,United States,NASDAQ,USD,1.0,USD,-
LGN,LEGENCE CORP CLASS A,Industrials,Equity,45963103.32,0.06,"45,963,103.32","891,276.00",51.57,United States,NASDAQ,USD,1.0,USD,-
EVTC,EVERTEC INC,Financials,Equity,45940898.25,0.06,"45,940,898.25","1,570,629.00",29.25,United States,New York Stock Exchange Inc.,USD,1.0,USD,-
STC,STEWART INFO SERVICES CORP,Financials,Equity,45797756.99,0.06,"45,797,756.99","674,389.00",67.91,United States,New York Stock Exchange Inc.,USD,1.0,USD,-
CBZ,CBIZ INC,Industrials,Equity,45672665.5,0.06,"45,672,665.50","1,184,150.00",38.57,United States,New York Stock Exchange Inc.,USD,1.0,USD,-
SLNO,SOLENO THERAPEUTICS INC,Health Care,Equity,45658691.75,0.06,"45,658,691.75","1,125,985.00",40.55,United States,NASDAQ,USD,1.0,USD,-
WLDN,WILLDAN GROUP INC,Industrials,Equity,45466218.3,0.06,"45,466,218.30","339,655.00",133.86,United States,NASDAQ,USD,1.0,USD,-
DHT,DHT HOLDINGS INC,Energy,Equity,45405087.9,0.06,"45,405,087.90","3,220,219.00",14.10,Bermuda,New York Stock Exchange Inc.,USD,1.0,USD,-
LC,LENDINGCLUB CORP,Financials,Equity,45381600.72,0.06,"45,381,600.72","2,760,438.00",16.44,United States,New York Stock Exchange Inc.,USD,1.0,USD,-
FCF,FIRST COMMONWEALTH FINANCIAL CORP,Financials,Equity,45354773.8,0.06,"45,354,773.80","2,548,021.00",17.80,United States,New York Stock Exchange Inc.,USD,1.0,USD,-
ARDX,ARDELYX INC,Health Care,Equity,45257047.65,0.06,"45,257,047.65","5,765,229.00",7.85,United States,NASDAQ,USD,1.0,USD,-
WGS,GENEDX HOLDINGS CORP CLASS A,Health Care,Equity,45198949.92,0.06,"45,198,949.92","460,462.00",98.16,United States,NASDAQ,USD,1.0,USD,-
HLMN,HILLMAN SOLUTIONS CORP,Industrials,Equity,45176940.0,0.06,"45,176,940.00","4,765,500.00",9.48,United States,NASDAQ,USD,1.0,USD,-
BRZE,BRAZE INC CLASS A,Information Technology,Equity,45028533.42,0.06,"45,028,533.42","2,064,582.00",21.81,United States,NASDAQ,USD,1.0,USD,-
IMVT,IMMUNOVANT INC,Health Care,Equity,44878587.85,0.06,"44,878,587.85","1,696,733.00",26.45,United States,NASDAQ,USD,1.0,USD,-
NWBI,NORTHWEST BANCSHARES INC,Financials,Equity,44831981.23,0.06,"44,831,981.23","3,505,237.00",12.79,United States,NASDAQ,USD,1.0,USD,-
PAYO,PAYONEER GLOBAL INC,Financials,Equity,44830776.61,0.06,"44,830,776.61","6,972,127.00",6.43,United States,NASDAQ,USD,1.0,USD,-
QDEL,QUIDELORTHO CORP,Health Care,Equity,44825272.42,0.06,"44,825,272.42","1,635,362.00",27.41,United States,NASDAQ,USD,1.0,USD,-
OFG,OFG BANCORP,Financials,Equity,44798663.56,0.06,"44,798,663.56","1,127,294.00",39.74,United States,New York Stock Exchange Inc.,USD,1.0,USD,-
BHE,BENCHMARK ELECTRONICS INC,Information Technology,Equity,44768334.4,0.06,"44,768,334.40","863,920.00",51.82,United States,New York Stock Exchange Inc.,USD,1.0,USD,-
OCUL,OCULAR THERAPEUTIX INC,Health Care,Equity,44686056.95,0.06,"44,686,056.95","4,491,061.00",9.95,United States,NASDAQ,USD,1.0,USD,-
BFH,BREAD FINANCIAL HOLDINGS INC,Financials,Equity,44609718.23,0.06,"44,609,718.23","610,841.00",73.03,United States,New York Stock Exchange Inc.,USD,1.0,USD,-
UFPT,UFP TECHNOLOGIES INC,Health Care,Equity,44495174.34,0.06,"44,495,174.34","180,303.00",246.78,United States,NASDAQ,USD,1.0,USD,-
KSS,KOHLS CORP,Consumer Discretionary,Equity,44483216.7,0.06,"44,483,216.70","2,632,143.00",16.90,United States,New York Stock Exchange Inc.,USD,1.0,USD,-
TILE,INTERFACE INC,Industrials,Equity,44172082.88,0.06,"44,172,082.88","1,398,736.00",31.58,United States,NASDAQ,USD,1.0,USD,-
ADUS,ADDUS HOMECARE CORP,Health Care,Equity,44087747.6,0.06,"44,087,747.60","433,082.00",101.80,United States,NASDAQ,USD,1.0,USD,-
VCEL,VERICEL CORP,Health Care,Equity,44020387.0,0.06,"44,020,387.00","1,206,038.00",36.50,United States,NASDAQ,USD,1.0,USD,-
PARR,PAR PACIFIC HOLDINGS INC,Energy,Equity,43966663.79,0.06,"43,966,663.79","1,205,557.00",36.47,United States,New York Stock Exchange Inc.,USD,1.0,USD,-
USD,USD CASH,Cash and/or Derivatives,Cash,43898664.88,0.06,"43,898,664.88","43,898,665.00",100.00,United States,-,USD,1.0,USD,-
MD,PEDIATRIX MEDICAL GROUP INC,Health Care,Equity,43804341.0,0.06,"43,804,341.00","2,085,921.00",21.00,United States,New York Stock Exchange Inc.,USD,1.0,USD,-
CNS,COHEN & STEERS INC,Financials,Equity,43654723.82,0.06,"43,654,723.82","675,979.00",64.58,United States,New York Stock Exchange Inc.,USD,1.0,USD,-
PGNY,PROGYNY INC,Health Care,Equity,43473309.12,0.06,"43,473,309.12","1,802,376.00",24.12,United States,NASDAQ,USD,1.0,USD,-
KNTK,KINETIK HOLDINGS INC CLASS A,Energy,Equity,43425425.94,0.06,"43,425,425.94","1,067,226.00",40.69,United States,New York Stock Exchange Inc.,USD,1.0,USD,-
ERAS,ERASCA INC,Health Care,Equity,43300505.05,0.06,"43,300,505.05","4,199,855.00",10.31,United States,NASDAQ,USD,1.0,USD,-
ROG,ROGERS CORP,Information Technology,Equity,43154295.73,0.06,"43,154,295.73","435,067.00",99.19,United States,New York Stock Exchange Inc.,USD,1.0,USD,-
DAVE,DAVE INC CLASS A,Financials,Equity,43088760.2,0.06,"43,088,760.20","251,393.00",171.40,United States,NASDAQ,USD,1.0,USD,-
ATRC,ATRICURE INC,Health Care,Equity,43080891.8,0.06,"43,080,891.80","1,165,924.00",36.95,United States,NASDAQ,USD,1.0,USD,-
NHC,NATIONAL HEALTHCARE CORP,Health Care,Equity,43012410.66,0.06,"43,012,410.66","306,837.00",140.18,United States,Nyse Mkt Llc,USD,1.0,USD,-
GEF,GREIF INC CLASS A,Materials,Equity,42912345.9,0.06,"42,912,345.90","612,159.00",70.10,United States,New York Stock Exchange Inc.,USD,1.0,USD,-
BATRK,ATLANTA BRAVES HOLDINGS INC SERIES,Communication,Equity,42827896.85,0.06,"42,827,896.85","1,069,895.00",40.03,United States,NASDAQ,USD,1.0,USD,-
ARRY,ARRAY TECHNOLOGIES INC,Industrials,Equity,42783222.73,0.06,"42,783,222.73","3,653,563.00",11.71,United States,NASDAQ,USD,1.0,USD,-
NRIX,NURIX THERAPEUTICS INC,Health Care,Equity,42537580.38,0.06,"42,537,580.38","2,418,282.00",17.59,United States,NASDAQ,USD,1.0,USD,-
DBD,DIEBOLD NIXDORF INC,Information Technology,Equity,42471604.4,0.06,"42,471,604.40","612,424.00",69.35,United States,New York Stock Exchange Inc.,USD,1.0,USD,-
FUN,SIX FLAGS ENTERTAINMENT CORP,Consumer Discretionary,Equity,42350827.45,0.06,"42,350,827.45","2,307,947.00",18.35,United States,New York Stock Exchange Inc.,USD,1.0,USD,-
AUPH,AURINIA PHARMACEUTICALS INC,Health Care,Equity,42284251.05,0.06,"42,284,251.05","2,886,297.00",14.65,United States,NASDAQ,USD,1.0,USD,-
HLF,HERBALIFE LTD,Consumer Staples,Equity,42201888.24,0.06,"42,201,888.24","2,485,388.00",16.98,United States,New York Stock Exchange Inc.,USD,1.0,USD,-
ATEC,ALPHATEC HOLDNGS INC,Health Care,Equity,42191537.85,0.06,"42,191,537.85","2,841,181.00",14.85,United States,NASDAQ,USD,1.0,USD,-
SYBT,STOCK YARDS BANCORP INC,Financials,Equity,42184182.26,0.06,"42,184,182.26","630,179.00",66.94,United States,NASDAQ,USD,1.0,USD,-
SNDX,SYNDAX PHARMACEUTICALS INC,Health Care,Equity,42178944.44,0.06,"42,178,944.44","2,048,516.00",20.59,United States,NASDAQ,USD,1.0,USD,-
TNET,TRINET GROUP INCINARY,Industrials,Equity,42173511.68,0.06,"42,173,511.68","721,408.00",58.46,United States,New York Stock Exchange Inc.,USD,1.0,USD,-
MNKD,MANNKIND CORP,Health Care,Equity,42172055.58,0.06,"42,172,055.58","7,283,602.00",5.79,United States,NASDAQ,USD,1.0,USD,-
IPAR,INTERPARFUMS INC,Consumer Staples,Equity,42049357.35,0.06,"42,049,357.35","440,077.00",95.55,United States,NASDAQ,USD,1.0,USD,-
STEL,STELLAR BANCORP INC,Financials,Equity,41955130.56,0.06,"41,955,130.56","1,137,612.00",36.88,United States,New York Stock Exchange Inc.,USD,1.0,USD,-
AVPT,AVEPOINT INC CLASS A,Information Technology,Equity,41925846.48,0.06,"41,925,846.48","3,517,269.00",11.92,United States,NASDAQ,USD,1.0,USD,-
HCI,HCI GROUP INC,Financials,Equity,41834886.4,0.06,"41,834,886.40","260,816.00",160.40,United States,New York Stock Exchange Inc.,USD,1.0,USD,-
IBRX,IMMUNITYBIO INC,Health Care,Equity,41834732.85,0.06,"41,834,732.85","7,078,635.00",5.91,United States,NASDAQ,USD,1.0,USD,-
DK,DELEK US HOLDINGS INC,Energy,Equity,41813293.38,0.06,"41,813,293.38","1,444,827.00",28.94,United States,New York Stock Exchange Inc.,USD,1.0,USD,-
WOR,WORTHINGTON ENTERPRISES INC,Industrials,Equity,41783405.82,0.06,"41,783,405.82","761,637.00",54.86,United States,New York Stock Exchange Inc.,USD,1.0,USD,-
SONO,SONOS INC,Consumer Discretionary,Equity,41766770.04,0.06,"41,766,770.04","2,912,606.00",14.34,United States,NASDAQ,USD,1.0,USD,-
SMPL,THE SIMPLY GOOD FOODS COMPANY,Consumer Staples,Equity,41686893.75,0.06,"41,686,893.75","2,223,301.00",18.75,United States,NASDAQ,USD,1.0,USD,-
CRK,COMSTOCK RESOURCES INC,Energy,Equity,41647270.15,0.06,"41,647,270.15","1,783,609.00",23.35,United States,New York Stock Exchange Inc.,USD,1.0,USD,-
LMAT,LEMAITRE VASCULAR INC,Health Care,Equity,41562777.06,0.06,"41,562,777.06","495,621.00",83.86,United States,NASDAQ,USD,1.0,USD,-
ADNT,ADIENT PLC,Consumer Discretionary,Equity,41455806.32,0.06,"41,455,806.32","1,970,333.00",21.04,United States,New York Stock Exchange Inc.,USD,1.0,USD,-
SLVM,SYLVAMO CORP,Materials,Equity,41356877.52,0.06,"41,356,877.52","833,304.00",49.63,United States,New York Stock Exchange Inc.,USD,1.0,USD,-
RCUS,ARCUS BIOSCIENCES INC,Health Care,Equity,41195237.03,0.05,"41,195,237.03","1,890,557.00",21.79,United States,New York Stock Exchange Inc.,USD,1.0,USD,-
AORT,ARTIVION INC,Health Care,Equity,41102855.48,0.05,"41,102,855.48","1,016,894.00",40.42,United States,New York Stock Exchange Inc.,USD,1.0,USD,-
HTO,H2O AMERICA,Utilities,Equity,40918576.6,0.05,"40,918,576.60","788,260.00",51.91,United States,NASDAQ,USD,1.0,USD,-
PRGS,PROGRESS SOFTWARE CORP,Information Technology,Equity,40809252.22,0.05,"40,809,252.22","1,027,682.00",39.71,United States,NASDAQ,USD,1.0,USD,-
DXPE,DXP ENTERPRISES INC,Industrials,Equity,40693426.35,0.05,"40,693,426.35","313,195.00",129.93,United States,NASDAQ,USD,1.0,USD,-
CHCO,CITY HOLDING,Financials,Equity,40551139.38,0.05,"40,551,139.38","332,223.00",122.06,United States,NASDAQ,USD,1.0,USD,-
SHLS,SHOALS TECHNOLOGIES GROUP INC CLAS,Industrials,Equity,40545128.4,0.05,"40,545,128.40","4,046,420.00",10.02,United States,NASDAQ,USD,1.0,USD,-
ICFI,ICF INTERNATIONAL INC,Industrials,Equity,40193750.32,0.05,"40,193,750.32","441,544.00",91.03,United States,NASDAQ,USD,1.0,USD,-
SHO,SUNSTONE HOTEL INVESTORS REIT INC,Real Estate,Equity,40163235.84,0.05,"40,163,235.84","4,482,504.00",8.96,United States,New York Stock Exchange Inc.,USD,1.0,USD,-
CCS,CENTURY COMMUNITIES INC,Consumer Discretionary,Equity,40091598.25,0.05,"40,091,598.25","626,725.00",63.97,United States,New York Stock Exchange Inc.,USD,1.0,USD,-
SPNT,SIRIUSPOINT LTD,Financials,Equity,40073314.26,0.05,"40,073,314.26","1,947,197.00",20.58,United States,New York Stock Exchange Inc.,USD,1.0,USD,-
YELP,YELP INC,Communication,Equity,40044427.5,0.05,"40,044,427.50","1,456,161.00",27.50,United States,New York Stock Exchange Inc.,USD,1.0,USD,-
HTH,HILLTOP HOLDINGS INC,Financials,Equity,39906104.0,0.05,"39,906,104.00","1,084,405.00",36.80,United States,New York Stock Exchange Inc.,USD,1.0,USD,-
STBA,S AND T BANCORP INC,Financials,Equity,39876825.3,0.05,"39,876,825.30","947,193.00",42.10,United States,NASDAQ,USD,1.0,USD,-
DGII,DIGI INTERNATIONAL INC,Information Technology,Equity,39863397.49,0.05,"39,863,397.49","880,181.00",45.29,United States,NASDAQ,USD,1.0,USD,-
AIN,ALBANY INTERNATIONAL CORP CLASS A,Industrials,Equity,39806279.73,0.05,"39,806,279.73","709,939.00",56.07,United States,New York Stock Exchange Inc.,USD,1.0,USD,-
RXRX,RECURSION PHARMACEUTICALS INC CLAS,Health Care,Equity,39698873.28,0.05,"39,698,873.28","9,189,554.00",4.32,United States,NASDAQ,USD,1.0,USD,-
RSI,RUSH STREET INTERACTIVE INC CLASS,Consumer Discretionary,Equity,39452842.1,0.05,"39,452,842.10","2,218,945.00",17.78,United States,New York Stock Exchange Inc.,USD,1.0,USD,-
LTC,LTC PROPERTIES REIT INC,Real Estate,Equity,39359462.22,0.05,"39,359,462.22","1,087,879.00",36.18,United States,New York Stock Exchange Inc.,USD,1.0,USD,-
SKWD,SKYWARD SPECIALTY INSURANCE GROUP,Financials,Equity,39256299.6,0.05,"39,256,299.60","869,464.00",45.15,United States,NASDAQ,USD,1.0,USD,-
BWIN,BALDWIN INSURANCE GROUP INC CLASS,Financials,Equity,39215342.13,0.05,"39,215,342.13","1,717,711.00",22.83,United States,NASDAQ,USD,1.0,USD,-
SEM,SELECT MEDICAL HOLDINGS CORP,Health Care,Equity,39198045.0,0.05,"39,198,045.00","2,613,203.00",15.00,United States,New York Stock Exchange Inc.,USD,1.0,USD,-
GTY,GETTY REALTY REIT CORP,Real Estate,Equity,39120766.3,0.05,"39,120,766.30","1,337,005.00",29.26,United States,New York Stock Exchange Inc.,USD,1.0,USD,-
ZD,ZIFF DAVIS INC,Communication,Equity,39079458.0,0.05,"39,079,458.00","986,855.00",39.60,United States,NASDAQ,USD,1.0,USD,-
SGHC,SUPER GROUP LTD,Consumer Discretionary,Equity,38978029.56,0.05,"38,978,029.56","3,870,708.00",10.07,United States,New York Stock Exchange Inc.,USD,1.0,USD,-
AGM,FEDERAL AGRICULTURAL MORTGAGE NON,Financials,Equity,38867103.0,0.05,"38,867,103.00","227,293.00",171.00,United States,New York Stock Exchange Inc.,USD,1.0,USD,-
DFTX,DEFINIUM THERAPEUTICS INC,Health Care,Equity,38856649.84,0.05,"38,856,649.84","2,253,866.00",17.24,United States,NASDAQ,USD,1.0,USD,-
HRMY,HARMONY BIOSCIENCES HLDG INC,Health Care,Equity,38846790.86,0.05,"38,846,790.86","1,053,901.00",36.86,United States,NASDAQ,USD,1.0,USD,-
CLDX,CELLDEX THERAPEUTICS INC,Health Care,Equity,38719993.74,0.05,"38,719,993.74","1,568,246.00",24.69,United States,NASDAQ,USD,1.0,USD,-
NBHC,NATIONAL BANK HOLDINGS CORP CLASS,Financials,Equity,38715781.37,0.05,"38,715,781.37","968,621.00",39.97,United States,New York Stock Exchange Inc.,USD,1.0,USD,-
AZTA,AZENTA INC,Health Care,Equity,38590305.0,0.05,"38,590,305.00","989,495.00",39.00,United States,NASDAQ,USD,1.0,USD,-
NEO,NEOGENOMICS INC,Health Care,Equity,38577590.4,0.05,"38,577,590.40","3,111,096.00",12.40,United States,NASDAQ,USD,1.0,USD,-
MXL,MAXLINEAR INC,Information Technology,Equity,38386957.66,0.05,"38,386,957.66","1,992,058.00",19.27,United States,NASDAQ,USD,1.0,USD,-
TALO,TALOS ENERGY INC,Energy,Equity,38114583.39,0.05,"38,114,583.39","3,152,571.00",12.09,United States,New York Stock Exchange Inc.,USD,1.0,USD,-
BLBD,BLUE BIRD CORP,Industrials,Equity,38005950.4,0.05,"38,005,950.40","766,249.00",49.60,United States,NASDAQ,USD,1.0,USD,-
NTST,NETSTREIT CORP,Real Estate,Equity,37941639.24,0.05,"37,941,639.24","2,033,314.00",18.66,United States,New York Stock Exchange Inc.,USD,1.0,USD,-
LEG,LEGGETT & PLATT INC,Consumer Discretionary,Equity,37871104.92,0.05,"37,871,104.92","3,217,596.00",11.77,United States,New York Stock Exchange Inc.,USD,1.0,USD,-
VVX,V2X INC,Industrials,Equity,37701150.13,0.05,"37,701,150.13","551,267.00",68.39,United States,New York Stock Exchange Inc.,USD,1.0,USD,-
BCRX,BIOCRYST PHARMACEUTICALS INC,Health Care,Equity,37697866.18,0.05,"37,697,866.18","5,651,854.00",6.67,United States,NASDAQ,USD,1.0,USD,-
RAMP,LIVERAMP HOLDINGS INC,Information Technology,Equity,37659451.61,0.05,"37,659,451.61","1,556,819.00",24.19,United States,New York Stock Exchange Inc.,USD,1.0,USD,-
OLMA,OLEMA PHARMACEUTICALS INC,Health Care,Equity,37655162.46,0.05,"37,655,162.46","1,444,941.00",26.06,United States,NASDAQ,USD,1.0,USD,-
FTRE,FORTREA HOLDINGS INC,Health Care,Equity,37625496.7,0.05,"37,625,496.70","2,206,774.00",17.05,United States,NASDAQ,USD,1.0,USD,-
PRCT,PROCEPT BIOROBOTICS CORP,Health Care,Equity,37622049.92,0.05,"37,622,049.92","1,291,966.00",29.12,United States,NASDAQ,USD,1.0,USD,-
TCBK,TRICO BANCSHARES,Financials,Equity,37545800.67,0.05,"37,545,800.67","758,961.00",49.47,United States,NASDAQ,USD,1.0,USD,-
ROCK,GIBRALTAR INDUSTRIES INC,Industrials,Equity,37443297.06,0.05,"37,443,297.06","716,481.00",52.26,United States,NASDAQ,USD,1.0,USD,-
CLMT,CALUMET INC,Energy,Equity,37435027.67,0.05,"37,435,027.67","1,671,953.00",22.39,United States,NASDAQ,USD,1.0,USD,-
AGIO,AGIOS PHARMACEUTICALS INC,Health Care,Equity,37415967.6,0.05,"37,415,967.60","1,355,160.00",27.61,United States,NASDAQ,USD,1.0,USD,-
VAC,MARRIOTT VACATIONS WORLDWIDE CORP,Consumer Discretionary,Equity,37377387.63,0.05,"37,377,387.63","676,269.00",55.27,United States,New York Stock Exchange Inc.,USD,1.0,USD,-
REAL,THE REALREAL INC,Consumer Discretionary,Equity,37356169.04,0.05,"37,356,169.04","2,419,441.00",15.44,United States,NASDAQ,USD,1.0,USD,-
DVAX,DYNAVAX TECHNOLOGIES CORP,Health Care,Equity,37344633.12,0.05,"37,344,633.12","2,412,444.00",15.48,United States,NASDAQ,USD,1.0,USD,-
DCO,DUCOMMUN INC,Industrials,Equity,37234376.76,0.05,"37,234,376.76","333,283.00",111.72,United States,New York Stock Exchange Inc.,USD,1.0,USD,-
AI,C3 AI INC CLASS A,Information Technology,Equity,37173239.5,0.05,"37,173,239.50","3,032,075.00",12.26,United States,New York Stock Exchange Inc.,USD,1.0,USD,-
ARI,APOLLO COMMERCIAL REAL ESTATE FINA,Financials,Equity,37166106.75,0.05,"37,166,106.75","3,394,165.00",10.95,United States,New York Stock Exchange Inc.,USD,1.0,USD,-
SPB,SPECTRUM BRANDS HOLDINGS INC,Consumer Staples,Equity,37072525.23,0.05,"37,072,525.23","580,983.00",63.81,United States,New York Stock Exchange Inc.,USD,1.0,USD,-
TNK,TEEKAY TANKERS LTD CLASS A,Energy,Equity,37064397.23,0.05,"37,064,397.23","577,417.00",64.19,Bermuda,New York Stock Exchange Inc.,USD,1.0,USD,-
MQ,MARQETA INC CLASS A,Financials,Equity,37047618.57,0.05,"37,047,618.57","8,884,321.00",4.17,United States,NASDAQ,USD,1.0,USD,-
TRIP,TRIPADVISOR INC,Consumer Discretionary,Equity,36965403.42,0.05,"36,965,403.42","2,754,501.00",13.42,United States,NASDAQ,USD,1.0,USD,-
LZB,LA-Z-BOY INC,Consumer Discretionary,Equity,36876890.39,0.05,"36,876,890.39","1,002,907.00",36.77,United States,New York Stock Exchange Inc.,USD,1.0,USD,-
RCAT,RED CAT HOLDINGS INC,Industrials,Equity,36860736.72,0.05,"36,860,736.72","2,468,904.00",14.93,United States,NASDAQ,USD,1.0,USD,-
MBC,MASTERBRAND INC,Industrials,Equity,36856852.47,0.05,"36,856,852.47","3,068,847.00",12.01,United States,New York Stock Exchange Inc.,USD,1.0,USD,-
HOPE,HOPE BANCORP INC,Financials,Equity,36792921.66,0.05,"36,792,921.66","3,068,634.00",11.99,United States,NASDAQ,USD,1.0,USD,-
FLYW,FLYWIRE CORP,Financials,Equity,36737393.14,0.05,"36,737,393.14","2,845,654.00",12.91,United States,NASDAQ,USD,1.0,USD,-
ALMS,ALUMIS INC,Health Care,Equity,36729573.76,0.05,"36,729,573.76","1,368,464.00",26.84,United States,NASDAQ,USD,1.0,USD,-
QCRH,QCR HOLDINGS INC,Financials,Equity,36690050.93,0.05,"36,690,050.93","404,209.00",90.77,United States,NASDAQ,USD,1.0,USD,-
GBX,GREENBRIER INC,Industrials,Equity,36632020.92,0.05,"36,632,020.92","733,227.00",49.96,United States,New York Stock Exchange Inc.,USD,1.0,USD,-
ALEX,ALEXANDER AND BALDWIN INC,Real Estate,Equity,36586500.7,0.05,"36,586,500.70","1,764,055.00",20.74,United States,New York Stock Exchange Inc.,USD,1.0,USD,-
NNI,NELNET INC CLASS A,Financials,Equity,36535354.7,0.05,"36,535,354.70","279,365.00",130.78,United States,New York Stock Exchange Inc.,USD,1.0,USD,-
NVTS,NAVITAS SEMICONDUCTOR CORP,Information Technology,Equity,36520585.42,0.05,"36,520,585.42","3,860,527.00",9.46,United States,NASDAQ,USD,1.0,USD,-
WVE,WAVE LIFE SCIENCES LTD,Health Care,Equity,36454904.68,0.05,"36,454,904.68","2,802,068.00",13.01,United States,NASDAQ,USD,1.0,USD,-
AXGN,AXOGEN INC,Health Care,Equity,36411076.0,0.05,"36,411,076.00","1,070,914.00",34.00,United States,NASDAQ,USD,1.0,USD,-
IMAX,IMAX CORP,Communication,Equity,36371880.65,0.05,"36,371,880.65","1,058,245.00",34.37,United States,New York Stock Exchange Inc.,USD,1.0,USD,-
SBH,SALLY BEAUTY HOLDINGS INC,Consumer Discretionary,Equity,36367425.36,0.05,"36,367,425.36","2,405,253.00",15.12,United States,New York Stock Exchange Inc.,USD,1.0,USD,-
PACS,PACS GROUP INC,Health Care,Equity,36367280.74,0.05,"36,367,280.74","1,063,993.00",34.18,United States,New York Stock Exchange Inc.,USD,1.0,USD,-
JBLU,JETBLUE AIRWAYS CORP,Industrials,Equity,36264413.6,0.05,"36,264,413.60","7,181,072.00",5.05,United States,NASDAQ,USD,1.0,USD,-
MLYS,MINERALYS THERAPEUTICS INC,Health Care,Equity,36246810.24,0.05,"36,246,810.24","1,129,536.00",32.09,United States,NASDAQ,USD,1.0,USD,-
AAMI,ACADIAN ASSET MANAGEMENT INC,Financials,Equity,36165721.04,0.05,"36,165,721.04","656,008.00",55.13,United States,New York Stock Exchange Inc.,USD,1.0,USD,-
AMPX,AMPRIUS TECHNOLOGIES INC,Industrials,Equity,36147271.16,0.05,"36,147,271.16","2,661,802.00",13.58,United States,New York Stock Exchange Inc.,USD,1.0,USD,-
THR,THERMON GROUP HOLDINGS INC,Industrials,Equity,35988327.12,0.05,"35,988,327.12","789,564.00",45.58,United States,New York Stock Exchange Inc.,USD,1.0,USD,-
BRSL,BRIGHTSTAR LOTTERY PLC,Consumer Discretionary,Equity,35816707.28,0.05,"35,816,707.28","2,536,594.00",14.12,United States,New York Stock Exchange Inc.,USD,1.0,USD,-
GSHD,GOOSEHEAD INSURANCE INC CLASS A,Financials,Equity,35807412.48,0.05,"35,807,412.48","570,909.00",62.72,United States,NASDAQ,USD,1.0,USD,-
GABC,GERMAN AMERICAN BANCORP INC,Financials,Equity,35795241.9,0.05,"35,795,241.90","861,498.00",41.55,United States,NASDAQ,USD,1.0,USD,-
TFIN,TRIUMPH FINANCIAL INC,Financials,Equity,35790407.84,0.05,"35,790,407.84","549,607.00",65.12,United States,New York Stock Exchange Inc.,USD,1.0,USD,-
CTS,CTS CORP,Information Technology,Equity,35748413.32,0.05,"35,748,413.32","687,734.00",51.98,United States,New York Stock Exchange Inc.,USD,1.0,USD,-
ANIP,ANI PHARMACEUTICALS INC,Health Care,Equity,35736256.0,0.05,"35,736,256.00","435,808.00",82.00,United States,NASDAQ,USD,1.0,USD,-
BKE,BUCKLE INC,Consumer Discretionary,Equity,35652982.4,0.05,"35,652,982.40","755,680.00",47.18,United States,New York Stock Exchange Inc.,USD,1.0,USD,-
NSP,INSPERITY INC,Industrials,Equity,35599847.04,0.05,"35,599,847.04","871,264.00",40.86,United States,New York Stock Exchange Inc.,USD,1.0,USD,-
TTI,TETRA TECHNOLOGIES INC,Energy,Equity,35587633.4,0.05,"35,587,633.40","3,078,515.00",11.56,United States,New York Stock Exchange Inc.,USD,1.0,USD,-
LKFN,LAKELAND FINANCIAL CORP,Financials,Equity,35395831.5,0.05,"35,395,831.50","597,398.00",59.25,United States,NASDAQ,USD,1.0,USD,-
CENTA,CENTRAL GARDEN AND PET CLASS A,Consumer Staples,Equity,35360307.72,0.05,"35,360,307.72","1,173,981.00",30.12,United States,NASDAQ,USD,1.0,USD,-
ALKT,ALKAMI TECHNOLOGY INC,Information Technology,Equity,35257956.24,0.05,"35,257,956.24","1,663,896.00",21.19,United States,NASDAQ,USD,1.0,USD,-
XPRO,EXPRO GROUP HOLDINGS NV,Energy,Equity,35080479.57,0.05,"35,080,479.57","2,161,459.00",16.23,United States,New York Stock Exchange Inc.,USD,1.0,USD,-
JJSF,J AND J SNACK FOODS CORP,Consumer Staples,Equity,34971080.76,0.05,"34,971,080.76","372,548.00",93.87,United States,NASDAQ,USD,1.0,USD,-
NVRI,ENVIRI CORP,Industrials,Equity,34942150.71,0.05,"34,942,150.71","1,840,029.00",18.99,United States,New York Stock Exchange Inc.,USD,1.0,USD,-
WKC,WORLD KINECT CORP,Energy,Equity,34769382.5,0.05,"34,769,382.50","1,299,790.00",26.75,United States,New York Stock Exchange Inc.,USD,1.0,USD,-
XHR,XENIA HOTELS RESORTS REIT INC,Real Estate,Equity,34751604.51,0.05,"34,751,604.51","2,349,669.00",14.79,United States,New York Stock Exchange Inc.,USD,1.0,USD,-
NTLA,INTELLIA THERAPEUTICS INC,Health Care,Equity,34581254.0,0.05,"34,581,254.00","2,487,860.00",13.90,United States,NASDAQ,USD,1.0,USD,-
LOB,LIVE OAK BANCSHARES INC,Financials,Equity,34536272.0,0.05,"34,536,272.00","874,336.00",39.50,United States,New York Stock Exchange Inc.,USD,1.0,USD,-
TWO,TWO HARBORS INVESTMENT CORP,Financials,Equity,34517266.44,0.05,"34,517,266.44","2,597,236.00",13.29,United States,New York Stock Exchange Inc.,USD,1.0,USD,-
VYX,NCR VOYIX CORP,Information Technology,Equity,34501355.6,0.05,"34,501,355.60","3,436,390.00",10.04,United States,New York Stock Exchange Inc.,USD,1.0,USD,-
COLL,COLLEGIUM PHARMACEUTICAL INC,Health Care,Equity,34328408.1,0.05,"34,328,408.10","756,966.00",45.35,United States,NASDAQ,USD,1.0,USD,-
DEI,DOUGLAS EMMETT REIT INC,Real Estate,Equity,34125420.45,0.05,"34,125,420.45","3,216,345.00",10.61,United States,New York Stock Exchange Inc.,USD,1.0,USD,-
PWP,PERELLA WEINBERG PARTNERS CLASS A,Financials,Equity,34054681.19,0.05,"34,054,681.19","1,512,869.00",22.51,United States,NASDAQ,USD,1.0,USD,-
NVAX,NOVAVAX INC,Health Care,Equity,33937036.0,0.05,"33,937,036.00","3,595,025.00",9.44,United States,NASDAQ,USD,1.0,USD,-
WWW,WOLVERINE WORLD WIDE INC,Consumer Discretionary,Equity,33933510.0,0.05,"33,933,510.00","1,943,500.00",17.46,United States,New York Stock Exchange Inc.,USD,1.0,USD,-
GPGI,GPGI INC CLASS A,Information Technology,Equity,33750808.53,0.04,"33,750,808.53","1,390,639.00",24.27,United States,New York Stock Exchange Inc.,USD,1.0,USD,-
BLX,BANCO LATINOAMERICANO DE COMERCIO,Financials,Equity,33739915.09,0.04,"33,739,915.09","691,817.00",48.77,Panama,New York Stock Exchange Inc.,USD,1.0,USD,-
STOK,STOKE THERAPEUTICS INC,Health Care,Equity,33623519.02,0.04,"33,623,519.02","1,082,186.00",31.07,United States,NASDAQ,USD,1.0,USD,-
PEB,PEBBLEBROOK HOTEL TRUST REIT,Real Estate,Equity,33621419.52,0.04,"33,621,419.52","2,918,526.00",11.52,United States,New York Stock Exchange Inc.,USD,1.0,USD,-
FIVN,FIVE9 INC,Information Technology,Equity,33496364.04,0.04,"33,496,364.04","1,882,876.00",17.79,United States,NASDAQ,USD,1.0,USD,-
NN,NEXTNAV INC,Information Technology,Equity,33454464.89,0.04,"33,454,464.89","2,286,703.00",14.63,United States,NASDAQ,USD,1.0,USD,-
DCOM,DIME COMMUNITY BANCSHARES INC,Financials,Equity,33446989.92,0.04,"33,446,989.92","986,928.00",33.89,United States,NASDAQ,USD,1.0,USD,-
TNC,TENNANT,Industrials,Equity,33392748.58,0.04,"33,392,748.58","435,766.00",76.63,United States,New York Stock Exchange Inc.,USD,1.0,USD,-
AMSC,AMERICAN SUPERCONDUCTOR CORP,Industrials,Equity,33233969.8,0.04,"33,233,969.80","1,056,724.00",31.45,United States,NASDAQ,USD,1.0,USD,-
IIPR,INNOVATIVE INDUSTRIAL PROPERTIES I,Real Estate,Equity,32894209.79,0.04,"32,894,209.79","678,371.00",48.49,United States,New York Stock Exchange Inc.,USD,1.0,USD,-
SILA,SILA RLTY TR INC TRUST,Real Estate,Equity,32797300.41,0.04,"32,797,300.41","1,343,601.00",24.41,United States,New York Stock Exchange Inc.,USD,1.0,USD,-
CMPR,CIMPRESS PLC,Industrials,Equity,32760299.5,0.04,"32,760,299.50","419,950.00",78.01,United States,NASDAQ,USD,1.0,USD,-
ORKA,ORUKA THERAPEUTICS INC,Health Care,Equity,32699771.4,0.04,"32,699,771.40","927,390.00",35.26,United States,NASDAQ,USD,1.0,USD,-
UVV,UNIVERSAL CORP,Consumer Staples,Equity,32536143.0,0.04,"32,536,143.00","583,085.00",55.80,United States,New York Stock Exchange Inc.,USD,1.0,USD,-
MLKN,MILLERKNOLL INC,Industrials,Equity,32515910.7,0.04,"32,515,910.70","1,673,490.00",19.43,United States,NASDAQ,USD,1.0,USD,-
LNN,LINDSAY CORP,Industrials,Equity,32456485.25,0.04,"32,456,485.25","259,175.00",125.23,United States,New York Stock Exchange Inc.,USD,1.0,USD,-
TNDM,TANDEM DIABETES CARE INC,Health Care,Equity,32417228.48,0.04,"32,417,228.48","1,640,548.00",19.76,United States,NASDAQ,USD,1.0,USD,-
LADR,LADDER CAPITAL CORP CLASS A,Financials,Equity,32390929.08,0.04,"32,390,929.08","2,902,413.00",11.16,United States,New York Stock Exchange Inc.,USD,1.0,USD,-
FSLY,FASTLY INC CLASS A,Information Technology,Equity,32367577.06,0.04,"32,367,577.06","3,364,613.00",9.62,United States,NASDAQ,USD,1.0,USD,-
CNOB,CONNECTONE BANCORP INC,Financials,Equity,32330647.36,0.04,"32,330,647.36","1,170,976.00",27.61,United States,NASDAQ,USD,1.0,USD,-
ENR,ENERGIZER HOLDINGS INC,Consumer Staples,Equity,32324325.5,0.04,"32,324,325.50","1,503,457.00",21.50,United States,New York Stock Exchange Inc.,USD,1.0,USD,-
XPEL,XPEL INC,Consumer Discretionary,Equity,32201488.08,0.04,"32,201,488.08","612,312.00",52.59,United States,NASDAQ,USD,1.0,USD,-
USLM,UNITED STATES LIME AND MINERALS IN,Materials,Equity,32198152.8,0.04,"32,198,152.80","260,040.00",123.82,United States,NASDAQ,USD,1.0,USD,-
COHU,COHU INC,Information Technology,Equity,32106598.64,0.04,"32,106,598.64","1,093,549.00",29.36,United States,NASDAQ,USD,1.0,USD,-
HROW,HARROW INC,Health Care,Equity,32032591.22,0.04,"32,032,591.22","763,954.00",41.93,United States,NASDAQ,USD,1.0,USD,-
WINA,WINMARK CORP,Consumer Discretionary,Equity,32018336.64,0.04,"32,018,336.64","70,848.00",451.93,United States,NASDAQ,USD,1.0,USD,-
NSSC,NAPCO SECURITY TECHNOLOGIES INC,Information Technology,Equity,31997390.3,0.04,"31,997,390.30","835,441.00",38.30,United States,NASDAQ,USD,1.0,USD,-
WS,WORTHINGTON STEEL INC,Materials,Equity,31973613.1,0.04,"31,973,613.10","796,354.00",40.15,United States,New York Stock Exchange Inc.,USD,1.0,USD,-
TGLS,TECNOGLASS INC,Industrials,Equity,31938509.88,0.04,"31,938,509.88","654,746.00",48.78,United States,New York Stock Exchange Inc.,USD,1.0,USD,-
ACVA,ACV AUCTIONS INC CLASS A,Industrials,Equity,31908255.48,0.04,"31,908,255.48","4,049,271.00",7.88,United States,New York Stock Exchange Inc.,USD,1.0,USD,-
ALGT,ALLEGIANT TRAVEL,Industrials,Equity,31901587.2,0.04,"31,901,587.20","348,880.00",91.44,United States,NASDAQ,USD,1.0,USD,-
PCT,PURECYCLE TECHNOLOGIES INC,Materials,Equity,31877365.52,0.04,"31,877,365.52","3,119,116.00",10.22,United States,NASDAQ,USD,1.0,USD,-
DFIN,DONNELLEY FINANCIAL SOLUTIONS INC,Financials,Equity,31815553.63,0.04,"31,815,553.63","615,031.00",51.73,United States,New York Stock Exchange Inc.,USD,1.0,USD,-
HCSG,HEALTHCARE SERVICES GROUP INC,Industrials,Equity,31770635.68,0.04,"31,770,635.68","1,706,264.00",18.62,United States,NASDAQ,USD,1.0,USD,-
ABR,ARBOR REALTY TRUST REIT INC,Financials,Equity,31766478.52,0.04,"31,766,478.52","4,031,279.00",7.88,United States,New York Stock Exchange Inc.,USD,1.0,USD,-
DOLE,DOLE PLC,Consumer Staples,Equity,31754368.62,0.04,"31,754,368.62","2,002,167.00",15.86,Ireland,New York Stock Exchange Inc.,USD,1.0,USD,-
BTDR,BITDEER TECHNOLOGIES GROUP CLASS A,Information Technology,Equity,31751321.94,0.04,"31,751,321.94","2,394,519.00",13.26,Singapore,NASDAQ,USD,1.0,USD,-
VERX,VERTEX INC CLASS A,Information Technology,Equity,31714919.5,0.04,"31,714,919.50","1,695,985.00",18.70,United States,NASDAQ,USD,1.0,USD,-
PRG,PROG HOLDINGS INC,Financials,Equity,31664970.62,0.04,"31,664,970.62","976,711.00",32.42,United States,New York Stock Exchange Inc.,USD,1.0,USD,-
FDP,FRESH DEL MONTE PRODUCE INC,Consumer Staples,Equity,31659566.4,0.04,"31,659,566.40","807,642.00",39.20,United States,New York Stock Exchange Inc.,USD,1.0,USD,-
DHC,DIVERSIFIED HEALTHCARE TRUST,Real Estate,Equity,31611264.88,0.04,"31,611,264.88","5,385,224.00",5.87,United States,NASDAQ,USD,1.0,USD,-
DNTH,DIANTHUS THERAPEUTICS INC,Health Care,Equity,31568362.96,0.04,"31,568,362.96","591,611.00",53.36,United States,NASDAQ,USD,1.0,USD,-
AMLX,AMYLYX PHARMACEUTICALS INC,Health Care,Equity,31513526.55,0.04,"31,513,526.55","2,122,123.00",14.85,United States,NASDAQ,USD,1.0,USD,-
ENOV,ENOVIS CORP,Health Care,Equity,31438361.4,0.04,"31,438,361.40","1,384,340.00",22.71,United States,New York Stock Exchange Inc.,USD,1.0,USD,-
CCB,COASTAL FINANCIAL CORP,Financials,Equity,31409371.7,0.04,"31,409,371.70","311,570.00",100.81,United States,NASDAQ,USD,1.0,USD,-
UTI,UNIVERSAL TECHNICAL INSTITUTE INC,Consumer Discretionary,Equity,31380124.8,0.04,"31,380,124.80","1,119,120.00",28.04,United States,New York Stock Exchange Inc.,USD,1.0,USD,-
ARLO,ARLO TECHNOLOGIES INC,Information Technology,Equity,31337434.38,0.04,"31,337,434.38","2,406,869.00",13.02,United States,New York Stock Exchange Inc.,USD,1.0,USD,-
OBK,ORIGIN BANCORP INC,Financials,Equity,31180822.2,0.04,"31,180,822.20","732,460.00",42.57,United States,New York Stock Exchange Inc.,USD,1.0,USD,-
HG,HAMILTON INSURANCE GROUP LTD CLASS,Financials,Equity,31115136.36,0.04,"31,115,136.36","1,124,508.00",27.67,United States,New York Stock Exchange Inc.,USD,1.0,USD,-
NUVB,NUVATION BIO INC CLASS A,Health Care,Equity,31086500.28,0.04,"31,086,500.28","5,821,442.00",5.34,United States,New York Stock Exchange Inc.,USD,1.0,USD,-
EFC,ELLINGTON FINANCIAL INC,Financials,Equity,31084020.0,0.04,"31,084,020.00","2,302,520.00",13.50,United States,New York Stock Exchange Inc.,USD,1.0,USD,-
OUST,OUSTER INC,Information Technology,Equity,31028256.48,0.04,"31,028,256.48","1,321,476.00",23.48,United States,NASDAQ,USD,1.0,USD,-
NNE,NANO NUCLEAR ENERGY INC,Industrials,Equity,30924306.14,0.04,"30,924,306.14","963,074.00",32.11,United States,NASDAQ,USD,1.0,USD,-
WGO,WINNEBAGO INDUSTRIES INC,Consumer Discretionary,Equity,30695933.25,0.04,"30,695,933.25","658,005.00",46.65,United States,New York Stock Exchange Inc.,USD,1.0,USD,-
VTOL,BRISTOW GROUP INC,Energy,Equity,30651380.79,0.04,"30,651,380.79","682,203.00",44.93,United States,New York Stock Exchange Inc.,USD,1.0,USD,-
ATEN,A10 NETWORKS INC,Information Technology,Equity,30619120.07,0.04,"30,619,120.07","1,728,917.00",17.71,United States,New York Stock Exchange Inc.,USD,1.0,USD,-
NVCR,NOVOCURE LTD,Health Care,Equity,30495554.96,0.04,"30,495,554.96","2,463,292.00",12.38,United States,NASDAQ,USD,1.0,USD,-
PRLB,PROTO LABS INC,Industrials,Equity,30454377.88,0.04,"30,454,377.88","572,666.00",53.18,United States,New York Stock Exchange Inc.,USD,1.0,USD,-
ECPG,ENCORE CAPITAL GROUP INC,Financials,Equity,30448657.92,0.04,"30,448,657.92","548,032.00",55.56,United States,NASDAQ,USD,1.0,USD,-
BFC,BANK FIRST CORP,Financials,Equity,30258597.6,0.04,"30,258,597.60","218,316.00",138.60,United States,NASDAQ,USD,1.0,USD,-
UMH,UMH PROPERTIES INC,Real Estate,Equity,30161567.66,0.04,"30,161,567.66","1,934,674.00",15.59,United States,New York Stock Exchange Inc.,USD,1.0,USD,-
UNIT,UNITI GROUP INC,Communication,Equity,30137543.04,0.04,"30,137,543.04","4,007,652.00",7.52,United States,NASDAQ,USD,1.0,USD,-
SRCE,1ST SOURCE CORP,Financials,Equity,30127461.0,0.04,"30,127,461.00","457,100.00",65.91,United States,NASDAQ,USD,1.0,USD,-
WLY,JOHN WILEY AND SONS INC CLASS A,Communication,Equity,30060799.7,0.04,"30,060,799.70","977,905.00",30.74,United States,New York Stock Exchange Inc.,USD,1.0,USD,-
THS,TREEHOUSE FOODS INC,Consumer Staples,Equity,30039130.9,0.04,"30,039,130.90","1,218,626.00",24.65,United States,New York Stock Exchange Inc.,USD,1.0,USD,-
PRA,PROASSURANCE CORP,Financials,Equity,29942484.24,0.04,"29,942,484.24","1,235,251.00",24.24,United States,New York Stock Exchange Inc.,USD,1.0,USD,-
ECVT,ECOVYST INC,Materials,Equity,29814109.66,0.04,"29,814,109.66","2,755,463.00",10.82,United States,New York Stock Exchange Inc.,USD,1.0,USD,-
BORR,BORR DRILLING LTD,Energy,Equity,29800336.52,0.04,"29,800,336.52","6,394,922.00",4.66,Norway,New York Stock Exchange Inc.,USD,1.0,USD,-
TNGX,TANGO THERAPEUTICS INC,Health Care,Equity,29720129.04,0.04,"29,720,129.04","2,546,712.00",11.67,United States,NASDAQ,USD,1.0,USD,-
USPH,US PHYSICAL THERAPY INC,Health Care,Equity,29681967.48,0.04,"29,681,967.48","360,393.00",82.36,United States,New York Stock Exchange Inc.,USD,1.0,USD,-
ORC,ORCHID ISLAND CAPITAL INC,Financials,Equity,29658229.61,0.04,"29,658,229.61","3,586,243.00",8.27,United States,New York Stock Exchange Inc.,USD,1.0,USD,-
INVA,INNOVIVA INC,Health Care,Equity,29597192.0,0.04,"29,597,192.00","1,498,592.00",19.75,United States,NASDAQ,USD,1.0,USD,-
WABC,WESTAMERICA BANCORPORATION,Financials,Equity,29537184.99,0.04,"29,537,184.99","585,939.00",50.41,United States,NASDAQ,USD,1.0,USD,-
ACT,ENACT HOLDINGS INC,Financials,Equity,29465890.92,0.04,"29,465,890.92","734,078.00",40.14,United States,NASDAQ,USD,1.0,USD,-
PMT,PENNYMAC MORTGAGE INVESTMENT TRUST,Financials,Equity,29444963.94,0.04,"29,444,963.94","2,179,494.00",13.51,United States,New York Stock Exchange Inc.,USD,1.0,USD,-
SCL,STEPAN,Materials,Equity,29387604.0,0.04,"29,387,604.00","515,572.00",57.00,United States,New York Stock Exchange Inc.,USD,1.0,USD,-
LIF,LIFE360 INC,Information Technology,Equity,29380596.67,0.04,"29,380,596.67","498,737.00",58.91,United States,NASDAQ,USD,1.0,USD,-
DLX,DELUXE CORP,Industrials,Equity,29326835.76,0.04,"29,326,835.76","1,081,373.00",27.12,United States,New York Stock Exchange Inc.,USD,1.0,USD,-
NESR,NATIONAL ENERGY SERVICES REUNITED,Energy,Equity,29259734.77,0.04,"29,259,734.77","1,487,531.00",19.67,United States,NASDAQ,USD,1.0,USD,-
TRUP,TRUPANION INC,Financials,Equity,29218434.67,0.04,"29,218,434.67","908,251.00",32.17,United States,NASDAQ,USD,1.0,USD,-
CRVS,CORVUS PHARMACEUTICALS INC,Health Care,Equity,29029645.5,0.04,"29,029,645.50","1,386,325.00",20.94,United States,NASDAQ,USD,1.0,USD,-
ENVX,ENOVIX CORP,Industrials,Equity,29025509.87,0.04,"29,025,509.87","4,070,899.00",7.13,United States,NASDAQ,USD,1.0,USD,-
KW,KENNEDY WILSON HOLDINGS INC,Real Estate,Equity,28844345.4,0.04,"28,844,345.40","2,925,390.00",9.86,United States,New York Stock Exchange Inc.,USD,1.0,USD,-
CRI,CARTERS INC,Consumer Discretionary,Equity,28841514.03,0.04,"28,841,514.03","858,123.00",33.61,United States,New York Stock Exchange Inc.,USD,1.0,USD,-
PZZA,PAPA JOHNS INTERNATIONAL INC,Consumer Discretionary,Equity,28469883.0,0.04,"28,469,883.00","793,475.00",35.88,United States,NASDAQ,USD,1.0,USD,-
TE,T1 ENERGY INC,Industrials,Equity,28435731.36,0.04,"28,435,731.36","3,202,222.00",8.88,United States,New York Stock Exchange Inc.,USD,1.0,USD,-
LFST,LIFESTANCE HEALTH GROUP INC,Health Care,Equity,28397142.83,0.04,"28,397,142.83","4,016,569.00",7.07,United States,NASDAQ,USD,1.0,USD,-
CCOI,COGENT COMMUNICATIONS HOLDINGS INC,Communication,Equity,28077638.2,0.04,"28,077,638.20","1,167,955.00",24.04,United States,NASDAQ,USD,1.0,USD,-
VRE,VERIS RESIDENTIAL INC,Real Estate,Equity,27975677.08,0.04,"27,975,677.08","1,855,151.00",15.08,United States,New York Stock Exchange Inc.,USD,1.0,USD,-
LZ,LEGALZOOM COM INC,Industrials,Equity,27848732.51,0.04,"27,848,732.51","3,056,941.00",9.11,United States,NASDAQ,USD,1.0,USD,-
SEZL,SEZZLE INC,Financials,Equity,27842918.29,0.04,"27,842,918.29","394,879.00",70.51,United States,NASDAQ,USD,1.0,USD,-
PBI,PITNEY BOWES INC,Industrials,Equity,27839959.04,0.04,"27,839,959.04","2,718,746.00",10.24,United States,New York Stock Exchange Inc.,USD,1.0,USD,-
CNMD,CONMED CORP,Health Care,Equity,27826842.68,0.04,"27,826,842.68","745,828.00",37.31,United States,New York Stock Exchange Inc.,USD,1.0,USD,-
SAFT,SAFETY INSURANCE GROUP INC,Financials,Equity,27685392.16,0.04,"27,685,392.16","358,712.00",77.18,United States,NASDAQ,USD,1.0,USD,-
RVLV,REVOLVE GROUP CLASS A INC,Consumer Discretionary,Equity,27655373.4,0.04,"27,655,373.40","980,687.00",28.20,United States,New York Stock Exchange Inc.,USD,1.0,USD,-
APPN,APPIAN CORP CLASS A,Information Technology,Equity,27579597.24,0.04,"27,579,597.24","955,634.00",28.86,United States,NASDAQ,USD,1.0,USD,-
PEBO,PEOPLES BANCORP INC,Financials,Equity,27548593.16,0.04,"27,548,593.16","861,971.00",31.96,United States,NASDAQ,USD,1.0,USD,-
CRAI,CRA INTERNATIONAL INC,Industrials,Equity,27450205.2,0.04,"27,450,205.20","153,912.00",178.35,United States,NASDAQ,USD,1.0,USD,-
MCRI,MONARCH CASINO AND RESORT INC,Consumer Discretionary,Equity,27444342.2,0.04,"27,444,342.20","304,261.00",90.20,United States,NASDAQ,USD,1.0,USD,-
CDRE,CADRE HOLDINGS INC,Industrials,Equity,27441711.0,0.04,"27,441,711.00","683,650.00",40.14,United States,New York Stock Exchange Inc.,USD,1.0,USD,-
WTTR,SELECT WATER SOLUTIONS INC CLASS A,Energy,Equity,27426852.0,0.04,"27,426,852.00","2,274,200.00",12.06,United States,New York Stock Exchange Inc.,USD,1.0,USD,-
ICHR,ICHOR HOLDINGS LTD,Information Technology,Equity,27378275.94,0.04,"27,378,275.94","817,506.00",33.49,United States,NASDAQ,USD,1.0,USD,-
NPKI,NPK INTERNATIONAL INC,Industrials,Equity,27334068.39,0.04,"27,334,068.39","1,976,433.00",13.83,United States,New York Stock Exchange Inc.,USD,1.0,USD,-
BHVN,BIOHAVEN LTD,Health Care,Equity,27244384.2,0.04,"27,244,384.20","2,251,602.00",12.10,United States,New York Stock Exchange Inc.,USD,1.0,USD,-
SGRY,SURGERY PARTNERS INC,Health Care,Equity,27074515.76,0.04,"27,074,515.76","1,869,787.00",14.48,United States,NASDAQ,USD,1.0,USD,-
ZYME,ZYMEWORKS INC,Health Care,Equity,27005543.16,0.04,"27,005,543.16","1,206,682.00",22.38,United States,NASDAQ,USD,1.0,USD,-
EYPT,EYEPOINT INC,Health Care,Equity,26946745.5,0.04,"26,946,745.50","1,826,898.00",14.75,United States,NASDAQ,USD,1.0,USD,-
GRC,GORMAN-RUPP,Industrials,Equity,26921355.1,0.04,"26,921,355.10","492,614.00",54.65,United States,New York Stock Exchange Inc.,USD,1.0,USD,-
FIHL,FIDELIS INSURANCE HOLDINGS LTD,Financials,Equity,26884478.08,0.04,"26,884,478.08","1,423,966.00",18.88,Bermuda,New York Stock Exchange Inc.,USD,1.0,USD,-
HLIT,HARMONIC INC,Information Technology,Equity,26861095.14,0.04,"26,861,095.14","2,724,249.00",9.86,United States,NASDAQ,USD,1.0,USD,-
CSTL,CASTLE BIOSCIENCES INC,Health Care,Equity,26845668.08,0.04,"26,845,668.08","685,538.00",39.16,United States,NASDAQ,USD,1.0,USD,-
XERS,XERIS BIOPHARMA HOLDINGS INC,Health Care,Equity,26777067.6,0.04,"26,777,067.60","3,698,490.00",7.24,United States,NASDAQ,USD,1.0,USD,-
HLX,HELIX ENERGY SOLUTIONS GROUP INC,Energy,Equity,26725216.32,0.04,"26,725,216.32","3,374,396.00",7.92,United States,New York Stock Exchange Inc.,USD,1.0,USD,-
PAR,PAR TECHNOLOGY CORP,Information Technology,Equity,26649823.68,0.04,"26,649,823.68","966,624.00",27.57,United States,New York Stock Exchange Inc.,USD,1.0,USD,-
ASTE,ASTEC INDUSTRIES INC,Industrials,Equity,26640054.54,0.04,"26,640,054.54","550,187.00",48.42,United States,NASDAQ,USD,1.0,USD,-
VRTS,VIRTUS INVESTMENT PARTNERS INC,Financials,Equity,26639339.15,0.04,"26,639,339.15","160,565.00",165.91,United States,New York Stock Exchange Inc.,USD,1.0,USD,-
LPG,DORIAN LPG LTD,Energy,Equity,26525938.72,0.04,"26,525,938.72","891,928.00",29.74,United States,New York Stock Exchange Inc.,USD,1.0,USD,-
TRS,TRIMAS CORP,Materials,Equity,26392160.31,0.04,"26,392,160.31","766,991.00",34.41,United States,NASDAQ,USD,1.0,USD,-
CDNA,CAREDX INC,Health Care,Equity,26235185.6,0.03,"26,235,185.60","1,261,307.00",20.80,United States,NASDAQ,USD,1.0,USD,-
CIM,CHIMERA INVESTMENT CORP,Financials,Equity,26225596.8,0.03,"26,225,596.80","2,023,580.00",12.96,United States,New York Stock Exchange Inc.,USD,1.0,USD,-
THRM,GENTHERM INC,Consumer Discretionary,Equity,26216673.28,0.03,"26,216,673.28","731,492.00",35.84,United States,NASDAQ,USD,1.0,USD,-
RLJ,RLJ LODGING TRUST REIT,Real Estate,Equity,26201655.0,0.03,"26,201,655.00","3,493,554.00",7.50,United States,New York Stock Exchange Inc.,USD,1.0,USD,-
OCFC,OCEANFIRST FINANCIAL CORP,Financials,Equity,26130693.54,0.03,"26,130,693.54","1,403,367.00",18.62,United States,NASDAQ,USD,1.0,USD,-
RLAY,RELAY THERAPEUTICS INC,Health Care,Equity,26112790.83,0.03,"26,112,790.83","3,386,873.00",7.71,United States,NASDAQ,USD,1.0,USD,-
MFA,MFA FINANCIAL INC,Financials,Equity,26010316.8,0.03,"26,010,316.80","2,565,120.00",10.14,United States,New York Stock Exchange Inc.,USD,1.0,USD,-
CSR,CENTERSPACE,Real Estate,Equity,26004941.2,0.03,"26,004,941.20","404,180.00",64.34,United States,New York Stock Exchange Inc.,USD,1.0,USD,-
PDFS,PDF SOLUTIONS INC,Information Technology,Equity,25954953.24,0.03,"25,954,953.24","762,708.00",34.03,United States,NASDAQ,USD,1.0,USD,-
EIG,EMPLOYERS HOLDINGS INC,Financials,Equity,25905885.0,0.03,"25,905,885.00","579,550.00",44.70,United States,New York Stock Exchange Inc.,USD,1.0,USD,-
MBIN,MERCHANTS BANCORP,Financials,Equity,25865990.16,0.03,"25,865,990.16","639,614.00",40.44,United States,NASDAQ,USD,1.0,USD,-
FG,F&G ANNUITIES AND LIFE INC,Financials,Equity,25673638.2,0.03,"25,673,638.20","873,253.00",29.40,United States,New York Stock Exchange Inc.,USD,1.0,USD,-
GIII,G III APPAREL GROUP LTD,Consumer Discretionary,Equity,25566051.06,0.03,"25,566,051.06","888,327.00",28.78,United States,NASDAQ,USD,1.0,USD,-
PDM,PIEDMONT REALTY TRUST INC CLASS A,Real Estate,Equity,25433974.75,0.03,"25,433,974.75","3,045,985.00",8.35,United States,New York Stock Exchange Inc.,USD,1.0,USD,-
SFL,SFL LTD,Energy,Equity,25392245.57,0.03,"25,392,245.57","2,875,679.00",8.83,United States,New York Stock Exchange Inc.,USD,1.0,USD,-
MBX,MBX BIOSCIENCES INC,Health Care,Equity,25294307.16,0.03,"25,294,307.16","686,599.00",36.84,United States,NASDAQ,USD,1.0,USD,-
TMP,TOMPKINS FINANCIAL CORP,Financials,Equity,25258825.43,0.03,"25,258,825.43","329,191.00",76.73,United States,Nyse Mkt Llc,USD,1.0,USD,-
PENG,PENGUIN SOLUTIONS INC,Information Technology,Equity,25247242.86,0.03,"25,247,242.86","1,278,989.00",19.74,United States,NASDAQ,USD,1.0,USD,-
IMKTA,INGLES MARKETS INC CLASS A,Consumer Staples,Equity,25170507.04,0.03,"25,170,507.04","345,464.00",72.86,United States,NASDAQ,USD,1.0,USD,-
AMRC,AMERESCO INC CLASS A,Industrials,Equity,25156604.46,0.03,"25,156,604.46","777,158.00",32.37,United States,New York Stock Exchange Inc.,USD,1.0,USD,-
PRKS,UNITED PARKS AND RESORTS INC,Consumer Discretionary,Equity,25120428.0,0.03,"25,120,428.00","656,400.00",38.27,United States,New York Stock Exchange Inc.,USD,1.0,USD,-
PGY,PAGAYA TECHNOLOGIES LTD CLASS A,Information Technology,Equity,24876988.5,0.03,"24,876,988.50","1,234,590.00",20.15,United States,NASDAQ,USD,1.0,USD,-
BY,BYLINE BANCORP INC,Financials,Equity,24858220.32,0.03,"24,858,220.32","780,723.00",31.84,United States,New York Stock Exchange Inc.,USD,1.0,USD,-
FA,FIRST ADVANTAGE CORP,Industrials,Equity,24833497.5,0.03,"24,833,497.50","1,902,950.00",13.05,United States,NASDAQ,USD,1.0,USD,-
TDOC,TELADOC HEALTH INC,Health Care,Equity,24774765.0,0.03,"24,774,765.00","4,346,450.00",5.70,United States,New York Stock Exchange Inc.,USD,1.0,USD,-
GOLD,GOLD INC,Consumer Discretionary,Equity,24745206.04,0.03,"24,745,206.04","462,268.00",53.53,United States,New York Stock Exchange Inc.,USD,1.0,USD,-
LGIH,LGI HOMES INC,Consumer Discretionary,Equity,24600886.28,0.03,"24,600,886.28","490,595.00",50.15,United States,NASDAQ,USD,1.0,USD,-
OSBC,OLD SECOND BANCORP INC,Financials,Equity,24544051.38,0.03,"24,544,051.38","1,228,431.00",19.98,United States,NASDAQ,USD,1.0,USD,-
TSHA,TAYSHA GENE THERAPIES INC,Health Care,Equity,24534182.1,0.03,"24,534,182.10","5,368,530.00",4.57,United States,NASDAQ,USD,1.0,USD,-
JAMF,JAMF HOLDING CORP,Information Technology,Equity,24528832.2,0.03,"24,528,832.20","1,879,604.00",13.05,United States,NASDAQ,USD,1.0,USD,-
UPB,UPSTREAM BIO INC,Health Care,Equity,24528334.74,0.03,"24,528,334.74","792,771.00",30.94,United States,NASDAQ,USD,1.0,USD,-
GLDD,GREAT LAKES DREDGE AND DOCK CORP,Industrials,Equity,24483139.23,0.03,"24,483,139.23","1,603,349.00",15.27,United States,NASDAQ,USD,1.0,USD,-
GLUE,MONTE ROSA THERAPEUTICS INC,Health Care,Equity,24244796.16,0.03,"24,244,796.16","1,135,056.00",21.36,United States,NASDAQ,USD,1.0,USD,-
SMA,SMARTSTOP SELF STORAGE REIT INC,Real Estate,Equity,24212191.35,0.03,"24,212,191.35","769,863.00",31.45,United States,New York Stock Exchange Inc.,USD,1.0,USD,-
GCT,GIGACLOUD TECHNOLOGY INC CLASS A,Consumer Discretionary,Equity,24190978.11,0.03,"24,190,978.11","594,519.00",40.69,United States,NASDAQ,USD,1.0,USD,-
AHCO,ADAPTHEALTH CORP,Health Care,Equity,24175367.26,0.03,"24,175,367.26","2,469,394.00",9.79,United States,NASDAQ,USD,1.0,USD,-
SKYT,SKYWATER TECHNOLOGY INC,Information Technology,Equity,24164162.56,0.03,"24,164,162.56","733,136.00",32.96,United States,NASDAQ,USD,1.0,USD,-
JBGS,JBG SMITH PROPERTIES,Real Estate,Equity,24156471.96,0.03,"24,156,471.96","1,453,458.00",16.62,United States,New York Stock Exchange Inc.,USD,1.0,USD,-
ELVN,ENLIVEN THERAPEUTICS INC,Health Care,Equity,24128208.46,0.03,"24,128,208.46","939,938.00",25.67,United States,NASDAQ,USD,1.0,USD,-
REX,REX AMERICAN RESOURCES CORP,Energy,Equity,24056098.56,0.03,"24,056,098.56","699,712.00",34.38,United States,New York Stock Exchange Inc.,USD,1.0,USD,-
FIGS,FIGS INC CLASS A,Consumer Discretionary,Equity,24012206.4,0.03,"24,012,206.40","2,143,947.00",11.20,United States,New York Stock Exchange Inc.,USD,1.0,USD,-
CTBI,COMMUNITY TRUST BANCORP INC,Financials,Equity,23818929.63,0.03,"23,818,929.63","387,741.00",61.43,United States,NASDAQ,USD,1.0,USD,-
UAMY,UNITED STATES ANTIMONY CORP,Materials,Equity,23696840.65,0.03,"23,696,840.65","2,858,485.00",8.29,United States,Nyse Mkt Llc,USD,1.0,USD,-
AAT,AMERICAN ASSETS TRUST REIT INC,Real Estate,Equity,23696081.18,0.03,"23,696,081.18","1,315,718.00",18.01,United States,New York Stock Exchange Inc.,USD,1.0,USD,"Jan 01, 1970"
LILAK,LIBERTY LATIN AMERICA LTD CLASS C,Communication,Equity,23694500.24,0.03,"23,694,500.24","3,041,656.00",7.79,United States,NASDAQ,USD,1.0,USD,-
EVLV,EVOLV TECHNOLOGIES HOLDINGS INC CL,Information Technology,Equity,23600300.04,0.03,"23,600,300.04","3,710,739.00",6.36,United States,NASDAQ,USD,1.0,USD,-
ESRT,EMPIRE STATE REALTY REIT INC TRUST,Real Estate,Equity,23582175.74,0.03,"23,582,175.74","3,504,038.00",6.73,United States,New York Stock Exchange Inc.,USD,1.0,USD,-
UPBD,UPBOUND GROUP INC,Consumer Discretionary,Equity,23571054.6,0.03,"23,571,054.60","1,267,261.00",18.60,United States,NASDAQ,USD,1.0,USD,-
INVX,INNOVEX INTERNATIONAL INC,Energy,Equity,23521943.91,0.03,"23,521,943.91","934,523.00",25.17,United States,New York Stock Exchange Inc.,USD,1.0,USD,-
PAX,PATRIA INVESTMENTS LTD CLASS A,Financials,Equity,23518078.47,0.03,"23,518,078.47","1,603,141.00",14.67,Brazil,NASDAQ,USD,1.0,USD,-
VITL,VITAL FARMS INC,Consumer Staples,Equity,23515667.32,0.03,"23,515,667.32","835,964.00",28.13,United States,NASDAQ,USD,1.0,USD,-
DEA,EASTERLY GOVERNMENT PROPERTIES INC,Real Estate,Equity,23406449.76,0.03,"23,406,449.76","1,011,952.00",23.13,United States,New York Stock Exchange Inc.,USD,1.0,USD,-
SCSC,SCANSOURCE INC,Information Technology,Equity,23400381.76,0.03,"23,400,381.76","549,821.00",42.56,United States,NASDAQ,USD,1.0,USD,-
TRVI,TREVI THERAPEUTICS INC,Health Care,Equity,23392178.7,0.03,"23,392,178.70","2,188,230.00",10.69,United States,NASDAQ,USD,1.0,USD,-
UVSP,UNIVEST FINANCIAL CORP,Financials,Equity,23291143.04,0.03,"23,291,143.04","711,832.00",32.72,United States,NASDAQ,USD,1.0,USD,-
MIAX,MIAMI INTERNATIONAL HOLDINGS INC,Financials,Equity,23234629.11,0.03,"23,234,629.11","557,319.00",41.69,United States,New York Stock Exchange Inc.,USD,1.0,USD,-
SBSI,SOUTHSIDE BANCSHARES INC,Financials,Equity,23179937.13,0.03,"23,179,937.13","717,423.00",32.31,United States,New York Stock Exchange Inc.,USD,1.0,USD,-
BV,BRIGHTVIEW HOLDINGS INC,Industrials,Equity,23168066.46,0.03,"23,168,066.46","1,745,898.00",13.27,United States,New York Stock Exchange Inc.,USD,1.0,USD,-
MAZE,MAZE THERAPEUTICS INC,Health Care,Equity,23088465.0,0.03,"23,088,465.00","513,077.00",45.00,United States,NASDAQ,USD,1.0,USD,-
NBR,NABORS INDUSTRIES LTD,Energy,Equity,23026593.38,0.03,"23,026,593.38","343,373.00",67.06,United States,New York Stock Exchange Inc.,USD,1.0,USD,-
AXL,AMERICAN AXLE AND MANUFACTURING HO,Consumer Discretionary,Equity,22925400.16,0.03,"22,925,400.16","2,837,302.00",8.08,United States,New York Stock Exchange Inc.,USD,1.0,USD,-
WMK,WEIS MARKETS INC,Consumer Staples,Equity,22897940.4,0.03,"22,897,940.40","327,020.00",70.02,United States,New York Stock Exchange Inc.,USD,1.0,USD,-
ALH,ALLIANCE LAUNDRY HOLDINGS INC,Industrials,Equity,22866323.73,0.03,"22,866,323.73","1,048,433.00",21.81,United States,New York Stock Exchange Inc.,USD,1.0,USD,-
AMPH,AMPHASTAR PHARMACEUTICALS INC,Health Care,Equity,22844796.9,0.03,"22,844,796.90","873,606.00",26.15,United States,NASDAQ,USD,1.0,USD,-
AMAL,AMALGAMATED FINANCIAL CORP,Financials,Equity,22825726.56,0.03,"22,825,726.56","584,376.00",39.06,United States,NASDAQ,USD,1.0,USD,-
RDW,REDWIRE CORP,Industrials,Equity,22732997.49,0.03,"22,732,997.49","1,774,629.00",12.81,United States,New York Stock Exchange Inc.,USD,1.0,USD,-
STAA,STAAR SURGICAL,Health Care,Equity,22717753.46,0.03,"22,717,753.46","1,199,459.00",18.94,United States,NASDAQ,USD,1.0,USD,-
MSEX,MIDDLESEX WATER,Utilities,Equity,22691867.34,0.03,"22,691,867.34","436,466.00",51.99,United States,NASDAQ,USD,1.0,USD,-
SNCY,SUN COUNTRY AIRLINES HOLDINGS INC,Industrials,Equity,22640924.13,0.03,"22,640,924.13","1,259,929.00",17.97,United States,NASDAQ,USD,1.0,USD,-
PD,PAGERDUTY INC,Information Technology,Equity,22549646.42,0.03,"22,549,646.42","2,145,542.00",10.51,United States,New York Stock Exchange Inc.,USD,1.0,USD,-
FMBH,FIRST MID BANCSHARES INC,Financials,Equity,22495412.4,0.03,"22,495,412.40","542,712.00",41.45,United States,NASDAQ,USD,1.0,USD,-
JBI,JANUS INTERNATIONAL GROUP INC,Industrials,Equity,22495013.12,0.03,"22,495,013.12","3,269,624.00",6.88,United States,New York Stock Exchange Inc.,USD,1.0,USD,-
BLFS,BIOLIFE SOLUTIONS INC,Health Care,Equity,22371022.1,0.03,"22,371,022.10","990,745.00",22.58,United States,NASDAQ,USD,1.0,USD,-
CLOV,CLOVER HEALTH INVESTMENTS CORP CLA,Health Care,Equity,22349189.66,0.03,"22,349,189.66","9,845,458.00",2.27,United States,NASDAQ,USD,1.0,USD,-
PUMP,PROPETRO HOLDING CORP,Energy,Equity,22319577.28,0.03,"22,319,577.28","1,951,012.00",11.44,United States,New York Stock Exchange Inc.,USD,1.0,USD,-
PNTG,PENNANT GROUP INC,Health Care,Equity,22307389.5,0.03,"22,307,389.50","815,925.00",27.34,United States,NASDAQ,USD,1.0,USD,-
AESI,ATLAS ENERGY SOLUTIONS INC,Energy,Equity,22244753.44,0.03,"22,244,753.44","1,880,368.00",11.83,United States,New York Stock Exchange Inc.,USD,1.0,USD,-
CLB,CORE LABORATORIES INC,Energy,Equity,22197383.32,0.03,"22,197,383.32","1,130,213.00",19.64,United States,New York Stock Exchange Inc.,USD,1.0,USD,-
GBTG,GLOBAL BUSINESS TRAVEL GROUP INC C,Consumer Discretionary,Equity,21993594.0,0.03,"21,993,594.00","3,141,942.00",7.00,United States,New York Stock Exchange Inc.,USD,1.0,USD,-
ASTH,ASTRANA HEALTH INC,Health Care,Equity,21953508.3,0.03,"21,953,508.30","979,630.00",22.41,United States,NASDAQ,USD,1.0,USD,-
ASAN,ASANA INC CLASS A,Information Technology,Equity,21843021.93,0.03,"21,843,021.93","2,098,273.00",10.41,United States,New York Stock Exchange Inc.,USD,1.0,USD,-
SAH,SONIC AUTOMOTIVE INC CLASS A,Consumer Discretionary,Equity,21770669.13,0.03,"21,770,669.13","361,219.00",60.27,United States,New York Stock Exchange Inc.,USD,1.0,USD,-
RHLD,RESOLUTE HOLDINGS MANAGEMENT INC,Industrials,Equity,21744263.52,0.03,"21,744,263.52","102,606.00",211.92,United States,New York Stock Exchange Inc.,USD,1.0,USD,-
CFFN,CAPITOL FEDERAL FINANCIAL INC,Financials,Equity,21720376.2,0.03,"21,720,376.20","2,975,394.00",7.30,United States,NASDAQ,USD,1.0,USD,"Jan 01, 1970"
BBSI,BARRETT BUSINESS SERVICES INC,Industrials,Equity,21713454.0,0.03,"21,713,454.00","591,325.00",36.72,United States,NASDAQ,USD,1.0,USD,-
CMP,COMPASS MINERALS INTERNATIONAL INC,Materials,Equity,21711019.05,0.03,"21,711,019.05","840,535.00",25.83,United States,New York Stock Exchange Inc.,USD,1.0,USD,-
GO,GROCERY OUTLET HOLDING CORP,Consumer Staples,Equity,21597662.72,0.03,"21,597,662.72","2,287,888.00",9.44,United States,NASDAQ,USD,1.0,USD,-
DRVN,DRIVEN BRANDS HOLDINGS INC,Consumer Discretionary,Equity,21588748.12,0.03,"21,588,748.12","1,418,446.00",15.22,United States,NASDAQ,USD,1.0,USD,-
PCRX,PACIRA BIOSCIENCES INC,Health Care,Equity,21550422.46,0.03,"21,550,422.46","1,072,694.00",20.09,United States,NASDAQ,USD,1.0,USD,-
HFWA,HERITAGE FINANCIAL CORP,Financials,Equity,21410844.0,0.03,"21,410,844.00","840,300.00",25.48,United States,NASDAQ,USD,1.0,USD,-
ANAB,ANAPTYSBIO INC,Health Care,Equity,21379475.7,0.03,"21,379,475.70","446,802.00",47.85,United States,NASDAQ,USD,1.0,USD,-
LMB,LIMBACH HOLDINGS INC,Industrials,Equity,21353173.08,0.03,"21,353,173.08","255,543.00",83.56,United States,NASDAQ,USD,1.0,USD,-
NBN,NORTHEAST BANK,Financials,Equity,21342621.3,0.03,"21,342,621.30","182,182.00",117.15,United States,NASDAQ,USD,1.0,USD,-
FWRG,FIRST WATCH RESTAURANT GROUP INC,Consumer Discretionary,Equity,21287745.76,0.03,"21,287,745.76","1,317,311.00",16.16,United States,NASDAQ,USD,1.0,USD,-
EE,EXCELERATE ENERGY INC CLASS A,Energy,Equity,21281619.11,0.03,"21,281,619.11","579,407.00",36.73,United States,New York Stock Exchange Inc.,USD,1.0,USD,-
ALNT,ALLIENT INC,Industrials,Equity,21240543.31,0.03,"21,240,543.31","347,011.00",61.21,United States,NASDAQ,USD,1.0,USD,-
XNCR,XENCOR INC,Health Care,Equity,21192777.28,0.03,"21,192,777.28","1,711,856.00",12.38,United States,NASDAQ,USD,1.0,USD,-
MCB,METROPOLITAN BANK HOLDING CORP,Financials,Equity,21191832.0,0.03,"21,191,832.00","230,346.00",92.00,United States,New York Stock Exchange Inc.,USD,1.0,USD,-
COUR,COURSERA INC,Consumer Discretionary,Equity,21166552.85,0.03,"21,166,552.85","3,452,945.00",6.13,United States,New York Stock Exchange Inc.,USD,1.0,USD,-
ARVN,ARVINAS INC,Health Care,Equity,21147651.96,0.03,"21,147,651.96","1,580,542.00",13.38,United States,NASDAQ,USD,1.0,USD,-
DAWN,DAY ONE BIOPHARMACEUTICALS INC,Health Care,Equity,21095268.12,0.03,"21,095,268.12","1,890,257.00",11.16,United States,NASDAQ,USD,1.0,USD,-
CAPR,CAPRICOR THERAPEUTICS INC,Health Care,Equity,20968378.34,0.03,"20,968,378.34","927,394.00",22.61,United States,NASDAQ,USD,1.0,USD,-
AMPL,AMPLITUDE INC CLASS A,Information Technology,Equity,20831983.68,0.03,"20,831,983.68","2,223,264.00",9.37,United States,NASDAQ,USD,1.0,USD,-
DAKT,DAKTRONICS INC,Information Technology,Equity,20795646.62,0.03,"20,795,646.62","925,897.00",22.46,United States,NASDAQ,USD,1.0,USD,-
BHRB,BURKE HERBERT FINANCIAL SERVICES C,Financials,Equity,20774989.2,0.03,"20,774,989.20","322,593.00",64.40,United States,NASDAQ,USD,1.0,USD,-
FBRT,FRANKLIN BSP REALTY TRUST INC,Financials,Equity,20759265.84,0.03,"20,759,265.84","1,992,252.00",10.42,United States,New York Stock Exchange Inc.,USD,1.0,USD,-
TRST,TRUSTCO BANK CORP,Financials,Equity,20721363.55,0.03,"20,721,363.55","480,217.00",43.15,United States,NASDAQ,USD,1.0,USD,-
NAT,NORDIC AMERICAN TANKERS LTD,Energy,Equity,20632909.3,0.03,"20,632,909.30","4,889,315.00",4.22,United States,New York Stock Exchange Inc.,USD,1.0,USD,-
EPC,EDGEWELL PERSONAL CARE,Consumer Staples,Equity,20602454.06,0.03,"20,602,454.06","1,090,654.00",18.89,United States,New York Stock Exchange Inc.,USD,1.0,USD,-
UTL,UNITIL CORP,Utilities,Equity,20577007.22,0.03,"20,577,007.22","407,143.00",50.54,United States,New York Stock Exchange Inc.,USD,1.0,USD,-
NX,QUANEX BUILDING PRODUCTS CORP,Industrials,Equity,20560001.44,0.03,"20,560,001.44","1,101,232.00",18.67,United States,New York Stock Exchange Inc.,USD,1.0,USD,-
BJRI,BJS RESTAURANTS INC,Consumer Discretionary,Equity,20517274.91,0.03,"20,517,274.91","492,139.00",41.69,United States,NASDAQ,USD,1.0,USD,-
HBNC,HORIZON BANCORP INC,Financials,Equity,20454362.61,0.03,"20,454,362.61","1,169,489.00",17.49,United States,NASDAQ,USD,1.0,USD,-
TDAY,USA TODAY INC,Communication,Equity,20445732.32,0.03,"20,445,732.32","3,430,492.00",5.96,United States,New York Stock Exchange Inc.,USD,1.0,USD,-
INDI,INDIE SEMICONDUCTOR INC CLASS A,Information Technology,Equity,20351210.88,0.03,"20,351,210.88","4,743,872.00",4.29,United States,NASDAQ,USD,1.0,USD,-
KOD,KODIAK SCIENCES INC,Health Care,Equity,20310152.67,0.03,"20,310,152.67","798,669.00",25.43,United States,NASDAQ,USD,1.0,USD,-
AMWD,AMERICAN WOODMARK CORP,Industrials,Equity,20306647.9,0.03,"20,306,647.90","346,885.00",58.54,United States,NASDAQ,USD,1.0,USD,-
NBBK,NB BANCORP INC,Financials,Equity,20235415.2,0.03,"20,235,415.20","943,376.00",21.45,United States,NASDAQ,USD,1.0,USD,-
PLOW,DOUGLAS DYNAMICS INC,Industrials,Equity,20234852.32,0.03,"20,234,852.32","539,884.00",37.48,United States,New York Stock Exchange Inc.,USD,1.0,USD,-
ESPR,ESPERION THERAPEUTICS INC,Health Care,Equity,20199922.45,0.03,"20,199,922.45","5,690,119.00",3.55,United States,NASDAQ,USD,1.0,USD,-
TYRA,TYRA BIOSCIENCES INC,Health Care,Equity,20182811.88,0.03,"20,182,811.88","624,082.00",32.34,United States,NASDAQ,USD,1.0,USD,-
SMP,STANDARD MOTOR PRODUCTS INC,Consumer Discretionary,Equity,20158627.86,0.03,"20,158,627.86","499,842.00",40.33,United States,New York Stock Exchange Inc.,USD,1.0,USD,-
MBWM,MERCANTILE BANK CORP,Financials,Equity,20145973.92,0.03,"20,145,973.92","392,556.00",51.32,United States,NASDAQ,USD,1.0,USD,-
CMPX,COMPASS THERAPEUTICS,Health Care,Equity,19948716.04,0.03,"19,948,716.04","3,126,758.00",6.38,United States,NASDAQ,USD,1.0,USD,-
METC,RAMACO RESOURCES INC CLASS A,Materials,Equity,19927224.26,0.03,"19,927,224.26","997,858.00",19.97,United States,NASDAQ,USD,1.0,USD,-
BBUC,BROOKFIELD BUSINESS CORP CLASS A,Industrials,Equity,19908151.2,0.03,"19,908,151.20","564,290.00",35.28,Canada,New York Stock Exchange Inc.,USD,1.0,USD,-
HAFC,HANMI FINANCIAL CORP,Financials,Equity,19902710.19,0.03,"19,902,710.19","749,067.00",26.57,United States,NASDAQ,USD,1.0,USD,-
EXPI,EXP WORLD HOLDINGS INC,Real Estate,Equity,19821066.72,0.03,"19,821,066.72","2,195,024.00",9.03,United States,NASDAQ,USD,1.0,USD,-
PAHC,PHIBRO ANIMAL HEALTH CORP CLASS A,Health Care,Equity,19644867.64,0.03,"19,644,867.64","492,476.00",39.89,United States,NASDAQ,USD,1.0,USD,-
FIZZ,NATIONAL BEVERAGE CORP,Consumer Staples,Equity,19558500.0,0.03,"19,558,500.00","575,250.00",34.00,United States,NASDAQ,USD,1.0,USD,-
FLNG,FLEX LNG LTD,Energy,Equity,19542717.9,0.03,"19,542,717.90","731,937.00",26.70,Norway,New York Stock Exchange Inc.,USD,1.0,USD,-
AMTB,AMERANT BANCORP INC CLASS A,Financials,Equity,19491331.94,0.03,"19,491,331.94","896,978.00",21.73,United States,New York Stock Exchange Inc.,USD,1.0,USD,-
BFLY,BUTTERFLY NETWORK INC CLASS A,Health Care,Equity,19475016.25,0.03,"19,475,016.25","4,692,775.00",4.15,United States,New York Stock Exchange Inc.,USD,1.0,USD,-
PGEN,PRECIGEN INC,Health Care,Equity,19469487.0,0.03,"19,469,487.00","4,297,900.00",4.53,United States,NASDAQ,USD,1.0,USD,-
BRSP,BRIGHTSPIRE CAPITAL INC CLASS A,Financials,Equity,19464825.38,0.03,"19,464,825.38","3,170,167.00",6.14,United States,New York Stock Exchange Inc.,USD,1.0,USD,-
KOS,KOSMOS ENERGY LTD,Energy,Equity,19426911.66,0.03,"19,426,911.66","11,495,214.00",1.69,United States,New York Stock Exchange Inc.,USD,1.0,USD,-
GPRE,GREEN PLAINS INC,Energy,Equity,19421774.97,0.03,"19,421,774.97","1,606,433.00",12.09,United States,NASDAQ,USD,1.0,USD,-
SDGR,SCHRODINGER INC,Health Care,Equity,19415929.52,0.03,"19,415,929.52","1,355,861.00",14.32,United States,NASDAQ,USD,1.0,USD,-
IRMD,IRADIMED CORP,Health Care,Equity,19409426.82,0.03,"19,409,426.82","195,699.00",99.18,United States,NASDAQ,USD,1.0,USD,-
SAFE,SAFEHOLD INC,Real Estate,Equity,19309779.12,0.03,"19,309,779.12","1,383,222.00",13.96,United States,New York Stock Exchange Inc.,USD,1.0,USD,-
IOVA,IOVANCE BIOTHERAPEUTICS INC,Health Care,Equity,19294474.26,0.03,"19,294,474.26","7,336,302.00",2.63,United States,NASDAQ,USD,1.0,USD,-
MSFUT,CASH COLLATERAL MSFUT USD,Cash and/or Derivatives,Cash Collateral and Margins,19263000.0,0.03,"19,263,000.00","19,263,000.00",100.00,United States,-,USD,1.0,USD,"Feb 01, 2009"
UVE,UNIVERSAL INSURANCE HOLDINGS INC,Financials,Equity,19255131.72,0.03,"19,255,131.72","634,227.00",30.36,United States,New York Stock Exchange Inc.,USD,1.0,USD,-
APOG,APOGEE ENTERPRISES INC,Industrials,Equity,19217584.89,0.03,"19,217,584.89","512,674.00",37.48,United States,NASDAQ,USD,1.0,USD,-
TROX,TRONOX HOLDINGS PLC,Materials,Equity,19211557.4,0.03,"19,211,557.40","2,888,956.00",6.65,United States,New York Stock Exchange Inc.,USD,1.0,USD,-
DEC,DIVERSIFIED ENERGY COMPANY,Energy,Equity,19192415.4,0.03,"19,192,415.40","1,460,610.00",13.14,United Kingdom,New York Stock Exchange Inc.,USD,1.0,USD,-
PHR,PHREESIA INC,Health Care,Equity,19181459.25,0.03,"19,181,459.25","1,375,015.00",13.95,United States,New York Stock Exchange Inc.,USD,1.0,USD,-
CWH,CAMPING WORLD HOLDINGS INC CLASS A,Consumer Discretionary,Equity,19180800.0,0.03,"19,180,800.00","1,440,000.00",13.32,United States,New York Stock Exchange Inc.,USD,1.0,USD,-
BFST,BUSINESS FIRST BANCSHARES INC,Financials,Equity,19154166.18,0.03,"19,154,166.18","693,489.00",27.62,United States,NASDAQ,USD,1.0,USD,-
OMER,OMEROS CORP,Health Care,Equity,19078569.35,0.03,"19,078,569.35","1,596,533.00",11.95,United States,NASDAQ,USD,1.0,USD,-
RWT,REDWOOD TRUST REIT INC,Financials,Equity,19073502.53,0.03,"19,073,502.53","3,249,319.00",5.87,United States,New York Stock Exchange Inc.,USD,1.0,USD,-
SVRA,SAVARA INC,Health Care,Equity,19051531.74,0.03,"19,051,531.74","3,414,253.00",5.58,United States,NASDAQ,USD,1.0,USD,-
CCNE,CNB FINANCIAL CORP,Financials,Equity,19034733.9,0.03,"19,034,733.90","697,243.00",27.30,United States,NASDAQ,USD,1.0,USD,-
ESQ,ESQUIRE FINANCIAL HOLDINGS INC,Financials,Equity,19000917.94,0.03,"19,000,917.94","173,461.00",109.54,United States,NASDAQ,USD,1.0,USD,-
LINC,LINCOLN EDUCATIONAL SERVICES CORP,Consumer Discretionary,Equity,18950950.14,0.03,"18,950,950.14","712,174.00",26.61,United States,NASDAQ,USD,1.0,USD,-
AIV,APARTMENT INVESTMENT AND MANAGEMEN,Real Estate,Equity,18926346.72,0.03,"18,926,346.72","3,229,752.00",5.86,United States,New York Stock Exchange Inc.,USD,1.0,USD,-
IRWD,IRONWOOD PHARMA INC CLASS A,Health Care,Equity,18884127.78,0.03,"18,884,127.78","3,885,623.00",4.86,United States,NASDAQ,USD,1.0,USD,-
BKSY,BLACKSKY TECHNOLOGY INC CLASS A,Industrials,Equity,18843512.16,0.03,"18,843,512.16","762,278.00",24.72,United States,New York Stock Exchange Inc.,USD,1.0,USD,-
HTBK,HERITAGE COMMERCE CORP,Financials,Equity,18825362.4,0.03,"18,825,362.40","1,482,312.00",12.70,United States,NASDAQ,USD,1.0,USD,-
IDT,IDT CORP CLASS B,Communication,Equity,18825217.68,0.03,"18,825,217.68","391,214.00",48.12,United States,New York Stock Exchange Inc.,USD,1.0,USD,-
CPF,CENTRAL PACIFIC FINANCIAL CORP,Financials,Equity,18785026.88,0.03,"18,785,026.88","589,982.00",31.84,United States,New York Stock Exchange Inc.,USD,1.0,USD,-
CAC,CAMDEN NATIONAL CORP,Financials,Equity,18733570.06,0.02,"18,733,570.06","401,491.00",46.66,United States,NASDAQ,USD,1.0,USD,-
FOXF,FOX FACTORY HOLDING CORP,Consumer Discretionary,Equity,18684496.31,0.02,"18,684,496.31","1,010,519.00",18.49,United States,NASDAQ,USD,1.0,USD,-
MATW,MATTHEWS INTERNATIONAL CORP CLASS,Consumer Discretionary,Equity,18619521.7,0.02,"18,619,521.70","715,585.00",26.02,United States,NASDAQ,USD,1.0,USD,-
ROOT,ROOT INC CLASS A,Financials,Equity,18614503.85,0.02,"18,614,503.85","295,703.00",62.95,United States,NASDAQ,USD,1.0,USD,-
FUBO,FUBOTV INC CLASS A,Communication,Equity,18590840.73,0.02,"18,590,840.73","8,047,983.00",2.31,United States,New York Stock Exchange Inc.,USD,1.0,USD,-
URGN,UROGEN PHARMA LTD,Health Care,Equity,18583633.86,0.02,"18,583,633.86","898,194.00",20.69,United States,NASDAQ,USD,1.0,USD,-
THFF,FIRST FINANCIAL CORPORATION CORP,Financials,Equity,18552943.5,0.02,"18,552,943.50","291,255.00",63.70,United States,NASDAQ,USD,1.0,USD,-
UFCS,UNITED FIRE GROUP INC,Financials,Equity,18542564.6,0.02,"18,542,564.60","520,420.00",35.63,United States,NASDAQ,USD,1.0,USD,-
AEHR,AEHR TEST SYSTEMS,Information Technology,Equity,18498789.12,0.02,"18,498,789.12","688,199.00",26.88,United States,NASDAQ,USD,1.0,USD,-
RYI,RYERSON HOLDING CORP,Materials,Equity,18475013.16,0.02,"18,475,013.16","654,678.00",28.22,United States,New York Stock Exchange Inc.,USD,1.0,USD,-
AMN,AMN HEALTHCARE INC,Health Care,Equity,18406839.39,0.02,"18,406,839.39","911,681.00",20.19,United States,New York Stock Exchange Inc.,USD,1.0,USD,-
CMRE,COSTAMARE INC,Industrials,Equity,18398479.36,0.02,"18,398,479.36","1,084,816.00",16.96,Monaco,New York Stock Exchange Inc.,USD,1.0,USD,"Jan 01, 1970"
MYE,MYERS INDUSTRIES INC,Materials,Equity,18362360.48,0.02,"18,362,360.48","894,416.00",20.53,United States,New York Stock Exchange Inc.,USD,1.0,USD,-
SOC,SABLE OFFSHORE CORP CLASS A,Energy,Equity,18358650.0,0.02,"18,358,650.00","1,835,865.00",10.00,United States,New York Stock Exchange Inc.,USD,1.0,USD,-
VSTS,VESTIS CORP,Industrials,Equity,18305063.36,0.02,"18,305,063.36","2,790,406.00",6.56,United States,New York Stock Exchange Inc.,USD,1.0,USD,-
MOFG,MIDWESTONE FINANCIAL GROUP INC,Financials,Equity,18281951.79,0.02,"18,281,951.79","393,753.00",46.43,United States,NASDAQ,USD,1.0,USD,-
SANA,SANA BIOTECHNOLOGY INC,Health Care,Equity,18257694.4,0.02,"18,257,694.40","3,969,064.00",4.60,United States,NASDAQ,USD,1.0,USD,-
EGBN,EAGLE BANCORP INC,Financials,Equity,18212066.48,0.02,"18,212,066.48","686,212.00",26.54,United States,NASDAQ,USD,1.0,USD,-
RPD,RAPID7 INC,Information Technology,Equity,18192690.42,0.02,"18,192,690.42","1,550,954.00",11.73,United States,NASDAQ,USD,1.0,USD,-
ERII,ENERGY RECOVERY INC,Industrials,Equity,18185991.88,0.02,"18,185,991.88","1,230,446.00",14.78,United States,NASDAQ,USD,1.0,USD,-
RAPP,RAPPORT THERAPEUTICS INC,Health Care,Equity,18127057.25,0.02,"18,127,057.25","677,647.00",26.75,United States,NASDAQ,USD,1.0,USD,-
UTZ,UTZ BRANDS INC CLASS A,Consumer Staples,Equity,18110350.11,0.02,"18,110,350.11","1,756,581.00",10.31,United States,New York Stock Exchange Inc.,USD,1.0,USD,-
IBCP,INDEPENDENT BANK CORP,Financials,Equity,18086534.64,0.02,"18,086,534.64","517,942.00",34.92,United States,NASDAQ,USD,1.0,USD,-
PRSU,PURSUIT ATTRACTIONS AND HOSPITALIT,Consumer Discretionary,Equity,18086133.6,0.02,"18,086,133.60","508,752.00",35.55,United States,New York Stock Exchange Inc.,USD,1.0,USD,-
LQDT,LIQUIDITY SERVICES INC,Industrials,Equity,18067528.4,0.02,"18,067,528.40","561,976.00",32.15,United States,NASDAQ,USD,1.0,USD,-
YEXT,YEXT INC,Information Technology,Equity,17980111.7,0.02,"17,980,111.70","2,463,029.00",7.30,United States,New York Stock Exchange Inc.,USD,1.0,USD,-
KE,KIMBALL ELECTRONICS INC,Information Technology,Equity,17978379.54,0.02,"17,978,379.54","587,913.00",30.58,United States,NASDAQ,USD,1.0,USD,-
BBW,BUILD A BEAR WORKSHOP INC,Consumer Discretionary,Equity,17942229.13,0.02,"17,942,229.13","299,087.00",59.99,United States,New York Stock Exchange Inc.,USD,1.0,USD,-
APEI,AMERICAN PUBLIC EDUCATION INC,Consumer Discretionary,Equity,17940994.26,0.02,"17,940,994.26","424,438.00",42.27,United States,NASDAQ,USD,1.0,USD,-
IART,INTEGRA LIFESCIENCES HOLDINGS CORP,Health Care,Equity,17937453.96,0.02,"17,937,453.96","1,617,444.00",11.09,United States,NASDAQ,USD,1.0,USD,-
QNST,QUINSTREET INC,Communication,Equity,17933305.5,0.02,"17,933,305.50","1,328,393.00",13.50,United States,NASDAQ,USD,1.0,USD,-
GERN,GERON CORP,Health Care,Equity,17931742.31,0.02,"17,931,742.31","13,088,863.00",1.37,United States,NASDAQ,USD,1.0,USD,-
DJCO,DAILY JOURNAL CORP,Information Technology,Equity,17915792.7,0.02,"17,915,792.70","30,641.00",584.70,United States,NASDAQ,USD,1.0,USD,-
MEG,MONTROSE ENVIRONMENTAL GRP INC,Industrials,Equity,17909739.0,0.02,"17,909,739.00","806,745.00",22.20,United States,New York Stock Exchange Inc.,USD,1.0,USD,-
GHM,GRAHAM CORP,Industrials,Equity,17779678.0,0.02,"17,779,678.00","250,418.00",71.00,United States,New York Stock Exchange Inc.,USD,1.0,USD,-
MRTN,MARTEN TRANSPORT LTD,Industrials,Equity,17694720.27,0.02,"17,694,720.27","1,394,383.00",12.69,United States,NASDAQ,USD,1.0,USD,-
SLDP,SOLID POWER INC CLASS A,Consumer Discretionary,Equity,17685047.21,0.02,"17,685,047.21","3,672,907.00",4.82,United States,NASDAQ,USD,1.0,USD,-
TBPH,THERAVANCE BIOPHARMA INC,Health Care,Equity,17678301.9,0.02,"17,678,301.90","921,705.00",19.18,United States,NASDAQ,USD,1.0,USD,-
SCHL,SCHOLASTIC CORP,Communication,Equity,17611256.7,0.02,"17,611,256.70","495,394.00",35.55,United States,NASDAQ,USD,1.0,USD,-
MTUS,METALLUS INC,Materials,Equity,17607796.56,0.02,"17,607,796.56","886,596.00",19.86,United States,New York Stock Exchange Inc.,USD,1.0,USD,-
CXM,SPRINKLR INC CLASS A,Information Technology,Equity,17540471.65,0.02,"17,540,471.65","2,762,279.00",6.35,United States,New York Stock Exchange Inc.,USD,1.0,USD,-
NAVI,NAVIENT CORP,Financials,Equity,17466466.68,0.02,"17,466,466.68","1,767,861.00",9.88,United States,NASDAQ,USD,1.0,USD,-
MCHB,MECHANICS BANCORP CLASS A,Financials,Equity,17353751.84,0.02,"17,353,751.84","1,143,952.00",15.17,United States,NASDAQ,USD,1.0,USD,-
EQBK,EQUITY BANCSHARES INC CLASS A,Financials,Equity,17348563.98,0.02,"17,348,563.98","375,023.00",46.26,United States,New York Stock Exchange Inc.,USD,1.0,USD,-
ADAM,ADAMAS INC TRUST,Financials,Equity,17245869.26,0.02,"17,245,869.26","2,048,203.00",8.42,United States,NASDAQ,USD,1.0,USD,-
NEXT,NEXTDECADE CORP,Energy,Equity,17211015.36,0.02,"17,211,015.36","3,259,662.00",5.28,United States,NASDAQ,USD,1.0,USD,-
SERV,SERVE ROBOTICS INC,Consumer Discretionary,Equity,17142009.6,0.02,"17,142,009.60","1,516,992.00",11.30,United States,NASDAQ,USD,1.0,USD,-
ORIC,ORIC PHARMACEUTICALS INC,Health Care,Equity,17136720.32,0.02,"17,136,720.32","1,592,632.00",10.76,United States,NASDAQ,USD,1.0,USD,-
HTB,HOMETRUST BANCSHARES INC,Financials,Equity,17123821.4,0.02,"17,123,821.40","398,692.00",42.95,United States,New York Stock Exchange Inc.,USD,1.0,USD,-
JBIO,JADE BIOSCIENCES INC,Health Care,Equity,17035195.6,0.02,"17,035,195.60","1,107,620.00",15.38,United States,NASDAQ,USD,1.0,USD,-
AMC,AMC ENTERTAINMENT HOLDINGS INC CLA,Communication,Equity,16982844.69,0.02,"16,982,844.69","12,396,237.00",1.37,United States,New York Stock Exchange Inc.,USD,1.0,USD,-
PRCH,PORCH GROUP INC,Information Technology,Equity,16928504.0,0.02,"16,928,504.00","2,116,063.00",8.00,United States,NASDAQ,USD,1.0,USD,-
ADTN,ADTRAN HOLDINGS INC,Information Technology,Equity,16895852.82,0.02,"16,895,852.82","1,803,186.00",9.37,United States,NASDAQ,USD,1.0,USD,-
VIR,VIR BIOTECHNOLOGY INC,Health Care,Equity,16704865.9,0.02,"16,704,865.90","2,147,155.00",7.78,United States,NASDAQ,USD,1.0,USD,-
STGW,STAGWELL INC CLASS A,Communication,Equity,16682144.58,0.02,"16,682,144.58","2,748,294.00",6.07,United States,NASDAQ,USD,1.0,USD,-
NB,NIOCORP DEVELOPMENTS LTD,Materials,Equity,16665234.98,0.02,"16,665,234.98","2,581,756.00",6.46,United States,NASDAQ,USD,1.0,USD,-
CVI,CVR ENERGY INC,Energy,Equity,16660449.28,0.02,"16,660,449.28","747,776.00",22.28,United States,New York Stock Exchange Inc.,USD,1.0,USD,-
AMSF,AMERISAFE INC,Financials,Equity,16619999.15,0.02,"16,619,999.15","449,797.00",36.95,United States,NASDAQ,USD,1.0,USD,-
CNNE,CANNAE HOLDINGS INC,Financials,Equity,16557773.96,0.02,"16,557,773.96","1,138,774.00",14.54,United States,New York Stock Exchange Inc.,USD,1.0,USD,-
IVR,INVESCO MORTGAGE CAPITAL REIT INC,Financials,Equity,16551597.0,0.02,"16,551,597.00","1,859,730.00",8.90,United States,New York Stock Exchange Inc.,USD,1.0,USD,-
CNXN,PC CONNECTION INC,Information Technology,Equity,16540661.28,0.02,"16,540,661.28","284,791.00",58.08,United States,NASDAQ,USD,1.0,USD,-
CBL,CBL ASSOCIATES PROPERTIES INC,Real Estate,Equity,16522321.72,0.02,"16,522,321.72","462,551.00",35.72,United States,New York Stock Exchange Inc.,USD,1.0,USD,-
BTBT,BIT DIGITAL INC,Information Technology,Equity,16414770.32,0.02,"16,414,770.32","7,779,512.00",2.11,United States,NASDAQ,USD,1.0,USD,-
GRDN,GUARDIAN PHARMACY SERVICES INC CLA,Health Care,Equity,16351427.56,0.02,"16,351,427.56","532,967.00",30.68,United States,New York Stock Exchange Inc.,USD,1.0,USD,-
SXC,SUNCOKE ENERGY INC,Materials,Equity,16322559.72,0.02,"16,322,559.72","2,055,738.00",7.94,United States,New York Stock Exchange Inc.,USD,1.0,USD,-
NXRT,NEXPOINT RESIDENTIAL TRUST INC,Real Estate,Equity,16299993.69,0.02,"16,299,993.69","543,877.00",29.97,United States,New York Stock Exchange Inc.,USD,1.0,USD,-
BZH,BEAZER HOMES INC,Consumer Discretionary,Equity,16292288.97,0.02,"16,292,288.97","672,957.00",24.21,United States,New York Stock Exchange Inc.,USD,1.0,USD,-
SION,SIONNA THERAPEUTICS INC,Health Care,Equity,16256047.84,0.02,"16,256,047.84","383,036.00",42.44,United States,NASDAQ,USD,1.0,USD,-
TRTX,TPG RE FINANCE TRUST INC,Financials,Equity,16178871.45,0.02,"16,178,871.45","1,737,795.00",9.31,United States,New York Stock Exchange Inc.,USD,1.0,USD,-
ASPI,ASP ISOTOPES INC,Materials,Equity,16178496.76,0.02,"16,178,496.76","2,234,599.00",7.24,United States,NASDAQ,USD,1.0,USD,-
GDOT,GREEN DOT CORP CLASS A,Financials,Equity,16172380.08,0.02,"16,172,380.08","1,302,124.00",12.42,United States,New York Stock Exchange Inc.,USD,1.0,USD,-
EVER,EVERQUOTE INC CLASS A,Communication,Equity,16081102.4,0.02,"16,081,102.40","707,795.00",22.72,United States,NASDAQ,USD,1.0,USD,-
MMI,MARCUS & MILLICHAP INC,Real Estate,Equity,16014896.32,0.02,"16,014,896.32","593,584.00",26.98,United States,New York Stock Exchange Inc.,USD,1.0,USD,-
MATV,MATIV HOLDINGS INC,Materials,Equity,16007601.3,0.02,"16,007,601.30","1,301,431.00",12.30,United States,New York Stock Exchange Inc.,USD,1.0,USD,-
INBX,INHIBRX BIOSCIENCES INC,Health Care,Equity,15993167.28,0.02,"15,993,167.28","220,413.00",72.56,United States,NASDAQ,USD,1.0,USD,-
ALIT,ALIGHT INC CLASS A,Industrials,Equity,15971177.34,0.02,"15,971,177.34","10,438,678.00",1.53,United States,New York Stock Exchange Inc.,USD,1.0,USD,-
ORRF,ORRSTOWN FINANCIAL SERVICES INC,Financials,Equity,15919450.75,0.02,"15,919,450.75","449,575.00",35.41,United States,NASDAQ,USD,1.0,USD,-
FSBC,FIVE STAR BANCORP,Financials,Equity,15890736.51,0.02,"15,890,736.51","402,399.00",39.49,United States,NASDAQ,USD,1.0,USD,-
AVBP,ARRIVENT BIOPHARMA INC,Health Care,Equity,15877170.0,0.02,"15,877,170.00","705,652.00",22.50,United States,NASDAQ,USD,1.0,USD,-
KURA,KURA ONCOLOGY INC,Health Care,Equity,15868833.3,0.02,"15,868,833.30","1,930,515.00",8.22,United States,NASDAQ,USD,1.0,USD,-
PACB,PACIFIC BIOSCIENCES OF CALIFORNIA,Health Care,Equity,15865301.4,0.02,"15,865,301.40","6,694,220.00",2.37,United States,NASDAQ,USD,1.0,USD,-
TREE,LENDINGTREE INC,Financials,Equity,15860539.74,0.02,"15,860,539.74","271,074.00",58.51,United States,NASDAQ,USD,1.0,USD,-
BKV,BKV CORP,Energy,Equity,15853541.0,0.02,"15,853,541.00","524,084.00",30.25,United States,New York Stock Exchange Inc.,USD,1.0,USD,-
PLPC,PREFORMED LINE PRODUCTS,Industrials,Equity,15843787.5,0.02,"15,843,787.50","61,625.00",257.10,United States,NASDAQ,USD,1.0,USD,-
TR,TOOTSIE ROLL INDUSTRIES INC,Consumer Staples,Equity,15836526.42,0.02,"15,836,526.42","427,206.00",37.07,United States,New York Stock Exchange Inc.,USD,1.0,USD,-
GNK,GENCO SHIPPING AND TRADING LTD,Industrials,Equity,15822207.0,0.02,"15,822,207.00","762,516.00",20.75,United States,New York Stock Exchange Inc.,USD,1.0,USD,-
WSR,WHITESTONE REIT,Real Estate,Equity,15771796.49,0.02,"15,771,796.49","1,119,361.00",14.09,United States,New York Stock Exchange Inc.,USD,1.0,USD,-
HRTG,HERITAGE INSURANCE HOLDINGS INC,Financials,Equity,15756600.72,0.02,"15,756,600.72","595,938.00",26.44,United States,New York Stock Exchange Inc.,USD,1.0,USD,-
ANNX,ANNEXON INC,Health Care,Equity,15740068.92,0.02,"15,740,068.92","2,414,121.00",6.52,United States,NASDAQ,USD,1.0,USD,-
AIOT,POWERFLEET INC,Information Technology,Equity,15712902.4,0.02,"15,712,902.40","3,021,712.00",5.20,United States,NASDAQ,USD,1.0,USD,-
RUM,RUMBLE INC CLASS A,Communication,Equity,15668742.0,0.02,"15,668,742.00","2,611,457.00",6.00,United States,NASDAQ,USD,1.0,USD,-
EU,ENCORE ENERGY CORP,Energy,Equity,15626972.44,0.02,"15,626,972.44","4,389,599.00",3.56,United States,NASDAQ,USD,1.0,USD,-
CGEM,CULLINAN THERAPEUTICS INC,Health Care,Equity,15621887.12,0.02,"15,621,887.12","1,310,561.00",11.92,United States,NASDAQ,USD,1.0,USD,-
LIND,LINDBLAD EXPEDITIONS HOLDINGS INC,Consumer Discretionary,Equity,15578532.62,0.02,"15,578,532.62","926,191.00",16.82,United States,NASDAQ,USD,1.0,USD,-
PSIX,POWER SOLUTIONS INTERNATIONAL INC,Industrials,Equity,15571742.28,0.02,"15,571,742.28","205,649.00",75.72,United States,NASDAQ,USD,1.0,USD,-
NPK,NATIONAL PRESTO INDUSTRIES INC,Industrials,Equity,15537007.15,0.02,"15,537,007.15","123,949.00",125.35,United States,New York Stock Exchange Inc.,USD,1.0,USD,-
FISI,FINANCIAL INSTITUTIONS INC,Financials,Equity,15521193.27,0.02,"15,521,193.27","471,339.00",32.93,United States,NASDAQ,USD,1.0,USD,-
PFBC,PREFERRED BANK,Financials,Equity,15516526.35,0.02,"15,516,526.35","185,051.00",83.85,United States,NASDAQ,USD,1.0,USD,-
MPB,MID PENN BANCORP INC,Financials,Equity,15470891.16,0.02,"15,470,891.16","471,099.00",32.84,United States,NASDAQ,USD,1.0,USD,-
FIP,FTAI INFRASTRUCTURE INC,Industrials,Equity,15451031.29,0.02,"15,451,031.29","2,579,471.00",5.99,United States,NASDAQ,USD,1.0,USD,-
SG,SWEETGREEN INC CLASS A,Consumer Discretionary,Equity,15406308.32,0.02,"15,406,308.32","2,513,264.00",6.13,United States,New York Stock Exchange Inc.,USD,1.0,USD,-
SIBN,SI BONE INC,Health Care,Equity,15372235.8,0.02,"15,372,235.80","928,836.00",16.55,United States,NASDAQ,USD,1.0,USD,-
TCMD,TACTILE SYSTEMS TECHNOLOGY INC,Health Care,Equity,15371095.66,0.02,"15,371,095.66","537,827.00",28.58,United States,NASDAQ,USD,1.0,USD,-
CARS,CARS.COM INC,Communication,Equity,15349981.9,0.02,"15,349,981.90","1,316,465.00",11.66,United States,New York Stock Exchange Inc.,USD,1.0,USD,-
CRML,CRITICAL METALS CORP,Materials,Equity,15302002.2,0.02,"15,302,002.20","1,092,220.00",14.01,Australia,NASDAQ,USD,1.0,USD,-
CBRL,CRACKER BARREL OLD COUNTRY STORE I,Consumer Discretionary,Equity,15265005.19,0.02,"15,265,005.19","536,933.00",28.43,United States,NASDAQ,USD,1.0,USD,-
RIGL,RIGEL PHARMACEUTICALS INC,Health Care,Equity,15151252.68,0.02,"15,151,252.68","430,923.00",35.16,United States,NASDAQ,USD,1.0,USD,-
SMBC,SOUTHERN MISSOURI BANCORP INC,Financials,Equity,15123606.14,0.02,"15,123,606.14","243,223.00",62.18,United States,NASDAQ,USD,1.0,USD,-
NWPX,NWPX INFRASTRUCTURE INC,Industrials,Equity,15122782.08,0.02,"15,122,782.08","225,848.00",66.96,United States,NASDAQ,USD,1.0,USD,-
AMBP,ARDAGH METAL PACKAGING SA,Materials,Equity,15110025.63,0.02,"15,110,025.63","3,410,841.00",4.43,United States,New York Stock Exchange Inc.,USD,1.0,USD,-
ABUS,ARBUTUS BIOPHARMA CORP,Health Care,Equity,15107767.15,0.02,"15,107,767.15","3,658,055.00",4.13,United States,NASDAQ,USD,1.0,USD,-
WASH,WASHINGTON TRUST BANCORP INC,Financials,Equity,15085658.7,0.02,"15,085,658.70","443,435.00",34.02,United States,NASDAQ,USD,1.0,USD,-
EBS,EMERGENT BIOSOLUTIONS INC,Health Care,Equity,15082250.4,0.02,"15,082,250.40","1,267,416.00",11.90,United States,New York Stock Exchange Inc.,USD,1.0,USD,-
RBCAA,REPUBLIC BANCORP INC CLASS A,Financials,Equity,15007209.0,0.02,"15,007,209.00","210,185.00",71.40,United States,NASDAQ,USD,1.0,USD,-
MDXG,MIMEDX GROUP INC,Health Care,Equity,14846257.78,0.02,"14,846,257.78","2,888,377.00",5.14,United States,NASDAQ,USD,1.0,USD,-
PX,P10 INC CLASS A,Financials,Equity,14827280.9,0.02,"14,827,280.90","1,360,301.00",10.90,United States,New York Stock Exchange Inc.,USD,1.0,USD,-
SEMR,SEMRUSH HOLDINGS INC CLASS A,Information Technology,Equity,14805952.23,0.02,"14,805,952.23","1,243,153.00",11.91,United States,New York Stock Exchange Inc.,USD,1.0,USD,-
CCBG,CAPITAL CITY BANK INC,Financials,Equity,14733259.68,0.02,"14,733,259.68","355,704.00",41.42,United States,NASDAQ,USD,1.0,USD,-
RR,RICHTECH ROBOTICS INC CLASS B,Industrials,Equity,14732612.58,0.02,"14,732,612.58","3,664,829.00",4.02,United States,NASDAQ,USD,1.0,USD,-
IIIN,INSTEEL INDUSTRIES INC,Industrials,Equity,14731259.28,0.02,"14,731,259.28","448,031.00",32.88,United States,New York Stock Exchange Inc.,USD,1.0,USD,-
CTLP,CANTALOUPE INC,Financials,Equity,14713912.0,0.02,"14,713,912.00","1,368,736.00",10.75,United States,NASDAQ,USD,1.0,USD,-
VPG,VISHAY PRECISION GROUP INC,Information Technology,Equity,14706173.9,0.02,"14,706,173.90","291,905.00",50.38,United States,New York Stock Exchange Inc.,USD,1.0,USD,-
RES,RPC INC,Energy,Equity,14650642.1,0.02,"14,650,642.10","2,186,663.00",6.70,United States,New York Stock Exchange Inc.,USD,1.0,USD,-
DC,DAKOTA GOLD CORP,Materials,Equity,14590268.46,0.02,"14,590,268.46","2,190,731.00",6.66,United States,Nyse Mkt Llc,USD,1.0,USD,-
AHL,ASPEN INSURANCE HOLDINGS LTD CLASS,Financials,Equity,14587220.12,0.02,"14,587,220.12","390,764.00",37.33,United States,New York Stock Exchange Inc.,USD,1.0,USD,-
CRMD,CORMEDIX INC,Health Care,Equity,14566196.68,0.02,"14,566,196.68","1,816,234.00",8.02,United States,NASDAQ,USD,1.0,USD,-
CMCO,COLUMBUS MCKINNON CORP,Industrials,Equity,14564014.08,0.02,"14,564,014.08","689,584.00",21.12,United States,NASDAQ,USD,1.0,USD,-
SPRY,ARS PHARMACEUTICALS INC,Health Care,Equity,14549457.72,0.02,"14,549,457.72","1,423,626.00",10.22,United States,NASDAQ,USD,1.0,USD,-
KALV,KALVISTA PHARMACEUTICALS INC,Health Care,Equity,14489912.45,0.02,"14,489,912.45","925,873.00",15.65,United States,NASDAQ,USD,1.0,USD,-
MNRO,MONRO INC,Consumer Discretionary,Equity,14453934.66,0.02,"14,453,934.66","761,134.00",18.99,United States,NASDAQ,USD,1.0,USD,-
EMBC,EMBECTA CORP,Health Care,Equity,14449849.4,0.02,"14,449,849.40","1,402,898.00",10.30,United States,NASDAQ,USD,1.0,USD,-
HTZ,HERTZ GLOBAL HLDGS INC,Industrials,Equity,14405371.24,0.02,"14,405,371.24","2,835,703.00",5.08,United States,NASDAQ,USD,1.0,USD,-
LYTS,LSI INDUSTRIES INC,Industrials,Equity,14347440.9,0.02,"14,347,440.90","643,383.00",22.30,United States,NASDAQ,USD,1.0,USD,-
CTKB,CYTEK BIOSCIENCES INC,Health Care,Equity,14309005.89,0.02,"14,309,005.89","2,856,089.00",5.01,United States,NASDAQ,USD,1.0,USD,-
MBUU,MALIBU BOATS CLASS A INC,Consumer Discretionary,Equity,14305543.34,0.02,"14,305,543.34","443,858.00",32.23,United States,NASDAQ,USD,1.0,USD,-
PVLA,PALVELLA THERAPEUTICS INC,Health Care,Equity,14304408.3,0.02,"14,304,408.30","174,657.00",81.90,United States,NASDAQ,USD,1.0,USD,-
JANX,JANUX THERAPEUTICS INC,Health Care,Equity,14293775.22,0.02,"14,293,775.22","1,033,534.00",13.83,United States,NASDAQ,USD,1.0,USD,-
KFRC,KFORCE INC,Industrials,Equity,14292278.6,0.02,"14,292,278.60","434,020.00",32.93,United States,New York Stock Exchange Inc.,USD,1.0,USD,-
SHBI,SHORE BANCSHARES INC,Financials,Equity,14259322.35,0.02,"14,259,322.35","772,863.00",18.45,United States,NASDAQ,USD,1.0,USD,-
CSV,CARRIAGE SERVICES INC,Consumer Discretionary,Equity,14212830.96,0.02,"14,212,830.96","334,577.00",42.48,United States,New York Stock Exchange Inc.,USD,1.0,USD,-
GSM,FERROGLOBE PLC,Materials,Equity,14209632.8,0.02,"14,209,632.80","2,911,810.00",4.88,United States,NASDAQ,USD,1.0,USD,-
APPS,DIGITAL TURBINE INC,Information Technology,Equity,14202997.43,0.02,"14,202,997.43","2,625,323.00",5.41,United States,NASDAQ,USD,1.0,USD,-
SMBK,SMARTFINANCIAL INC,Financials,Equity,14202477.01,0.02,"14,202,477.01","358,739.00",39.59,United States,New York Stock Exchange Inc.,USD,1.0,USD,-
FWRD,FORWARD AIR CORP,Industrials,Equity,14178839.4,0.02,"14,178,839.40","513,540.00",27.61,United States,NASDAQ,USD,1.0,USD,-
JBSS,JOHN B SANFILIPPO AND SON INC,Consumer Staples,Equity,14125639.76,0.02,"14,125,639.76","186,946.00",75.56,United States,NASDAQ,USD,1.0,USD,-
ODC,OIL DRI CORPORATION OF AMERICA,Consumer Staples,Equity,14122057.8,0.02,"14,122,057.80","238,146.00",59.30,United States,New York Stock Exchange Inc.,USD,1.0,USD,-
AVAH,AVEANNA HEALTHCARE HOLDINGS INC,Health Care,Equity,14119553.28,0.02,"14,119,553.28","1,692,992.00",8.34,United States,NASDAQ,USD,1.0,USD,-
IDR,IDAHO STRATEGIC RESOURCES INC,Materials,Equity,14099720.64,0.02,"14,099,720.64","341,563.00",41.28,United States,Nyse Mkt Llc,USD,1.0,USD,-
CASS,CASS INFORMATION SYSTEMS INC,Financials,Equity,14064504.25,0.02,"14,064,504.25","319,285.00",44.05,United States,NASDAQ,USD,1.0,USD,-
VTS,VITESSE ENERGY INC,Energy,Equity,14059936.16,0.02,"14,059,936.16","678,896.00",20.71,United States,New York Stock Exchange Inc.,USD,1.0,USD,-
HTFL,HEARTFLOW INC,Health Care,Equity,14041222.16,0.02,"14,041,222.16","455,588.00",30.82,United States,NASDAQ,USD,1.0,USD,-
VREX,VAREX IMAGING CORP,Health Care,Equity,13939858.35,0.02,"13,939,858.35","999,273.00",13.95,United States,NASDAQ,USD,1.0,USD,-
GCMG,GCM GROSVENOR INC CLASS A,Financials,Equity,13939665.48,0.02,"13,939,665.48","1,232,508.00",11.31,United States,NASDAQ,USD,1.0,USD,-
AHH,ARMADA HOFFLER PROPERTIES REIT INC,Real Estate,Equity,13935238.07,0.02,"13,935,238.07","2,016,677.00",6.91,United States,New York Stock Exchange Inc.,USD,1.0,USD,-
HNRG,HALLADOR ENERGY,Utilities,Equity,13866364.33,0.02,"13,866,364.33","762,307.00",18.19,United States,NASDAQ,USD,1.0,USD,-
BBNX,BETA BIONICS INC,Health Care,Equity,13865491.89,0.02,"13,865,491.89","937,491.00",14.79,United States,NASDAQ,USD,1.0,USD,-
CWCO,CONSOLIDATED WATER LTD,Utilities,Equity,13853654.88,0.02,"13,853,654.88","367,666.00",37.68,United States,NASDAQ,USD,1.0,USD,-
ACEL,ACCEL ENTERTAINMENT INC CLASS A,Consumer Discretionary,Equity,13846067.29,0.02,"13,846,067.29","1,226,401.00",11.29,United States,New York Stock Exchange Inc.,USD,1.0,USD,-
PKST,PEAKSTONE REALTY TRUST CLASS E,Real Estate,Equity,13822602.24,0.02,"13,822,602.24","919,056.00",15.04,United States,New York Stock Exchange Inc.,USD,1.0,USD,-
SD,SANDRIDGE ENERGY INC,Energy,Equity,13801164.46,0.02,"13,801,164.46","880,738.00",15.67,United States,New York Stock Exchange Inc.,USD,1.0,USD,-
FLY,FIREFLY AEROSPACE INC,Industrials,Equity,13768573.77,0.02,"13,768,573.77","508,253.00",27.09,United States,NASDAQ,USD,1.0,USD,-
NVGS,NAVIGATOR HOLDINGS LTD,Energy,Equity,13757252.0,0.02,"13,757,252.00","738,050.00",18.64,United Kingdom,New York Stock Exchange Inc.,USD,1.0,USD,-
NTGR,NETGEAR INC,Information Technology,Equity,13739415.84,0.02,"13,739,415.84","658,018.00",20.88,United States,NASDAQ,USD,1.0,USD,-
AVO,MISSION PRODUCE INC,Consumer Staples,Equity,13720582.71,0.02,"13,720,582.71","1,032,399.00",13.29,United States,NASDAQ,USD,1.0,USD,-
AROW,ARROW FINANCIAL CORP,Financials,Equity,13620138.75,0.02,"13,620,138.75","411,174.00",33.13,United States,NASDAQ,USD,1.0,USD,-
SHEN,SHENANDOAH TELECOMMUNICATIONS,Communication,Equity,13615288.4,0.02,"13,615,288.40","1,205,960.00",11.29,United States,NASDAQ,USD,1.0,USD,-
TALK,TALKSPACE INC,Health Care,Equity,13588883.1,0.02,"13,588,883.10","3,484,329.00",3.90,United States,NASDAQ,USD,1.0,USD,-
AVNS,AVANOS MEDICAL INC,Health Care,Equity,13584126.5,0.02,"13,584,126.50","1,053,850.00",12.89,United States,New York Stock Exchange Inc.,USD,1.0,USD,-
MCBS,METROCITY BANKSHARES INC,Financials,Equity,13549804.58,0.02,"13,549,804.58","494,338.00",27.41,United States,NASDAQ,USD,1.0,USD,-
SBGI,SINCLAIR INC CLASS A,Communication,Equity,13546977.16,0.02,"13,546,977.16","948,004.00",14.29,United States,NASDAQ,USD,1.0,USD,-
AOSL,ALPHA AND OMEGA SEMICONDUCTOR LTD,Information Technology,Equity,13545135.0,0.02,"13,545,135.00","602,006.00",22.50,United States,NASDAQ,USD,1.0,USD,-
KOP,KOPPERS HOLDINGS INC,Materials,Equity,13525824.9,0.02,"13,525,824.90","456,645.00",29.62,United States,New York Stock Exchange Inc.,USD,1.0,USD,-
ALRS,ALERUS FINANCIAL CORP,Financials,Equity,13490641.08,0.02,"13,490,641.08","553,803.00",24.36,United States,NASDAQ,USD,1.0,USD,-
FCBC,FIRST COMMUNITY BANKSHARES INC,Financials,Equity,13482945.07,0.02,"13,482,945.07","385,999.00",34.93,United States,NASDAQ,USD,1.0,USD,-
MAMA,MAMAS CREATIONS INC,Consumer Staples,Equity,13423007.63,0.02,"13,423,007.63","884,839.00",15.17,United States,NASDAQ,USD,1.0,USD,-
DFH,DREAM FINDERS HOMES INC CLASS A,Consumer Discretionary,Equity,13420564.28,0.02,"13,420,564.28","721,148.00",18.61,United States,New York Stock Exchange Inc.,USD,1.0,USD,-
HOV,HOVNANIAN ENTERPRISES INC CLASS A,Consumer Discretionary,Equity,13378343.46,0.02,"13,378,343.46","116,071.00",115.26,United States,New York Stock Exchange Inc.,USD,1.0,USD,-
GDYN,GRID DYNAMICS HOLDINGS INC CLASS A,Information Technology,Equity,13371814.49,0.02,"13,371,814.49","1,636,697.00",8.17,United States,NASDAQ,USD,1.0,USD,-
TK,TEEKAY CORPORATION CORP LTD,Energy,Equity,13364853.72,0.02,"13,364,853.72","1,312,854.00",10.18,Bermuda,New York Stock Exchange Inc.,USD,1.0,USD,-
ZGN,ERMENEGILDO ZEGNA NV,Consumer Discretionary,Equity,13333580.88,0.02,"13,333,580.88","1,491,452.00",8.94,Italy,New York Stock Exchange Inc.,USD,1.0,USD,-
CPS,COOPER STANDARD HOLDINGS INC,Consumer Discretionary,Equity,13328152.5,0.02,"13,328,152.50","410,097.00",32.50,United States,New York Stock Exchange Inc.,USD,1.0,USD,-
BHB,BAR HARBOR BANKSHARES,Financials,Equity,13249007.59,0.02,"13,249,007.59","393,029.00",33.71,United States,Nyse Mkt Llc,USD,1.0,USD,-
SENEA,SENECA FOODS CORP CLASS A,Consumer Staples,Equity,13197817.78,0.02,"13,197,817.78","112,966.00",116.83,United States,NASDAQ,USD,1.0,USD,-
RGNX,REGENXBIO INC,Health Care,Equity,13176010.8,0.02,"13,176,010.80","1,135,863.00",11.60,United States,NASDAQ,USD,1.0,USD,-
HIPO,HIPPO HOLDINGS INC,Financials,Equity,13150044.5,0.02,"13,150,044.50","431,149.00",30.50,United States,New York Stock Exchange Inc.,USD,1.0,USD,-
MCW,MISTER CAR WASH INC,Consumer Discretionary,Equity,13128003.84,0.02,"13,128,003.84","2,413,236.00",5.44,United States,NASDAQ,USD,1.0,USD,-
SFIX,STITCH FIX INC CLASS A,Consumer Discretionary,Equity,13115785.32,0.02,"13,115,785.32","2,709,873.00",4.84,United States,NASDAQ,USD,1.0,USD,-
CBLL,CERIBELL INC,Health Care,Equity,13084781.67,0.02,"13,084,781.67","640,469.00",20.43,United States,NASDAQ,USD,1.0,USD,-
BXC,BLUELINX HOLDINGS INC,Industrials,Equity,13068057.8,0.02,"13,068,057.80","190,330.00",68.66,United States,New York Stock Exchange Inc.,USD,1.0,USD,-
FLGT,FULGENT GENETICS INC,Health Care,Equity,13051356.16,0.02,"13,051,356.16","497,384.00",26.24,United States,NASDAQ,USD,1.0,USD,-
PHAT,PHATHOM PHARMACEUTICALS INC,Health Care,Equity,12989692.98,0.02,"12,989,692.98","960,066.00",13.53,United States,NASDAQ,USD,1.0,USD,-
SPFI,SOUTH PLAINS FINANCIAL INC,Financials,Equity,12972546.7,0.02,"12,972,546.70","317,410.00",40.87,United States,NASDAQ,USD,1.0,USD,-
EGY,VAALCO ENERGY INC,Energy,Equity,12963283.85,0.02,"12,963,283.85","2,507,405.00",5.17,United States,New York Stock Exchange Inc.,USD,1.0,USD,-
BCAX,BICARA THERAPEUTICS INC,Health Care,Equity,12957135.31,0.02,"12,957,135.31","766,241.00",16.91,United States,NASDAQ,USD,1.0,USD,-
CTO,CTO REALTY GROWTH INC,Real Estate,Equity,12936894.58,0.02,"12,936,894.58","737,986.00",17.53,United States,New York Stock Exchange Inc.,USD,1.0,USD,-
ALX,ALEXANDERS REIT INC,Real Estate,Equity,12844008.97,0.02,"12,844,008.97","52,793.00",243.29,United States,New York Stock Exchange Inc.,USD,1.0,USD,-
TRNS,TRANSCAT INC,Industrials,Equity,12831916.5,0.02,"12,831,916.50","219,349.00",58.50,United States,NASDAQ,USD,1.0,USD,-
NRDS,NERDWALLET INC CLASS A,Financials,Equity,12829784.0,0.02,"12,829,784.00","1,034,660.00",12.40,United States,NASDAQ,USD,1.0,USD,-
RDVT,RED VIOLET INC,Information Technology,Equity,12784539.81,0.02,"12,784,539.81","276,303.00",46.27,United States,NASDAQ,USD,1.0,USD,-
TCBX,THIRD COAST BANCSHARES INC,Financials,Equity,12776195.32,0.02,"12,776,195.32","317,974.00",40.18,United States,New York Stock Exchange Inc.,USD,1.0,USD,-
GSBC,GREAT SOUTHERN BANCORP INC,Financials,Equity,12713813.92,0.02,"12,713,813.92","208,834.00",60.88,United States,NASDAQ,USD,1.0,USD,-
MVST,MICROVAST HOLDINGS INC,Industrials,Equity,12710105.13,0.02,"12,710,105.13","4,760,339.00",2.67,United States,NASDAQ,USD,1.0,USD,-
DIN,DINE BRANDS GLOBAL INC,Consumer Discretionary,Equity,12697208.3,0.02,"12,697,208.30","370,181.00",34.30,United States,New York Stock Exchange Inc.,USD,1.0,USD,-
NUS,NU SKIN ENTERPRISES INC CLASS A,Consumer Staples,Equity,12664579.2,0.02,"12,664,579.20","1,190,280.00",10.64,United States,New York Stock Exchange Inc.,USD,1.0,USD,-
KROS,KEROS THERAPEUTICS INC,Health Care,Equity,12663268.94,0.02,"12,663,268.94","703,906.00",17.99,United States,NASDAQ,USD,1.0,USD,-
OPK,OPKO HEALTH INC,Health Care,Equity,12628592.98,0.02,"12,628,592.98","9,943,774.00",1.27,United States,NASDAQ,USD,1.0,USD,-
EHAB,ENHABIT INC,Health Care,Equity,12625075.5,0.02,"12,625,075.50","1,197,825.00",10.54,United States,New York Stock Exchange Inc.,USD,1.0,USD,-
BLMN,BLOOMIN BRANDS INC,Consumer Discretionary,Equity,12595395.12,0.02,"12,595,395.12","2,044,707.00",6.16,United States,NASDAQ,USD,1.0,USD,-
PLAY,DAVE AND BUSTERS ENTERTAINMENT INC,Consumer Discretionary,Equity,12564336.33,0.02,"12,564,336.33","667,251.00",18.83,United States,NASDAQ,USD,1.0,USD,-
GDEN,GOLDEN ENTERTAINMENT INC,Consumer Discretionary,Equity,12561054.35,0.02,"12,561,054.35","462,995.00",27.13,United States,NASDAQ,USD,1.0,USD,-
RGR,STURM RUGER INC,Consumer Discretionary,Equity,12559320.15,0.02,"12,559,320.15","338,983.00",37.05,United States,New York Stock Exchange Inc.,USD,1.0,USD,-
CEVA,CEVA INC,Information Technology,Equity,12549860.58,0.02,"12,549,860.58","566,074.00",22.17,United States,NASDAQ,USD,1.0,USD,-
TDUP,THREDUP INC CLASS A,Consumer Discretionary,Equity,12527897.07,0.02,"12,527,897.07","2,413,853.00",5.19,United States,NASDAQ,USD,1.0,USD,-
IIIV,I3 VERTICALS INC CLASS A,Information Technology,Equity,12474199.8,0.02,"12,474,199.80","572,211.00",21.80,United States,NASDAQ,USD,1.0,USD,-
OXM,OXFORD INDUSTRIES INC,Consumer Discretionary,Equity,12459226.5,0.02,"12,459,226.50","340,975.00",36.54,United States,New York Stock Exchange Inc.,USD,1.0,USD,-
LXU,LSB INDUSTRIES INC,Materials,Equity,12450732.69,0.02,"12,450,732.69","1,301,017.00",9.57,United States,New York Stock Exchange Inc.,USD,1.0,USD,-
HSTM,HEALTHSTREAM INC,Health Care,Equity,12416403.6,0.02,"12,416,403.60","565,410.00",21.96,United States,NASDAQ,USD,1.0,USD,-
RYAM,RAYONIER ADVANCED MATERIALS INC,Materials,Equity,12404335.44,0.02,"12,404,335.44","1,554,428.00",7.98,United States,New York Stock Exchange Inc.,USD,1.0,USD,-
HIFS,HINGHAM INSTITUTION FOR SAVINGS,Financials,Equity,12398809.46,0.02,"12,398,809.46","40,123.00",309.02,United States,NASDAQ,USD,1.0,USD,-
OFIX,ORTHOFIX MEDICAL INC,Health Care,Equity,12394286.71,0.02,"12,394,286.71","943,967.00",13.13,United States,NASDAQ,USD,1.0,USD,-
ETD,ETHAN ALLEN INTERIORS INC,Consumer Discretionary,Equity,12392063.74,0.02,"12,392,063.74","549,781.00",22.54,United States,New York Stock Exchange Inc.,USD,1.0,USD,-
AEBI,AEBI SCHMIDT HOLDING AG,Industrials,Equity,12363400.0,0.02,"12,363,400.00","883,100.00",14.00,United States,NASDAQ,USD,1.0,USD,-
RUSHB,RUSH ENTERPRISES INC CLASS B,Industrials,Equity,12343656.96,0.02,"12,343,656.96","213,632.00",57.78,United States,NASDAQ,USD,1.0,USD,-
FOR,FORESTAR GROUP INC,Real Estate,Equity,12341452.26,0.02,"12,341,452.26","477,241.00",25.86,United States,New York Stock Exchange Inc.,USD,1.0,USD,-
NUTX,NUTEX HEALTH INC,Health Care,Equity,12337644.45,0.02,"12,337,644.45","83,065.00",148.53,United States,NASDAQ,USD,1.0,USD,-
RZLV,REZOLVE AI PLC,Information Technology,Equity,12328207.95,0.02,"12,328,207.95","4,325,687.00",2.85,United Kingdom,NASDAQ,USD,1.0,USD,-
REPL,REPLIMUNE GROUP INC,Health Care,Equity,12314976.82,0.02,"12,314,976.82","1,666,438.00",7.39,United States,NASDAQ,USD,1.0,USD,-
UHT,UNIVERSAL HEALTH REALTY INCOME TRU,Real Estate,Equity,12305244.0,0.02,"12,305,244.00","315,600.00",38.99,United States,New York Stock Exchange Inc.,USD,1.0,USD,-
GOOD,GLADSTONE COMMERCIAL REIT CORP,Real Estate,Equity,12299500.8,0.02,"12,299,500.80","1,067,665.00",11.52,United States,NASDAQ,USD,1.0,USD,-
ARHS,ARHAUS INC CLASS A,Consumer Discretionary,Equity,12283271.36,0.02,"12,283,271.36","1,238,233.00",9.92,United States,NASDAQ,USD,1.0,USD,-
PSNL,PERSONALIS INC,Health Care,Equity,12271414.98,0.02,"12,271,414.98","1,230,834.00",9.97,United States,NASDAQ,USD,1.0,USD,-
SEPN,SEPTERNA INC,Health Care,Equity,12270732.6,0.02,"12,270,732.60","515,577.00",23.80,United States,NASDAQ,USD,1.0,USD,-
MYGN,MYRIAD GENETICS INC,Health Care,Equity,12268867.38,0.02,"12,268,867.38","2,214,597.00",5.54,United States,NASDAQ,USD,1.0,USD,-
WLFC,WILLIS LEASE FINANCE CORP,Industrials,Equity,12262814.7,0.02,"12,262,814.70","66,882.00",183.35,United States,NASDAQ,USD,1.0,USD,-
NRIM,NORTHRIM BANCORP INC,Financials,Equity,12238420.48,0.02,"12,238,420.48","534,896.00",22.88,United States,NASDAQ,USD,1.0,USD,-
OIS,OIL STATES INTERNATIONAL INC,Energy,Equity,12228293.04,0.02,"12,228,293.04","1,426,872.00",8.57,United States,New York Stock Exchange Inc.,USD,1.0,USD,-
PRAA,PRA GROUP INC,Financials,Equity,12159990.18,0.02,"12,159,990.18","950,742.00",12.79,United States,NASDAQ,USD,1.0,USD,-
FRGE,FORGE GLOBAL HOLDINGS INC,Financials,Equity,12148395.53,0.02,"12,148,395.53","271,837.00",44.69,United States,New York Stock Exchange Inc.,USD,1.0,USD,-
CMCL,CALEDONIA MINING PLC,Materials,Equity,12117037.5,0.02,"12,117,037.50","394,050.00",30.75,Canada,Nyse Mkt Llc,USD,1.0,USD,-
FFIC,FLUSHING FINANCIAL CORP,Financials,Equity,12079535.68,0.02,"12,079,535.68","766,468.00",15.76,United States,NASDAQ,USD,1.0,USD,-
AEVA,AEVA TECHNOLOGIES INC,Information Technology,Equity,12035041.25,0.02,"12,035,041.25","908,305.00",13.25,United States,NASDAQ,USD,1.0,USD,-
INN,SUMMIT HOTEL PROPERTIES REIT INC,Real Estate,Equity,11959315.14,0.02,"11,959,315.14","2,675,462.00",4.47,United States,New York Stock Exchange Inc.,USD,1.0,USD,-
ACNB,ACNB CORP,Financials,Equity,11925015.78,0.02,"11,925,015.78","239,747.00",49.74,United States,NASDAQ,USD,1.0,USD,-
FSUN,FIRSTSUN CAPITAL BANCORP,Financials,Equity,11886659.2,0.02,"11,886,659.20","309,952.00",38.35,United States,NASDAQ,USD,1.0,USD,-
CLMB,CLIMB GLOBAL SOLUTIONS INC,Information Technology,Equity,11877064.5,0.02,"11,877,064.50","96,350.00",123.27,United States,NASDAQ,USD,1.0,USD,-
PGC,PEAPACK GLADSTONE FINANCIAL CORP,Financials,Equity,11849962.96,0.02,"11,849,962.96","393,164.00",30.14,United States,NASDAQ,USD,1.0,USD,-
SWBI,SMITH WESSON BRANDS INC,Consumer Discretionary,Equity,11759777.96,0.02,"11,759,777.96","1,074,934.00",10.94,United States,NASDAQ,USD,1.0,USD,-
KMTS,KESTRA MEDICAL TECHNOLOGIES LTD,Health Care,Equity,11756682.21,0.02,"11,756,682.21","473,487.00",24.83,United States,NASDAQ,USD,1.0,USD,-
ZVRA,ZEVRA THERAPEUTICS INC,Health Care,Equity,11750663.6,0.02,"11,750,663.60","1,326,260.00",8.86,United States,NASDAQ,USD,1.0,USD,-
BDN,BRANDYWINE REALTY TRUST REIT,Real Estate,Equity,11721943.8,0.02,"11,721,943.80","4,127,445.00",2.84,United States,New York Stock Exchange Inc.,USD,1.0,USD,-
BLND,BLEND LABS INC CLASS A,Information Technology,Equity,11715960.12,0.02,"11,715,960.12","4,801,623.00",2.44,United States,New York Stock Exchange Inc.,USD,1.0,USD,-
ZEUS,OLYMPIC STEEL INC,Materials,Equity,11711569.16,0.02,"11,711,569.16","243,332.00",48.13,United States,NASDAQ,USD,1.0,USD,-
CARE,CARTER BANKSHARES INC,Financials,Equity,11683635.2,0.02,"11,683,635.20","570,490.00",20.48,United States,NASDAQ,USD,1.0,USD,-
MSBI,MIDLAND STATES BANCORP INC,Financials,Equity,11667900.0,0.02,"11,667,900.00","511,750.00",22.80,United States,NASDAQ,USD,1.0,USD,-
SSTK,SHUTTERSTOCK INC,Communication,Equity,11662794.0,0.02,"11,662,794.00","589,030.00",19.80,United States,New York Stock Exchange Inc.,USD,1.0,USD,-
CRNC,CERENCE INC,Information Technology,Equity,11649985.2,0.02,"11,649,985.20","990,645.00",11.76,United States,NASDAQ,USD,1.0,USD,-
HPP,HUDSON PACIFIC PROPERTIES REIT INC,Real Estate,Equity,11634132.0,0.02,"11,634,132.00","1,310,150.00",8.88,United States,New York Stock Exchange Inc.,USD,1.0,USD,-
ANGI,ANGI INC CLASS A,Communication,Equity,11615881.55,0.02,"11,615,881.55","883,337.00",13.15,United States,NASDAQ,USD,1.0,USD,-
SLS,SELLAS LIFE SCIENCES GROUP INC,Health Care,Equity,11610949.8,0.02,"11,610,949.80","2,984,820.00",3.89,United States,NASDAQ,USD,1.0,USD,-
ABAT,AMERICAN BATTERY TECHNOLOGY COMPAN,Materials,Equity,11596033.44,0.02,"11,596,033.44","2,684,267.00",4.32,United States,NASDAQ,USD,1.0,USD,-
FMNB,FARMERS NATIONAL BANC CORP,Financials,Equity,11593732.6,0.02,"11,593,732.60","902,236.00",12.85,United States,NASDAQ,USD,1.0,USD,-
KREF,KKR REAL ESTATE FINANCE INC TRUST,Financials,Equity,11593310.6,0.02,"11,593,310.60","1,373,615.00",8.44,United States,New York Stock Exchange Inc.,USD,1.0,USD,-
KOPN,KOPIN CORP,Information Technology,Equity,11591401.83,0.02,"11,591,401.83","4,341,349.00",2.67,United States,NASDAQ,USD,1.0,USD,-
REAX,REAL BROKERAGE INC,Real Estate,Equity,11571569.56,0.02,"11,571,569.56","3,232,282.00",3.58,Canada,NASDAQ,USD,1.0,USD,-
LXEO,LEXEO THERAPEUTICS INC,Health Care,Equity,11551517.2,0.02,"11,551,517.20","1,525,960.00",7.57,United States,NASDAQ,USD,1.0,USD,-
PFIS,PEOPLES FINANCIAL SERVICES CORP,Financials,Equity,11531802.21,0.02,"11,531,802.21","224,923.00",51.27,United States,NASDAQ,USD,1.0,USD,-
BWMN,BOWMAN CONSULTING GROUP LTD,Industrials,Equity,11529414.62,0.02,"11,529,414.62","335,743.00",34.34,United States,NASDAQ,USD,1.0,USD,-
GEVO,GEVO INC,Energy,Equity,11528319.48,0.02,"11,528,319.48","5,651,137.00",2.04,United States,NASDAQ,USD,1.0,USD,-
AIP,ARTERIS INC,Information Technology,Equity,11519010.54,0.02,"11,519,010.54","735,569.00",15.66,United States,NASDAQ,USD,1.0,USD,-
FULC,FULCRUM THERAPEUTICS INC,Health Care,Equity,11512085.42,0.02,"11,512,085.42","1,052,293.00",10.94,United States,NASDAQ,USD,1.0,USD,-
HZO,MARINEMAX INC,Consumer Discretionary,Equity,11500975.15,0.02,"11,500,975.15","466,571.00",24.65,United States,New York Stock Exchange Inc.,USD,1.0,USD,-
BSRR,SIERRA BANCORP,Financials,Equity,11492746.55,0.02,"11,492,746.55","332,641.00",34.55,United States,NASDAQ,USD,1.0,USD,-
FPI,FARMLAND PARTNERS INC,Real Estate,Equity,11473108.71,0.02,"11,473,108.71","1,005,531.00",11.41,United States,New York Stock Exchange Inc.,USD,1.0,USD,-
FET,FORUM ENERGY TECHNOLOGIES INC,Energy,Equity,11453401.08,0.02,"11,453,401.08","254,012.00",45.09,United States,New York Stock Exchange Inc.,USD,1.0,USD,-
FBIZ,FIRST BUSINESS FINANCIAL SERVICES,Financials,Equity,11445403.2,0.02,"11,445,403.20","200,480.00",57.09,United States,NASDAQ,USD,1.0,USD,-
ORN,ORION GROUP INC,Industrials,Equity,11427342.04,0.02,"11,427,342.04","912,727.00",12.52,United States,New York Stock Exchange Inc.,USD,1.0,USD,-
NFBK,NORTHFIELD BANCORP INC,Financials,Equity,11413041.75,0.02,"11,413,041.75","939,345.00",12.15,United States,NASDAQ,USD,1.0,USD,-
CHCT,COMMUNITY HEALTHCARE TRUST INC,Real Estate,Equity,11347042.68,0.02,"11,347,042.68","670,629.00",16.92,United States,New York Stock Exchange Inc.,USD,1.0,USD,-
CIVB,CIVISTA BANCSHARES INC,Financials,Equity,11325662.16,0.02,"11,325,662.16","459,832.00",24.63,United States,NASDAQ,USD,1.0,USD,-
NAVN,NAVAN INC CLASS A,Consumer Discretionary,Equity,11323699.02,0.02,"11,323,699.02","894,447.00",12.66,United States,NASDAQ,USD,1.0,USD,-
GOSS,GOSSAMER BIO INC,Health Care,Equity,11249938.7,0.01,"11,249,938.70","4,648,735.00",2.42,United States,NASDAQ,USD,1.0,USD,-
VOYG,VOYAGER TECHNOLOGIES INC CLASS A,Industrials,Equity,11177395.44,0.01,"11,177,395.44","337,992.00",33.07,United States,New York Stock Exchange Inc.,USD,1.0,USD,-
UDMY,UDEMY INC,Consumer Discretionary,Equity,11170728.55,0.01,"11,170,728.55","2,303,243.00",4.85,United States,NASDAQ,USD,1.0,USD,-
TWI,TITAN INTERNATIONAL INC,Industrials,Equity,11084565.25,0.01,"11,084,565.25","1,185,515.00",9.35,United States,New York Stock Exchange Inc.,USD,1.0,USD,-
SPT,SPROUT SOCIAL INC CLASS A,Information Technology,Equity,11059239.9,0.01,"11,059,239.90","1,271,177.00",8.70,United States,NASDAQ,USD,1.0,USD,-
SLDE,SLIDE INSURANCE HOLDINGS INC,Financials,Equity,11016314.48,0.01,"11,016,314.48","657,298.00",16.76,United States,NASDAQ,USD,1.0,USD,-
SABR,SABRE CORP,Consumer Discretionary,Equity,10983869.38,0.01,"10,983,869.38","9,077,578.00",1.21,United States,NASDAQ,USD,1.0,USD,-
CYRX,CRYOPORT INC,Health Care,Equity,10977747.68,0.01,"10,977,747.68","1,162,897.00",9.44,United States,NASDAQ,USD,1.0,USD,-
BIOA,BIOAGE LABS INC,Health Care,Equity,10966112.2,0.01,"10,966,112.20","574,142.00",19.10,United States,NASDAQ,USD,1.0,USD,-
HCKT,HACKETT GROUP INC,Information Technology,Equity,10926844.52,0.01,"10,926,844.52","589,684.00",18.53,United States,NASDAQ,USD,1.0,USD,-
HTLD,HEARTLAND EXPRESS INC,Industrials,Equity,10926391.5,0.01,"10,926,391.50","1,055,690.00",10.35,United States,NASDAQ,USD,1.0,USD,-
MITK,MITEK SYSTEMS INC,Information Technology,Equity,10897265.25,0.01,"10,897,265.25","1,084,305.00",10.05,United States,NASDAQ,USD,1.0,USD,-
MTW,MANITOWOC INC,Industrials,Equity,10890770.91,0.01,"10,890,770.91","842,287.00",12.93,United States,New York Stock Exchange Inc.,USD,1.0,USD,-
ALT,ALTIMMUNE INC,Health Care,Equity,10827468.3,0.01,"10,827,468.30","2,123,033.00",5.10,United States,NASDAQ,USD,1.0,USD,-
MLR,MILLER INDUSTRIES INC,Industrials,Equity,10825581.97,0.01,"10,825,581.97","264,103.00",40.99,United States,New York Stock Exchange Inc.,USD,1.0,USD,-
CLBK,COLUMBIA FINANCIAL INC,Financials,Equity,10817352.96,0.01,"10,817,352.96","662,828.00",16.32,United States,NASDAQ,USD,1.0,USD,-
EBF,ENNIS INC,Industrials,Equity,10794203.9,0.01,"10,794,203.90","563,666.00",19.15,United States,New York Stock Exchange Inc.,USD,1.0,USD,-
GMRE,GLOBAL MEDICAL REIT INC,Real Estate,Equity,10792995.84,0.01,"10,792,995.84","315,216.00",34.24,United States,New York Stock Exchange Inc.,USD,1.0,USD,-
NABL,N ABLE INC,Information Technology,Equity,10757739.9,0.01,"10,757,739.90","1,749,226.00",6.15,United States,New York Stock Exchange Inc.,USD,1.0,USD,-
SFST,SOUTHERN FIRST BANCSHARES INC,Financials,Equity,10732436.34,0.01,"10,732,436.34","196,349.00",54.66,United States,NASDAQ,USD,1.0,USD,-
LTBR,LIGHTBRIDGE CORP,Energy,Equity,10705374.22,0.01,"10,705,374.22","647,829.00",16.52,United States,NASDAQ,USD,1.0,USD,-
SATL,SATELLOGIC INC CLASS A,Industrials,Equity,10687739.8,0.01,"10,687,739.80","2,039,645.00",5.24,United States,NASDAQ,USD,1.0,USD,-
TTAM,TITAN AMERICA SA,Materials,Equity,10654596.03,0.01,"10,654,596.03","589,629.00",18.07,Belgium,New York Stock Exchange Inc.,USD,1.0,USD,-
CODI,COMPASS DIVERSIFIED,Financials,Equity,10624090.56,0.01,"10,624,090.56","1,619,526.00",6.56,United States,New York Stock Exchange Inc.,USD,1.0,USD,-
STKL,SUNOPTA INC,Consumer Staples,Equity,10580367.92,0.01,"10,580,367.92","2,310,124.00",4.58,Canada,NASDAQ,USD,1.0,USD,-
PKE,PARK AEROSPACE CORP,Industrials,Equity,10571859.36,0.01,"10,571,859.36","431,857.00",24.48,United States,New York Stock Exchange Inc.,USD,1.0,USD,-
YORW,YORK WATER,Utilities,Equity,10567220.85,0.01,"10,567,220.85","321,681.00",32.85,United States,NASDAQ,USD,1.0,USD,-
TIPT,TIPTREE INC,Financials,Equity,10563879.48,0.01,"10,563,879.48","590,821.00",17.88,United States,NASDAQ,USD,1.0,USD,-
BBBY,BED BATH AND BEYOND INC,Consumer Discretionary,Equity,10549254.63,0.01,"10,549,254.63","1,677,147.00",6.29,United States,New York Stock Exchange Inc.,USD,1.0,USD,-
DHIL,DIAMOND HILL INVESTMENT GROUP INC,Financials,Equity,10543529.94,0.01,"10,543,529.94","61,507.00",171.42,United States,NASDAQ,USD,1.0,USD,-
IMXI,INTERNATIONAL MONEY EXPRESS INC,Financials,Equity,10490253.41,0.01,"10,490,253.41","678,103.00",15.47,United States,NASDAQ,USD,1.0,USD,-
GIC,GLOBAL INDUSTRIAL,Industrials,Equity,10486793.94,0.01,"10,486,793.94","343,042.00",30.57,United States,New York Stock Exchange Inc.,USD,1.0,USD,-
KRUS,KURA SUSHI USA INC,Consumer Discretionary,Equity,10478395.56,0.01,"10,478,395.56","152,258.00",68.82,United States,NASDAQ,USD,1.0,USD,-
VNDA,VANDA PHARMACEUTICALS INC,Health Care,Equity,10451488.62,0.01,"10,451,488.62","1,343,379.00",7.78,United States,NASDAQ,USD,1.0,USD,-
HBCP,HOME BANCORP INC,Financials,Equity,10394235.65,0.01,"10,394,235.65","174,605.00",59.53,United States,NASDAQ,USD,1.0,USD,-
KRNY,KEARNY FINANCIAL CORP,Financials,Equity,10388658.0,0.01,"10,388,658.00","1,340,472.00",7.75,United States,NASDAQ,USD,1.0,USD,-
LAB,STANDARD BIOTOOLS INC,Health Care,Equity,10383507.9,0.01,"10,383,507.90","7,364,190.00",1.41,United States,NASDAQ,USD,1.0,USD,-
ASIX,ADVANSIX INC,Materials,Equity,10379133.75,0.01,"10,379,133.75","646,675.00",16.05,United States,New York Stock Exchange Inc.,USD,1.0,USD,-
MH,MCGRAW HILL INC,Consumer Discretionary,Equity,10335590.54,0.01,"10,335,590.54","696,938.00",14.83,United States,New York Stock Exchange Inc.,USD,1.0,USD,-
CERS,CERUS CORP,Health Care,Equity,10326368.72,0.01,"10,326,368.72","4,451,021.00",2.32,United States,NASDAQ,USD,1.0,USD,-
ULCC,FRONTIER GROUP HOLDINGS INC,Industrials,Equity,10317852.94,0.01,"10,317,852.94","2,067,706.00",4.99,United States,NASDAQ,USD,1.0,USD,-
CVLG,COVENANT LOGISTICS GROUP INC CLASS,Industrials,Equity,10292953.0,0.01,"10,292,953.00","398,180.00",25.85,United States,New York Stock Exchange Inc.,USD,1.0,USD,-
MAGN,MAGNERA CORP,Materials,Equity,10279482.5,0.01,"10,279,482.50","775,810.00",13.25,United States,New York Stock Exchange Inc.,USD,1.0,USD,-
OSPN,ONESPAN INC,Information Technology,Equity,10263836.4,0.01,"10,263,836.40","881,016.00",11.65,United States,NASDAQ,USD,1.0,USD,-
BOW,BOWHEAD SPECIALTY HOLDINGS INC,Financials,Equity,10193741.25,0.01,"10,193,741.25","413,875.00",24.63,United States,New York Stock Exchange Inc.,USD,1.0,USD,-
NXDR,NEXTDOOR HOLDINGS INC CLASS A,Communication,Equity,10181581.83,0.01,"10,181,581.83","5,275,431.00",1.93,United States,New York Stock Exchange Inc.,USD,1.0,USD,-
COFS,CHOICEONE FINANCIAL SERVICES INC,Financials,Equity,10176473.4,0.01,"10,176,473.40","344,265.00",29.56,United States,NASDAQ,USD,1.0,USD,-
CVGW,CALAVO GROWERS INC,Consumer Staples,Equity,10133688.0,0.01,"10,133,688.00","404,700.00",25.04,United States,NASDAQ,USD,1.0,USD,-
ASC,ARDMORE SHIPPING CORP,Energy,Equity,10116031.6,0.01,"10,116,031.60","815,809.00",12.40,Bermuda,New York Stock Exchange Inc.,USD,1.0,USD,-
MLAB,MESA LABORATORIES INC,Health Care,Equity,10095981.56,0.01,"10,095,981.56","128,317.00",78.68,United States,NASDAQ,USD,1.0,USD,-
OPTU,OPTIMUM COMMUNICATIONS INC CLASS A,Communication,Equity,10085899.2,0.01,"10,085,899.20","6,303,687.00",1.60,United States,New York Stock Exchange Inc.,USD,1.0,USD,-
PSTL,POSTAL REALTY TRUST INC CLASS A,Real Estate,Equity,10053795.85,0.01,"10,053,795.85","556,997.00",18.05,United States,New York Stock Exchange Inc.,USD,1.0,USD,-
DRUG,BRIGHT MINDS BIOSCIENCES INC,Health Care,Equity,10052332.48,0.01,"10,052,332.48","121,876.00",82.48,United States,NASDAQ,USD,1.0,USD,-
CAL,CALERES INC,Consumer Discretionary,Equity,10047692.34,0.01,"10,047,692.34","814,898.00",12.33,United States,New York Stock Exchange Inc.,USD,1.0,USD,-
PRME,PRIME MEDICINE INC,Health Care,Equity,10037978.5,0.01,"10,037,978.50","2,418,790.00",4.15,United States,NASDAQ,USD,1.0,USD,-
NATR,NATURES SUNSHINE PRODUCTS INC,Consumer Staples,Equity,10029606.73,0.01,"10,029,606.73","403,931.00",24.83,United States,NASDAQ,USD,1.0,USD,-
EVGO,EVGO INC CLASS A,Consumer Discretionary,Equity,10023197.14,0.01,"10,023,197.14","3,192,101.00",3.14,United States,NASDAQ,USD,1.0,USD,-
AVXL,ANAVEX LIFE SCIENCES CORP,Health Care,Equity,10018143.05,0.01,"10,018,143.05","2,040,355.00",4.91,United States,NASDAQ,USD,1.0,USD,-
CCSI,CONSENSUS CLOUD SOLUTIONS INC,Information Technology,Equity,10012844.48,0.01,"10,012,844.48","467,017.00",21.44,United States,NASDAQ,USD,1.0,USD,-
UNTY,UNITY BANCORP INC,Financials,Equity,9921076.64,0.01,"9,921,076.64","186,908.00",53.08,United States,NASDAQ,USD,1.0,USD,-
ABSI,ABSCI CORP,Health Care,Equity,9904454.91,0.01,"9,904,454.91","3,268,797.00",3.03,United States,NASDAQ,USD,1.0,USD,-
FLOC,FLOWCO HOLDINGS INC CLASS A,Energy,Equity,9887057.28,0.01,"9,887,057.28","480,888.00",20.56,United States,New York Stock Exchange Inc.,USD,1.0,USD,-
CYH,COMMUNITY HEALTH SYSTEMS INC,Health Care,Equity,9882446.47,0.01,"9,882,446.47","3,117,491.00",3.17,United States,New York Stock Exchange Inc.,USD,1.0,USD,-
BWB,BRIDGEWATER BANCSHARES INC,Financials,Equity,9844672.04,0.01,"9,844,672.04","513,278.00",19.18,United States,NASDAQ,USD,1.0,USD,-
CWBC,COMMUNITY WEST BANCSHARES,Financials,Equity,9808394.66,0.01,"9,808,394.66","413,159.00",23.74,United States,NASDAQ,USD,1.0,USD,-
ARKO,ARKO,Consumer Discretionary,Equity,9728367.84,0.01,"9,728,367.84","1,863,672.00",5.22,United States,NASDAQ,USD,1.0,USD,-
GLRE,GREENLIGHT CAPITAL LTD CLASS A,Financials,Equity,9698366.16,0.01,"9,698,366.16","700,749.00",13.84,United States,NASDAQ,USD,1.0,USD,-
ZBIO,ZENAS BIOPHARMA INC,Health Care,Equity,9697068.72,0.01,"9,697,068.72","464,419.00",20.88,United States,NASDAQ,USD,1.0,USD,-
LBRX,LB PHARMACEUTICALS INC,Health Care,Equity,9636118.26,0.01,"9,636,118.26","455,178.00",21.17,United States,NASDAQ,USD,1.0,USD,-
SVV,SAVERS VALUE VILLAGE INC,Consumer Discretionary,Equity,9625251.87,0.01,"9,625,251.87","914,079.00",10.53,United States,New York Stock Exchange Inc.,USD,1.0,USD,-
HY,HYSTER YALE INC CLASS A,Industrials,Equity,9623975.79,0.01,"9,623,975.79","292,611.00",32.89,United States,New York Stock Exchange Inc.,USD,1.0,USD,-
BMRC,BANK OF MARIN BANCORP,Financials,Equity,9613188.0,0.01,"9,613,188.00","360,720.00",26.65,United States,NASDAQ,USD,1.0,USD,-
BAND,BANDWIDTH INC CLASS A,Communication,Equity,9575553.43,0.01,"9,575,553.43","684,457.00",13.99,United States,NASDAQ,USD,1.0,USD,-
WNC,WABASH NATIONAL CORP,Industrials,Equity,9565689.42,0.01,"9,565,689.42","962,343.00",9.94,United States,New York Stock Exchange Inc.,USD,1.0,USD,-
SLDB,SOLID BIOSCIENCES INC,Health Care,Equity,9545969.4,0.01,"9,545,969.40","1,446,359.00",6.60,United States,NASDAQ,USD,1.0,USD,-
CLNE,CLEAN ENERGY FUELS CORP,Energy,Equity,9533353.5,0.01,"9,533,353.50","4,237,046.00",2.25,United States,NASDAQ,USD,1.0,USD,-
HELE,HELEN OF TROY LTD,Consumer Discretionary,Equity,9529771.5,0.01,"9,529,771.50","570,645.00",16.70,United States,NASDAQ,USD,1.0,USD,-
LXFR,LUXFER HOLDINGS PLC,Industrials,Equity,9517715.28,0.01,"9,517,715.28","624,522.00",15.24,United States,New York Stock Exchange Inc.,USD,1.0,USD,-
WEAV,WEAVE COMMUNICATIONS INC,Information Technology,Equity,9515986.98,0.01,"9,515,986.98","1,473,063.00",6.46,United States,New York Stock Exchange Inc.,USD,1.0,USD,-
BCAL,CALIFORNIA BANCORP,Financials,Equity,9510568.16,0.01,"9,510,568.16","526,027.00",18.08,United States,NASDAQ,USD,1.0,USD,-
GEFB,GREIF INC CLASS B,Materials,Equity,9497407.5,0.01,"9,497,407.50","115,470.00",82.25,United States,New York Stock Exchange Inc.,USD,1.0,USD,-
PRTA,PROTHENA PLC,Health Care,Equity,9473869.86,0.01,"9,473,869.86","1,045,681.00",9.06,United States,NASDAQ,USD,1.0,USD,-
ANGO,ANGIODYNAMICS INC,Health Care,Equity,9452826.46,0.01,"9,452,826.46","947,177.00",9.98,United States,NASDAQ,USD,1.0,USD,-
REPX,RILEY EXPLORATION PERMIAN INC,Energy,Equity,9418769.25,0.01,"9,418,769.25","335,785.00",28.05,United States,Nyse Mkt Llc,USD,1.0,USD,-
NPCE,NEUROPACE INC,Health Care,Equity,9417142.72,0.01,"9,417,142.72","614,696.00",15.32,United States,NASDAQ,USD,1.0,USD,-
CABO,CABLE ONE INC,Communication,Equity,9405034.95,0.01,"9,405,034.95","124,323.00",75.65,United States,New York Stock Exchange Inc.,USD,1.0,USD,-
ETON,ETON PHARMACEUTCIALS INC,Health Care,Equity,9398788.5,0.01,"9,398,788.50","616,314.00",15.25,United States,NASDAQ,USD,1.0,USD,-
FFWM,FIRST FOUNDATION INC,Financials,Equity,9374873.04,0.01,"9,374,873.04","1,531,842.00",6.12,United States,New York Stock Exchange Inc.,USD,1.0,USD,-
OBT,ORANGE COUNTY BANCORP INC,Financials,Equity,9344764.96,0.01,"9,344,764.96","303,796.00",30.76,United States,NASDAQ,USD,1.0,USD,-
WTBA,WEST BANCORPORATION INC,Financials,Equity,9341415.72,0.01,"9,341,415.72","401,436.00",23.27,United States,NASDAQ,USD,1.0,USD,-
EVEX,EVE HOLDING INC,Industrials,Equity,9337171.24,0.01,"9,337,171.24","2,311,181.00",4.04,United States,New York Stock Exchange Inc.,USD,1.0,USD,-
CTOS,CUSTOM TRUCK ONE SOURCE INC,Industrials,Equity,9306042.0,0.01,"9,306,042.00","1,472,475.00",6.32,United States,New York Stock Exchange Inc.,USD,1.0,USD,-
GTN,GRAY MEDIA INC,Communication,Equity,9303881.73,0.01,"9,303,881.73","2,168,737.00",4.29,United States,New York Stock Exchange Inc.,USD,1.0,USD,-
IBEX,IBEX LTD,Industrials,Equity,9276595.72,0.01,"9,276,595.72","249,103.00",37.24,United States,NASDAQ,USD,1.0,USD,-
MRVI,MARAVAI LIFESCIENCES HOLDINGS INC,Health Care,Equity,9252476.45,0.01,"9,252,476.45","2,697,515.00",3.43,United States,NASDAQ,USD,1.0,USD,-
OLP,ONE LIBERTY PROPERTIES REIT INC,Real Estate,Equity,9243724.84,0.01,"9,243,724.84","436,849.00",21.16,United States,New York Stock Exchange Inc.,USD,1.0,USD,-
DNA,GINKGO BIOWORKS HOLDINGS INC CLASS,Health Care,Equity,9202283.3,0.01,"9,202,283.30","988,430.00",9.31,United States,New York Stock Exchange Inc.,USD,1.0,USD,-
KODK,EASTMAN KODAK,Information Technology,Equity,9193159.35,0.01,"9,193,159.35","1,217,637.00",7.55,United States,New York Stock Exchange Inc.,USD,1.0,USD,-
FEIM,FREQUENCY ELECTRONICS INC,Information Technology,Equity,9177266.34,0.01,"9,177,266.34","159,827.00",57.42,United States,NASDAQ,USD,1.0,USD,-
NEWT,NEWTEKONE INC,Financials,Equity,9148325.76,0.01,"9,148,325.76","639,296.00",14.31,United States,NASDAQ,USD,1.0,USD,-
MTRX,MATRIX SERVICE,Industrials,Equity,9146957.55,0.01,"9,146,957.55","640,095.00",14.29,United States,NASDAQ,USD,1.0,USD,-
AKBA,AKEBIA THERAPEUTICS INC,Health Care,Equity,9139761.8,0.01,"9,139,761.80","6,303,284.00",1.45,United States,NASDAQ,USD,1.0,USD,-
EVH,EVOLENT HEALTH INC CLASS A,Health Care,Equity,9119777.04,0.01,"9,119,777.04","2,814,746.00",3.24,United States,New York Stock Exchange Inc.,USD,1.0,USD,-
RBB,RBB BANCORP,Financials,Equity,9104829.17,0.01,"9,104,829.17","443,489.00",20.53,United States,NASDAQ,USD,1.0,USD,-
GRND,GRINDR INC,Communication,Equity,9100814.64,0.01,"9,100,814.64","785,908.00",11.58,United States,New York Stock Exchange Inc.,USD,1.0,USD,-
IHRT,IHEARTMEDIA INC CLASS A,Communication,Equity,9085669.07,0.01,"9,085,669.07","2,921,437.00",3.11,United States,NASDAQ,USD,1.0,USD,-
PTLO,PORTILLO S INC CLASS A,Consumer Discretionary,Equity,9080443.4,0.01,"9,080,443.40","1,595,860.00",5.69,United States,NASDAQ,USD,1.0,USD,-
ITIC,INVESTORS TITLE,Financials,Equity,9062665.3,0.01,"9,062,665.30","35,113.00",258.10,United States,NASDAQ,USD,1.0,USD,-
GRPN,GROUPON INC,Consumer Discretionary,Equity,9053267.4,0.01,"9,053,267.40","613,365.00",14.76,United States,NASDAQ,USD,1.0,USD,-
HBT,HBT FINANCIAL INC,Financials,Equity,8998871.44,0.01,"8,998,871.44","334,282.00",26.92,United States,NASDAQ,USD,1.0,USD,-
FRBA,FIRST BANK,Financials,Equity,8958246.0,0.01,"8,958,246.00","542,924.00",16.50,United States,NASDAQ,USD,1.0,USD,-
RRBI,RED RIVER BANCSHARES INC,Financials,Equity,8941514.11,0.01,"8,941,514.11","114,181.00",78.31,United States,NASDAQ,USD,1.0,USD,-
JACK,JACK IN THE BOX INC,Consumer Discretionary,Equity,8865209.81,0.01,"8,865,209.81","430,559.00",20.59,United States,NASDAQ,USD,1.0,USD,-
FMAO,FARMERS AND MERCHANTS BANCORP INC,Financials,Equity,8826413.2,0.01,"8,826,413.20","336,886.00",26.20,United States,NASDAQ,USD,1.0,USD,-
IPI,INTREPID POTASH INC,Materials,Equity,8798802.0,0.01,"8,798,802.00","261,480.00",33.65,United States,New York Stock Exchange Inc.,USD,1.0,USD,-
BFS,SAUL CENTERS REIT INC,Real Estate,Equity,8793804.23,0.01,"8,793,804.23","278,021.00",31.63,United States,New York Stock Exchange Inc.,USD,1.0,USD,-
CBNK,CAPITAL BANCORP INC,Financials,Equity,8771333.22,0.01,"8,771,333.22","288,341.00",30.42,United States,NASDAQ,USD,1.0,USD,-
FDMT,4D MOLECULAR THERAPEUTICS INC,Health Care,Equity,8731021.26,0.01,"8,731,021.26","973,358.00",8.97,United States,NASDAQ,USD,1.0,USD,-
BVS,BIOVENTUS CLASS A INC,Health Care,Equity,8719941.24,0.01,"8,719,941.24","1,115,082.00",7.82,United States,NASDAQ,USD,1.0,USD,-
CZNC,CITIZENS AND NORTHERN CORP,Financials,Equity,8686928.25,0.01,"8,686,928.25","389,025.00",22.33,United States,NASDAQ,USD,1.0,USD,-
WRLD,WORLD ACCEPTANCE CORP,Financials,Equity,8672379.62,0.01,"8,672,379.62","72,554.00",119.53,United States,NASDAQ,USD,1.0,USD,-
CLPT,CLEARPOINT NEURO INC,Health Care,Equity,8626537.04,0.01,"8,626,537.04","642,812.00",13.42,United States,NASDAQ,USD,1.0,USD,-
CBAN,COLONY BANKCORP INC,Financials,Equity,8610218.44,0.01,"8,610,218.44","442,003.00",19.48,United States,New York Stock Exchange Inc.,USD,1.0,USD,-
GOGO,GOGO INC,Communication,Equity,8586651.82,0.01,"8,586,651.82","1,891,333.00",4.54,United States,NASDAQ,USD,1.0,USD,-
ENTA,ENANTA PHARMACEUTICALS INC,Health Care,Equity,8569947.3,0.01,"8,569,947.30","664,337.00",12.90,United States,NASDAQ,USD,1.0,USD,-
MOV,MOVADO GROUP INC,Consumer Discretionary,Equity,8565071.76,0.01,"8,565,071.76","374,184.00",22.89,United States,New York Stock Exchange Inc.,USD,1.0,USD,-
BWFG,BANKWELL FINANCIAL GROUP INC,Financials,Equity,8563202.43,0.01,"8,563,202.43","179,259.00",47.77,United States,NASDAQ,USD,1.0,USD,-
MGTX,MEIRAGTX HOLDINGS PLC,Health Care,Equity,8551624.14,0.01,"8,551,624.14","1,104,861.00",7.74,United States,NASDAQ,USD,1.0,USD,-
ACCO,ACCO BRANDS CORP,Industrials,Equity,8546818.17,0.01,"8,546,818.17","2,185,887.00",3.91,United States,New York Stock Exchange Inc.,USD,1.0,USD,-
CTGO,CONTANGO ORE INC,Materials,Equity,8537268.8,0.01,"8,537,268.80","267,040.00",31.97,United States,Nyse Mkt Llc,USD,1.0,USD,-
SRTA,STRATA CRITICAL MEDICAL INC CLASS,Health Care,Equity,8515217.1,0.01,"8,515,217.10","1,679,530.00",5.07,United States,NASDAQ,USD,1.0,USD,-
TITN,TITAN MACHINERY INC,Industrials,Equity,8484608.23,0.01,"8,484,608.23","505,337.00",16.79,United States,NASDAQ,USD,1.0,USD,-
MAX,MEDIAALPHA INC CLASS A,Communication,Equity,8484505.6,0.01,"8,484,505.60","828,565.00",10.24,United States,New York Stock Exchange Inc.,USD,1.0,USD,-
OEC,ORION SA,Materials,Equity,8477780.44,0.01,"8,477,780.44","1,380,746.00",6.14,United States,New York Stock Exchange Inc.,USD,1.0,USD,-
BCML,BAYCOM CORP,Financials,Equity,8451374.5,0.01,"8,451,374.50","290,825.00",29.06,United States,NASDAQ,USD,1.0,USD,-
MGPI,MGP INGREDIENTS INC,Consumer Staples,Equity,8449590.33,0.01,"8,449,590.33","336,503.00",25.11,United States,NASDAQ,USD,1.0,USD,-
BATRA,ATLANTA BRAVES HOLDINGS INC SERIES,Communication,Equity,8428747.94,0.01,"8,428,747.94","191,606.00",43.99,United States,NASDAQ,USD,1.0,USD,-
MCS,THE MARCUS CORP,Communication,Equity,8382325.82,0.01,"8,382,325.82","556,226.00",15.07,United States,New York Stock Exchange Inc.,USD,1.0,USD,-
CLDT,CHATHAM LODGING TRUST REIT,Real Estate,Equity,8372418.6,0.01,"8,372,418.60","1,182,545.00",7.08,United States,New York Stock Exchange Inc.,USD,1.0,USD,-
NGS,NATURAL GAS SERVICES GROUP INC,Energy,Equity,8364782.84,0.01,"8,364,782.84","242,317.00",34.52,United States,New York Stock Exchange Inc.,USD,1.0,USD,-
VSTM,VERASTEM INC,Health Care,Equity,8352159.49,0.01,"8,352,159.49","1,302,989.00",6.41,United States,NASDAQ,USD,1.0,USD,-
TRC,TEJON RANCH,Real Estate,Equity,8327361.6,0.01,"8,327,361.60","510,255.00",16.32,United States,New York Stock Exchange Inc.,USD,1.0,USD,-
CLFD,CLEARFIELD INC,Information Technology,Equity,8294107.59,0.01,"8,294,107.59","276,747.00",29.97,United States,NASDAQ,USD,1.0,USD,-
RM,REGIONAL MANAGEMENT CORP,Financials,Equity,8255648.52,0.01,"8,255,648.52","228,942.00",36.06,United States,New York Stock Exchange Inc.,USD,1.0,USD,-
HVT,HAVERTY FURNITURE COMPANIES INC,Consumer Discretionary,Equity,8246417.62,0.01,"8,246,417.62","323,897.00",25.46,United States,New York Stock Exchange Inc.,USD,1.0,USD,-
LAND,GLADSTONE LAND REIT CORP,Real Estate,Equity,8234769.24,0.01,"8,234,769.24","788,771.00",10.44,United States,NASDAQ,USD,1.0,USD,-
NVEC,NVE CORP,Information Technology,Equity,8222562.15,0.01,"8,222,562.15","114,123.00",72.05,United States,NASDAQ,USD,1.0,USD,-
SCVL,SHOE CARNIVAL INC,Consumer Discretionary,Equity,8220148.6,0.01,"8,220,148.60","446,020.00",18.43,United States,NASDAQ,USD,1.0,USD,-
MVBF,MVB FINANCIAL CORP,Financials,Equity,8151540.48,0.01,"8,151,540.48","288,448.00",28.26,United States,NASDAQ,USD,1.0,USD,-
CENT,CENTRAL GARDEN AND PET,Consumer Staples,Equity,8139804.21,0.01,"8,139,804.21","245,101.00",33.21,United States,NASDAQ,USD,1.0,USD,-
AQST,AQUESTIVE THERAPEUTICS INC,Health Care,Equity,8107077.96,0.01,"8,107,077.96","2,565,531.00",3.16,United States,NASDAQ,USD,1.0,USD,-
EB,EVENTBRITE CLASS A INC,Communication,Equity,8102559.15,0.01,"8,102,559.15","1,837,315.00",4.41,United States,New York Stock Exchange Inc.,USD,1.0,USD,-
NMAX,NEWSMAX INC CLASS B,Communication,Equity,8069791.8,0.01,"8,069,791.80","1,143,030.00",7.06,United States,New York Stock Exchange Inc.,USD,1.0,USD,-
TRDA,ENTRADA THERAPEUTICS INC,Health Care,Equity,8057631.34,0.01,"8,057,631.34","691,049.00",11.66,United States,NASDAQ,USD,1.0,USD,-
PKBK,PARKE BANCORP INC,Financials,Equity,8042776.16,0.01,"8,042,776.16","296,344.00",27.14,United States,NASDAQ,USD,1.0,USD,-
ZUMZ,ZUMIEZ INC,Consumer Discretionary,Equity,8030950.2,0.01,"8,030,950.20","324,090.00",24.78,United States,NASDAQ,USD,1.0,USD,-
SPIR,SPIRE GLOBAL INC CLASS A,Industrials,Equity,8019722.7,0.01,"8,019,722.70","662,787.00",12.10,United States,New York Stock Exchange Inc.,USD,1.0,USD,-
ABX,ABACUS GLOBAL MANAGEMENT INC CLASS,Financials,Equity,8018355.45,0.01,"8,018,355.45","996,069.00",8.05,United States,New York Stock Exchange Inc.,USD,1.0,USD,-
NGVC,NATURAL GROCERS BY VITAMIN COTTAGE,Consumer Staples,Equity,7998191.25,0.01,"7,998,191.25","304,693.00",26.25,United States,New York Stock Exchange Inc.,USD,1.0,USD,-
RC,READY CAPITAL CORP,Financials,Equity,7979536.5,0.01,"7,979,536.50","3,610,650.00",2.21,United States,New York Stock Exchange Inc.,USD,1.0,USD,-
MCFT,MASTERCRAFT BOAT HOLDINGS INC,Consumer Discretionary,Equity,7944509.0,0.01,"7,944,509.00","377,950.00",21.02,United States,NASDAQ,USD,1.0,USD,-
BGS,B AND G FOODS INC,Consumer Staples,Equity,7934651.01,0.01,"7,934,651.01","1,849,569.00",4.29,United States,New York Stock Exchange Inc.,USD,1.0,USD,-
ADCT,ADC THERAPEUTICS SA,Health Care,Equity,7931351.52,0.01,"7,931,351.52","2,109,402.00",3.76,United States,New York Stock Exchange Inc.,USD,1.0,USD,-
FVR,FRONTVIEW REIT INC,Real Estate,Equity,7926477.12,0.01,"7,926,477.12","485,691.00",16.32,United States,New York Stock Exchange Inc.,USD,1.0,USD,-
DGICA,DONEGAL GROUP INC CLASS A,Financials,Equity,7888629.6,0.01,"7,888,629.60","427,568.00",18.45,United States,NASDAQ,USD,1.0,USD,-
STRT,STRATTEC SECURITY CORP,Consumer Discretionary,Equity,7864723.62,0.01,"7,864,723.62","97,893.00",80.34,United States,NASDAQ,USD,1.0,USD,-
ONIT,ONITY GROUP INC,Financials,Equity,7812775.32,0.01,"7,812,775.32","162,834.00",47.98,United States,New York Stock Exchange Inc.,USD,1.0,USD,-
NAGE,NIAGEN BIOSCIENCE INC,Health Care,Equity,7793864.54,0.01,"7,793,864.54","1,301,146.00",5.99,United States,NASDAQ,USD,1.0,USD,-
SITC,SITE CENTERS CORP,Real Estate,Equity,7792339.62,0.01,"7,792,339.62","1,275,342.00",6.11,United States,New York Stock Exchange Inc.,USD,1.0,USD,-
NPB,NORTHPOINTE BANCSHARES INC,Financials,Equity,7699742.16,0.01,"7,699,742.16","439,483.00",17.52,United States,New York Stock Exchange Inc.,USD,1.0,USD,-
FNLC,FIRST BANCORP INC,Financials,Equity,7676943.16,0.01,"7,676,943.16","284,542.00",26.98,United States,NASDAQ,USD,1.0,USD,-
SVC,SERVICE PROPERTIES TRUST,Real Estate,Equity,7676128.49,0.01,"7,676,128.49","3,857,351.00",1.99,United States,NASDAQ,USD,1.0,USD,-
VOXR,VOX ROYALTY CORP,Materials,Equity,7674476.77,0.01,"7,674,476.77","1,392,827.00",5.51,Canada,NASDAQ,USD,1.0,USD,-
KELYA,KELLY SERVICES INC CLASS A,Industrials,Equity,7670543.9,0.01,"7,670,543.90","744,713.00",10.30,United States,NASDAQ,USD,1.0,USD,-
PDLB,PONCE FINANCIAL GROUP INC,Financials,Equity,7654402.28,0.01,"7,654,402.28","467,873.00",16.36,United States,NASDAQ,USD,1.0,USD,-
ACRS,ACLARIS THERAPEUTICS INC,Health Care,Equity,7650217.12,0.01,"7,650,217.12","2,230,384.00",3.43,United States,NASDAQ,USD,1.0,USD,-
NLOP,NET LEASE OFFICE PROPERTIES,Real Estate,Equity,7640651.04,0.01,"7,640,651.04","392,432.00",19.47,United States,New York Stock Exchange Inc.,USD,1.0,USD,-
NECB,NORTHEAST COMMUNITY BANCORP INC,Financials,Equity,7610298.85,0.01,"7,610,298.85","324,533.00",23.45,United States,NASDAQ,USD,1.0,USD,-
CDZI,CADIZ INC,Utilities,Equity,7583393.02,0.01,"7,583,393.02","1,332,758.00",5.69,United States,NASDAQ,USD,1.0,USD,-
MNPR,MONOPAR THERAPEUTICS INC,Health Care,Equity,7570564.82,0.01,"7,570,564.82","112,423.00",67.34,United States,NASDAQ,USD,1.0,USD,-
VLGEA,VILLAGE SUPER MARKET INC CLASS A,Consumer Staples,Equity,7538669.04,0.01,"7,538,669.04","217,378.00",34.68,United States,NASDAQ,USD,1.0,USD,-
RXST,RXSIGHT INC,Health Care,Equity,7530687.45,0.01,"7,530,687.45","845,195.00",8.91,United States,NASDAQ,USD,1.0,USD,-
MBI,MBIA INC,Financials,Equity,7506111.18,0.01,"7,506,111.18","1,125,354.00",6.67,United States,New York Stock Exchange Inc.,USD,1.0,USD,-
TLS,TELOS CORPORATION CORP,Information Technology,Equity,7500578.15,0.01,"7,500,578.15","1,341,785.00",5.59,United States,NASDAQ,USD,1.0,USD,-
GCO,GENESCO INC,Consumer Discretionary,Equity,7432951.5,0.01,"7,432,951.50","241,722.00",30.75,United States,New York Stock Exchange Inc.,USD,1.0,USD,-
MPLT,MAPLIGHT THERAPEUTICS INC,Health Care,Equity,7416522.86,0.01,"7,416,522.86","399,167.00",18.58,United States,NASDAQ,USD,1.0,USD,-
TSBK,TIMBERLAND BANCORP INC,Financials,Equity,7406028.03,0.01,"7,406,028.03","194,231.00",38.13,United States,NASDAQ,USD,1.0,USD,-
FSBW,FS BANCORP INC,Financials,Equity,7356863.52,0.01,"7,356,863.52","178,608.00",41.19,United States,NASDAQ,USD,1.0,USD,-
PLBC,PLUMAS BANCORP,Financials,Equity,7341495.9,0.01,"7,341,495.90","147,390.00",49.81,United States,NASDAQ,USD,1.0,USD,-
FRST,PRIMIS FINANCIAL CORP,Financials,Equity,7320407.64,0.01,"7,320,407.64","539,058.00",13.58,United States,NASDAQ,USD,1.0,USD,-
QTRX,QUANTERIX CORP,Health Care,Equity,7295264.37,0.01,"7,295,264.37","1,090,473.00",6.69,United States,NASDAQ,USD,1.0,USD,-
IBTA,IBOTTA INC CLASS A,Communication,Equity,7235548.7,0.01,"7,235,548.70","342,917.00",21.10,United States,New York Stock Exchange Inc.,USD,1.0,USD,-
BYND,BEYOND MEAT INC,Consumer Staples,Equity,7228171.65,0.01,"7,228,171.65","9,313,454.00",0.78,United States,NASDAQ,USD,1.0,USD,-
RCKT,ROCKET PHARMACEUTICALS INC,Health Care,Equity,7223032.35,0.01,"7,223,032.35","2,034,657.00",3.55,United States,NASDAQ,USD,1.0,USD,-
SB,SAFE BULKERS INC,Industrials,Equity,7217029.78,0.01,"7,217,029.78","1,284,169.00",5.62,Monaco,New York Stock Exchange Inc.,USD,1.0,USD,-
ACIC,AMERICAN COASTAL INSURANCE CORP,Financials,Equity,7205030.18,0.01,"7,205,030.18","656,794.00",10.97,United States,NASDAQ,USD,1.0,USD,-
ILPT,INDUSTRIAL LOGISTICS PROPERTIES TR,Real Estate,Equity,7201597.55,0.01,"7,201,597.55","1,346,093.00",5.35,United States,NASDAQ,USD,1.0,USD,-
ALDX,ALDEYRA THERAPEUTICS INC,Health Care,Equity,7179691.12,0.01,"7,179,691.12","1,349,566.00",5.32,United States,NASDAQ,USD,1.0,USD,-
RNGR,RANGER ENERGY SERVICES INC CLASS A,Energy,Equity,7150460.0,0.01,"7,150,460.00","461,320.00",15.50,United States,New York Stock Exchange Inc.,USD,1.0,USD,-
ISTR,INVESTAR HOLDING CORP,Financials,Equity,7136368.33,0.01,"7,136,368.33","252,973.00",28.21,United States,NASDAQ,USD,1.0,USD,-
FSTR,LB FOSTER,Industrials,Equity,7135568.16,0.01,"7,135,568.16","239,288.00",29.82,United States,NASDAQ,USD,1.0,USD,-
DCTH,DELCATH SYS INC,Health Care,Equity,7132990.07,0.01,"7,132,990.07","719,777.00",9.91,United States,NASDAQ,USD,1.0,USD,-
CZFS,CITIZENS FINANCIAL SERVICES INC,Financials,Equity,7130235.6,0.01,"7,130,235.60","115,320.00",61.83,United States,NASDAQ,USD,1.0,USD,-
SLP,SIMULATIONS PLUS INC,Health Care,Equity,7109360.72,0.01,"7,109,360.72","401,432.00",17.71,United States,NASDAQ,USD,1.0,USD,-
HLLY,HOLLEY INC,Consumer Discretionary,Equity,7090871.49,0.01,"7,090,871.49","1,804,293.00",3.93,United States,New York Stock Exchange Inc.,USD,1.0,USD,-
WSBF,WATERSTONE FINANCIAL INC,Financials,Equity,7090843.84,0.01,"7,090,843.84","384,536.00",18.44,United States,NASDAQ,USD,1.0,USD,-
NWFL,NORWOOD FINANCIAL CORP,Financials,Equity,7034505.75,0.01,"7,034,505.75","239,025.00",29.43,United States,NASDAQ,USD,1.0,USD,-
GNE,GENIE ENERGY LTD CLASS B,Utilities,Equity,7019813.72,0.01,"7,019,813.72","507,946.00",13.82,United States,New York Stock Exchange Inc.,USD,1.0,USD,-
KIDS,ORTHOPEDIATRICS CORP,Health Care,Equity,7016852.57,0.01,"7,016,852.57","405,833.00",17.29,United States,NASDAQ,USD,1.0,USD,-
SWIM,LATHAM GROUP INC,Consumer Discretionary,Equity,7010488.17,0.01,"7,010,488.17","1,097,103.00",6.39,United States,NASDAQ,USD,1.0,USD,-
DDD,3D SYSTEMS CORP,Industrials,Equity,6998641.65,0.01,"6,998,641.65","3,029,715.00",2.31,United States,New York Stock Exchange Inc.,USD,1.0,USD,-
CCRN,CROSS COUNTRY HEALTHCARE INC,Health Care,Equity,6982102.19,0.01,"6,982,102.19","761,407.00",9.17,United States,NASDAQ,USD,1.0,USD,-
GBFH,GBANK FINL HLDGS INC,Financials,Equity,6949030.84,0.01,"6,949,030.84","217,429.00",31.96,United States,NASDAQ,USD,1.0,USD,-
DMAC,DIAMEDICA THERAPEUTICS INC,Health Care,Equity,6910020.81,0.01,"6,910,020.81","815,823.00",8.47,United States,NASDAQ,USD,1.0,USD,-
HSHP,HIMALAYA SHIPPING LTD,Industrials,Equity,6882672.7,0.01,"6,882,672.70","663,710.00",10.37,Norway,New York Stock Exchange Inc.,USD,1.0,USD,-
PBYI,PUMA BIOTECHNOLOGY INC,Health Care,Equity,6857376.38,0.01,"6,857,376.38","1,066,466.00",6.43,United States,NASDAQ,USD,1.0,USD,-
PUBM,PUBMATIC INC CLASS A,Communication,Equity,6854439.55,0.01,"6,854,439.55","920,059.00",7.45,United States,NASDAQ,USD,1.0,USD,-
ONTF,ON24 INC,Information Technology,Equity,6854365.14,0.01,"6,854,365.14","858,943.00",7.98,United States,New York Stock Exchange Inc.,USD,1.0,USD,-
ATEX,ANTERIX INC,Communication,Equity,6832396.2,0.01,"6,832,396.20","256,857.00",26.60,United States,NASDAQ,USD,1.0,USD,-
ATLC,ATLANTICUS HOLDINGS CORP,Financials,Equity,6814696.05,0.01,"6,814,696.05","134,811.00",50.55,United States,NASDAQ,USD,1.0,USD,-
ACRE,ARES COMMERCIAL REAL ESTATE REIT C,Financials,Equity,6810971.94,0.01,"6,810,971.94","1,312,326.00",5.19,United States,New York Stock Exchange Inc.,USD,1.0,USD,-
AVIR,ATEA PHARMACEUTICALS INC,Health Care,Equity,6782884.23,0.01,"6,782,884.23","1,734,753.00",3.91,United States,NASDAQ,USD,1.0,USD,-
LENZ,LENZ THERAPEUTICS INC,Health Care,Equity,6745376.4,0.01,"6,745,376.40","379,380.00",17.78,United States,NASDAQ,USD,1.0,USD,-
MITT,TPG MORTGAGE INVESTMENT TRUST INC,Financials,Equity,6718987.47,0.01,"6,718,987.47","749,051.00",8.97,United States,New York Stock Exchange Inc.,USD,1.0,USD,"Jul 23, 2021"
HDSN,HUDSON TECHNOLOGIES INC,Industrials,Equity,6712471.08,0.01,"6,712,471.08","940,122.00",7.14,United States,NASDAQ,USD,1.0,USD,-
SIGA,SIGA TECHNOLOGIES INC,Health Care,Equity,6704839.98,0.01,"6,704,839.98","984,558.00",6.81,United States,NASDAQ,USD,1.0,USD,-
ORGO,ORGANOGENESIS HOLDINGS INC CLASS A,Health Care,Equity,6686827.38,0.01,"6,686,827.38","1,667,538.00",4.01,United States,NASDAQ,USD,1.0,USD,-
LOCO,EL POLLO LOCO INC,Consumer Discretionary,Equity,6671635.6,0.01,"6,671,635.60","657,304.00",10.15,United States,NASDAQ,USD,1.0,USD,-
OOMA,OOMA INC,Information Technology,Equity,6664360.5,0.01,"6,664,360.50","573,525.00",11.62,United States,New York Stock Exchange Inc.,USD,1.0,USD,-
KFS,KINGSWAY FINANCIAL SERVICES INC,Financials,Equity,6641631.91,0.01,"6,641,631.91","494,537.00",13.43,United States,New York Stock Exchange Inc.,USD,1.0,USD,-
BRBS,BLUE RIDGE BANKSHARES INC,Financials,Equity,6620542.28,0.01,"6,620,542.28","1,518,473.00",4.36,United States,Nyse Mkt Llc,USD,1.0,USD,-
NATH,NATHANS FAMOUS INC,Consumer Discretionary,Equity,6596955.06,0.01,"6,596,955.06","65,433.00",100.82,United States,NASDAQ,USD,1.0,USD,-
PCB,PCB BANCORP,Financials,Equity,6596883.72,0.01,"6,596,883.72","299,586.00",22.02,United States,NASDAQ,USD,1.0,USD,-
CMTG,CLAROS MORTGAGE TRUST INC,Financials,Equity,6588477.76,0.01,"6,588,477.76","2,256,328.00",2.92,United States,New York Stock Exchange Inc.,USD,1.0,USD,-
BELFA,BEL FUSE INC CLASS A,Information Technology,Equity,6545121.59,0.01,"6,545,121.59","34,013.00",192.43,United States,NASDAQ,USD,1.0,USD,-
FRPH,FRP HOLDINGS INC,Real Estate,Equity,6518557.38,0.01,"6,518,557.38","273,659.00",23.82,United States,NASDAQ,USD,1.0,USD,-
XPER,XPERI INC,Information Technology,Equity,6441557.13,0.01,"6,441,557.13","1,124,181.00",5.73,United States,New York Stock Exchange Inc.,USD,1.0,USD,-
HYLN,HYLIION HOLDINGS CORP,Industrials,Equity,6432568.05,0.01,"6,432,568.05","3,019,985.00",2.13,United States,Nyse Mkt Llc,USD,1.0,USD,-
AGL,AGILON HEALTH,Health Care,Equity,6424800.87,0.01,"6,424,800.87","7,455,095.00",0.86,United States,New York Stock Exchange Inc.,USD,1.0,USD,-
FTK,FLOTEK INDUSTRIES INC,Materials,Equity,6409841.2,0.01,"6,409,841.20","345,544.00",18.55,United States,New York Stock Exchange Inc.,USD,1.0,USD,-
PESI,PERMA FIX ENVIRONMENTAL SERVICES I,Industrials,Equity,6380774.4,0.01,"6,380,774.40","414,336.00",15.40,United States,NASDAQ,USD,1.0,USD,-
MEI,METHODE ELECTRONICS INC,Information Technology,Equity,6364435.53,0.01,"6,364,435.53","798,549.00",7.97,United States,New York Stock Exchange Inc.,USD,1.0,USD,-
OPFI,OPPFI INC CLASS A,Financials,Equity,6355878.84,0.01,"6,355,878.84","653,897.00",9.72,United States,New York Stock Exchange Inc.,USD,1.0,USD,-
JRVR,JAMES RIVER GROUP HOLDINGS INC,Financials,Equity,6345168.75,0.01,"6,345,168.75","940,025.00",6.75,United States,NASDAQ,USD,1.0,USD,-
BYRN,BYRNA TECHNOLOGIES INC,Industrials,Equity,6339389.76,0.01,"6,339,389.76","445,808.00",14.22,United States,NASDAQ,USD,1.0,USD,-
DSGN,DESIGN THERAPEUTICS INC,Health Care,Equity,6334305.04,0.01,"6,334,305.04","599,272.00",10.57,United States,NASDAQ,USD,1.0,USD,-
MEC,MAYVILLE ENGINEERING COMPANY INC,Industrials,Equity,6307866.15,0.01,"6,307,866.15","321,011.00",19.65,United States,New York Stock Exchange Inc.,USD,1.0,USD,-
DSGR,DISTRIBUTION SOLUTIONS GROUP INC,Industrials,Equity,6302163.42,0.01,"6,302,163.42","221,751.00",28.42,United States,NASDAQ,USD,1.0,USD,-
BOC,BOSTON OMAHA CORP CLASS A,Communication,Equity,6302048.52,0.01,"6,302,048.52","519,971.00",12.12,United States,New York Stock Exchange Inc.,USD,1.0,USD,-
CATX,PERSPECTIVE THERAPEUTICS INC,Health Care,Equity,6289012.44,0.01,"6,289,012.44","1,476,294.00",4.26,United States,Nyse Mkt Llc,USD,1.0,USD,-
CLW,CLEARWATER PAPER CORP,Materials,Equity,6265975.5,0.01,"6,265,975.50","364,725.00",17.18,United States,New York Stock Exchange Inc.,USD,1.0,USD,-
RZLT,REZOLUTE INC,Health Care,Equity,6218777.5,0.01,"6,218,777.50","1,913,470.00",3.25,United States,NASDAQ,USD,1.0,USD,-
BMBL,BUMBLE INC CLASS A,Communication,Equity,6215300.91,0.01,"6,215,300.91","1,770,741.00",3.51,United States,NASDAQ,USD,1.0,USD,-
CADL,CANDEL THERAPEUTICS INC,Health Care,Equity,6204813.99,0.01,"6,204,813.99","1,046,343.00",5.93,United States,NASDAQ,USD,1.0,USD,-
CIA,CITIZENS INC CLASS A,Financials,Equity,6192529.05,0.01,"6,192,529.05","1,115,771.00",5.55,United States,New York Stock Exchange Inc.,USD,1.0,USD,-
GRNT,GRANITE RIDGE RESOURCES INC,Energy,Equity,6183470.76,0.01,"6,183,470.76","1,256,803.00",4.92,United States,New York Stock Exchange Inc.,USD,1.0,USD,-
SMC,SUMMIT MIDSTREAM CORP,Energy,Equity,6181189.2,0.01,"6,181,189.20","216,504.00",28.55,United States,New York Stock Exchange Inc.,USD,1.0,USD,-
MVIS,MICROVISION INC,Information Technology,Equity,6164873.67,0.01,"6,164,873.67","7,269,041.00",0.85,United States,NASDAQ,USD,1.0,USD,-
SGHT,SIGHT SCIENCES INC,Health Care,Equity,6164009.7,0.01,"6,164,009.70","1,002,278.00",6.15,United States,NASDAQ,USD,1.0,USD,-
JMSB,JOHN MARSHALL BANCORP INC,Financials,Equity,6163418.8,0.01,"6,163,418.80","298,760.00",20.63,United States,NASDAQ,USD,1.0,USD,-
OSG,OCTAVE SPECIALTY GROUP INC,Financials,Equity,6130559.63,0.01,"6,130,559.63","1,077,427.00",5.69,United States,New York Stock Exchange Inc.,USD,1.0,USD,-
RPAY,REPAY HOLDINGS CORP CLASS A,Financials,Equity,6130472.88,0.01,"6,130,472.88","1,731,772.00",3.54,United States,NASDAQ,USD,1.0,USD,-
BLZE,BACKBLAZE INC CLASS A,Information Technology,Equity,6111910.08,0.01,"6,111,910.08","1,317,222.00",4.64,United States,NASDAQ,USD,1.0,USD,-
CRSR,CORSAIR GAMING INC,Information Technology,Equity,6090894.7,0.01,"6,090,894.70","1,182,698.00",5.15,United States,NASDAQ,USD,1.0,USD,-
RMR,RMR GROUP INC CLASS A,Real Estate,Equity,6085531.4,0.01,"6,085,531.40","396,710.00",15.34,United States,NASDAQ,USD,1.0,USD,-
CHRS,COHERUS ONCOLOGY INC,Health Care,Equity,6071595.55,0.01,"6,071,595.55","2,605,835.00",2.33,United States,NASDAQ,USD,1.0,USD,-
RBBN,RIBBON COMMUNICATIONS INC,Information Technology,Equity,6069012.76,0.01,"6,069,012.76","2,264,557.00",2.68,United States,NASDAQ,USD,1.0,USD,-
ATLO,AMES NATIONAL CORP,Financials,Equity,6054665.76,0.01,"6,054,665.76","235,224.00",25.74,United States,NASDAQ,USD,1.0,USD,-
PANL,PANGAEA LOGISTICS SOLUTIONS LTD,Industrials,Equity,6051158.4,0.01,"6,051,158.40","713,580.00",8.48,United States,NASDAQ,USD,1.0,USD,-
XRX,XEROX HOLDINGS CORP,Information Technology,Equity,6035901.0,0.01,"6,035,901.00","2,958,775.00",2.04,United States,NASDAQ,USD,1.0,USD,-
MBCN,MIDDLEFIELD BANC CORP,Financials,Equity,6028985.36,0.01,"6,028,985.36","181,432.00",33.23,United States,NASDAQ,USD,1.0,USD,-
PLSE,PULSE BIOSCIENCES INC,Health Care,Equity,5999242.26,0.01,"5,999,242.26","440,473.00",13.62,United States,NASDAQ,USD,1.0,USD,-
BH,BIGLARI HOLDINGS INCINARY CLASS B,Consumer Discretionary,Equity,5992197.12,0.01,"5,992,197.12","16,128.00",371.54,United States,New York Stock Exchange Inc.,USD,1.0,USD,-
ALLO,ALLOGENE THERAPEUTICS INC,Health Care,Equity,5987218.14,0.01,"5,987,218.14","3,765,546.00",1.59,United States,NASDAQ,USD,1.0,USD,-
AMCX,AMC NETWORKS CLASS A INC,Other,Equity,5975196.97,0.01,"5,975,196.97","785,177.00",7.61,United States,NASDAQ,USD,1.0,USD,-
VMD,VIEMED HEALTHCARE INC,Health Care,Equity,5954962.64,0.01,"5,954,962.64","796,118.00",7.48,United States,NASDAQ,USD,1.0,USD,-
VIA,VIA TRANSPORTATION INC CLASS A,Information Technology,Equity,5951244.53,0.01,"5,951,244.53","249,319.00",23.87,United States,New York Stock Exchange Inc.,USD,1.0,USD,-
SPOK,SPOK HOLDINGS INC,Communication,Equity,5934552.08,0.01,"5,934,552.08","444,203.00",13.36,United States,NASDAQ,USD,1.0,USD,-
JOUT,JOHNSON OUTDOORS INC CLASS A,Consumer Discretionary,Equity,5927859.17,0.01,"5,927,859.17","132,053.00",44.89,United States,NASDAQ,USD,1.0,USD,-
USNA,USANA HEALTH SCIENCES INC,Consumer Staples,Equity,5925469.2,0.01,"5,925,469.20","273,315.00",21.68,United States,New York Stock Exchange Inc.,USD,1.0,USD,-
ASUR,ASURE SOFTWARE INC,Industrials,Equity,5922044.18,0.01,"5,922,044.18","600,613.00",9.86,United States,NASDAQ,USD,1.0,USD,-
AVNW,AVIAT NETWORKS INC,Information Technology,Equity,5885871.22,0.01,"5,885,871.22","270,118.00",21.79,United States,NASDAQ,USD,1.0,USD,-
PACK,RANPAK HOLDINGS CORP CLASS A,Materials,Equity,5874525.08,0.01,"5,874,525.08","1,127,548.00",5.21,United States,New York Stock Exchange Inc.,USD,1.0,USD,-
ASPN,ASPEN AEROGELS INC,Materials,Equity,5840283.27,0.01,"5,840,283.27","1,617,807.00",3.61,United States,New York Stock Exchange Inc.,USD,1.0,USD,-
USAU,US GOLD CORP,Materials,Equity,5828213.52,0.01,"5,828,213.52","292,581.00",19.92,United States,NASDAQ,USD,1.0,USD,-
INR,INFINITY NATURAL RESOURCES INC CLA,Energy,Equity,5825784.0,0.01,"5,825,784.00","362,300.00",16.08,United States,New York Stock Exchange Inc.,USD,1.0,USD,-
BLFY,BLUE FOUNDRY BANCORP,Financials,Equity,5824260.68,0.01,"5,824,260.68","442,573.00",13.16,United States,NASDAQ,USD,1.0,USD,-
NRC,NATIONAL RESEARCH CORP,Health Care,Equity,5821457.35,0.01,"5,821,457.35","290,347.00",20.05,United States,NASDAQ,USD,1.0,USD,-
LMNR,LIMONEIRA,Consumer Staples,Equity,5812023.32,0.01,"5,812,023.32","404,737.00",14.36,United States,NASDAQ,USD,1.0,USD,-
EOLS,EVOLUS INC,Health Care,Equity,5809538.12,0.01,"5,809,538.12","1,246,682.00",4.66,United States,NASDAQ,USD,1.0,USD,-
ASLE,AERSALE CORP,Industrials,Equity,5794824.64,0.01,"5,794,824.64","786,272.00",7.37,United States,NASDAQ,USD,1.0,USD,-
NCMI,NATIONAL CINEMEDIA INC,Communication,Equity,5792754.01,0.01,"5,792,754.01","1,604,641.00",3.61,United States,NASDAQ,USD,1.0,USD,-
DNUT,KRISPY KREME INC,Consumer Discretionary,Equity,5790775.44,0.01,"5,790,775.44","1,850,088.00",3.13,United States,NASDAQ,USD,1.0,USD,-
FVCB,FVCBANKCORP INC,Financials,Equity,5788785.36,0.01,"5,788,785.36","381,846.00",15.16,United States,NASDAQ,USD,1.0,USD,-
WYFI,WHITEFIBER INC,Information Technology,Equity,5782231.8,0.01,"5,782,231.80","262,590.00",22.02,United States,NASDAQ,USD,1.0,USD,-
PSFE,PAYSAFE LTD,Financials,Equity,5782192.84,0.01,"5,782,192.84","835,577.00",6.92,United States,New York Stock Exchange Inc.,USD,1.0,USD,-
PAL,PROFICIENT AUTO LOGISTICS INC,Industrials,Equity,5777246.74,0.01,"5,777,246.74","574,279.00",10.06,United States,NASDAQ,USD,1.0,USD,-
NFE,NEW FORTRESS ENERGY INC CLASS A,Energy,Equity,5754404.88,0.01,"5,754,404.88","4,294,332.00",1.34,United States,NASDAQ,USD,1.0,USD,-
JELD,JELD WEN HOLDING INC,Industrials,Equity,5703984.9,0.01,"5,703,984.90","2,112,587.00",2.70,United States,New York Stock Exchange Inc.,USD,1.0,USD,-
TARA,PROTARA THERAPEUTICS INC,Health Care,Equity,5694794.0,0.01,"5,694,794.00","813,542.00",7.00,United States,NASDAQ,USD,1.0,USD,-
CNDT,CONDUENT INC,Industrials,Equity,5603771.5,0.01,"5,603,771.50","3,864,670.00",1.45,United States,NASDAQ,USD,1.0,USD,-
ATNI,ATN INTERNATIONAL INC,Communication,Equity,5595080.3,0.01,"5,595,080.30","239,618.00",23.35,United States,NASDAQ,USD,1.0,USD,-
AURA,AURA BIOSCIENCES INC,Health Care,Equity,5592690.72,0.01,"5,592,690.72","1,020,564.00",5.48,United States,NASDAQ,USD,1.0,USD,-
BKTI,BK TECHNOLOGIES CORP,Information Technology,Equity,5588373.42,0.01,"5,588,373.42","70,721.00",79.02,United States,Nyse Mkt Llc,USD,1.0,USD,-
OVLY,OAK VALLEY BANCORP,Financials,Equity,5561179.07,0.01,"5,561,179.07","174,277.00",31.91,United States,NASDAQ,USD,1.0,USD,-
LFCR,LIFECORE BIOMEDICAL INC,Health Care,Equity,5557974.61,0.01,"5,557,974.61","653,111.00",8.51,United States,NASDAQ,USD,1.0,USD,-
XOMA,XOMA ROYALTY CORP,Health Care,Equity,5556998.59,0.01,"5,556,998.59","222,547.00",24.97,United States,NASDAQ,USD,1.0,USD,-
WTI,W AND T OFFSHORE INC,Energy,Equity,5537301.75,0.01,"5,537,301.75","2,461,023.00",2.25,United States,New York Stock Exchange Inc.,USD,1.0,USD,-
TG,TREDEGAR CORP,Materials,Equity,5529389.52,0.01,"5,529,389.52","622,679.00",8.88,United States,New York Stock Exchange Inc.,USD,1.0,USD,-
HNST,THE HONEST COMPANY INC,Consumer Staples,Equity,5518121.0,0.01,"5,518,121.00","2,261,525.00",2.44,United States,NASDAQ,USD,1.0,USD,-
KRMD,KORU MEDICAL SYSTEMS INC,Health Care,Equity,5508527.55,0.01,"5,508,527.55","1,010,739.00",5.45,United States,NASDAQ,USD,1.0,USD,-
OPRT,OPORTUN FINANCIAL CORP,Financials,Equity,5507650.35,0.01,"5,507,650.35","1,003,215.00",5.49,United States,NASDAQ,USD,1.0,USD,-
PCYO,PURE CYCLE CORP,Utilities,Equity,5499848.5,0.01,"5,499,848.50","472,090.00",11.65,United States,NASDAQ,USD,1.0,USD,-
TSSI,TSS INC,Information Technology,Equity,5498757.11,0.01,"5,498,757.11","520,223.00",10.57,United States,NASDAQ,USD,1.0,USD,-
TECX,TECTONIC THERAPEUTIC INC,Health Care,Equity,5490794.96,0.01,"5,490,794.96","265,384.00",20.69,United States,NASDAQ,USD,1.0,USD,-
WBTN,WEBTOON ENTERTAINMENT INC,Communication,Equity,5488811.94,0.01,"5,488,811.94","435,966.00",12.59,United States,NASDAQ,USD,1.0,USD,-
RLGT,RADIANT LOGISTIC INC,Industrials,Equity,5473292.8,0.01,"5,473,292.80","804,896.00",6.80,United States,Nyse Mkt Llc,USD,1.0,USD,-
INSE,INSPIRED ENTERTAINMENT INC,Consumer Discretionary,Equity,5472417.46,0.01,"5,472,417.46","616,958.00",8.87,United States,NASDAQ,USD,1.0,USD,-
RCKY,ROCKY BRANDS INC,Consumer Discretionary,Equity,5470671.11,0.01,"5,470,671.11","170,479.00",32.09,United States,NASDAQ,USD,1.0,USD,-
CHMG,CHEMUNG FINANCIAL CORP,Financials,Equity,5470514.83,0.01,"5,470,514.83","91,069.00",60.07,United States,NASDAQ,USD,1.0,USD,-
ABEO,ABEONA THERAPEUTICS INC,Health Care,Equity,5465363.72,0.01,"5,465,363.72","1,075,859.00",5.08,United States,NASDAQ,USD,1.0,USD,-
LCNB,LCNB CORP,Financials,Equity,5453555.9,0.01,"5,453,555.90","315,965.00",17.26,United States,NASDAQ,USD,1.0,USD,-
LILA,LIBERTY LATIN AMERICA LTD CLASS A,Communication,Equity,5442113.25,0.01,"5,442,113.25","704,025.00",7.73,United States,NASDAQ,USD,1.0,USD,-
NKSH,NATIONAL BANKSHARES INC,Financials,Equity,5439248.94,0.01,"5,439,248.94","150,214.00",36.21,United States,NASDAQ,USD,1.0,USD,-
SSP,EW SCRIPPS CLASS A,Communication,Equity,5427376.76,0.01,"5,427,376.76","1,568,606.00",3.46,United States,NASDAQ,USD,1.0,USD,-
TH,TARGET HOSPITALITY CORP,Consumer Discretionary,Equity,5419105.79,0.01,"5,419,105.79","798,101.00",6.79,United States,NASDAQ,USD,1.0,USD,-
WOOF,PETCO HEALTH AND WELLNESS COMPANY,Consumer Discretionary,Equity,5416383.24,0.01,"5,416,383.24","1,941,356.00",2.79,United States,NASDAQ,USD,1.0,USD,-
III,INFORMATION SERVICES GROUP INC,Information Technology,Equity,5392538.84,0.01,"5,392,538.84","964,676.00",5.59,United States,NASDAQ,USD,1.0,USD,-
CRCT,CRICUT INC CLASS A,Consumer Discretionary,Equity,5384777.58,0.01,"5,384,777.58","1,221,038.00",4.41,United States,NASDAQ,USD,1.0,USD,-
FDBC,FIDELITY D AND D BANCORP INC,Financials,Equity,5377947.96,0.01,"5,377,947.96","121,618.00",44.22,United States,NASDAQ,USD,1.0,USD,-
ALCO,ALICO INC,Consumer Staples,Equity,5366301.1,0.01,"5,366,301.10","131,366.00",40.85,United States,NASDAQ,USD,1.0,USD,-
VEL,VELOCITY FINANCIAL INC,Financials,Equity,5334600.0,0.01,"5,334,600.00","261,500.00",20.40,United States,New York Stock Exchange Inc.,USD,1.0,USD,-
FC,FRANKLIN COVEY,Industrials,Equity,5329420.8,0.01,"5,329,420.80","260,480.00",20.46,United States,New York Stock Exchange Inc.,USD,1.0,USD,-
EGHT,8X8 INC,Information Technology,Equity,5301824.8,0.01,"5,301,824.80","3,232,820.00",1.64,United States,NASDAQ,USD,1.0,USD,-
FUNC,FIRST UNITED CORP,Financials,Equity,5301137.64,0.01,"5,301,137.64","139,028.00",38.13,United States,NASDAQ,USD,1.0,USD,-
ALMU,AELUMA INC,Information Technology,Equity,5233141.28,0.01,"5,233,141.28","304,784.00",17.17,United States,NASDAQ,USD,1.0,USD,-
ASST,STRIVE INC CLASS A,Financials,Equity,5230933.3,0.01,"5,230,933.30","6,661,912.00",0.79,United States,NASDAQ,USD,1.0,USD,-
REFI,CHICAGO ATLANTIC REAL ESTATE FINAN,Financials,Equity,5228607.15,0.01,"5,228,607.15","423,369.00",12.35,United States,NASDAQ,USD,1.0,USD,-
OLPX,OLAPLEX HOLDINGS INC,Consumer Staples,Equity,5186747.95,0.01,"5,186,747.95","3,346,289.00",1.55,United States,NASDAQ,USD,1.0,USD,-
PINE,ALPINE INCOME PROPERTY TRUST INC,Real Estate,Equity,5184077.5,0.01,"5,184,077.50","296,233.00",17.50,United States,New York Stock Exchange Inc.,USD,1.0,USD,-
WNEB,WESTERN NEW ENGLAND BANCORP INC,Financials,Equity,5174056.8,0.01,"5,174,056.80","391,974.00",13.20,United States,NASDAQ,USD,1.0,USD,-
SNBR,SLEEP NUMBER CORP,Consumer Discretionary,Equity,5167992.59,0.01,"5,167,992.59","445,901.00",11.59,United States,NASDAQ,USD,1.0,USD,-
PKOH,PARK OHIO HOLDINGS CORP,Industrials,Equity,5146778.52,0.01,"5,146,778.52","231,524.00",22.23,United States,NASDAQ,USD,1.0,USD,-
LDI,LOANDEPOT INC CLASS A,Financials,Equity,5145327.35,0.01,"5,145,327.35","2,208,295.00",2.33,United States,New York Stock Exchange Inc.,USD,1.0,USD,-
MYFW,FIRST WESTERN FINANCIAL INC,Financials,Equity,5143669.68,0.01,"5,143,669.68","204,276.00",25.18,United States,NASDAQ,USD,1.0,USD,-
CTRN,CITI TRENDS INC,Consumer Discretionary,Equity,5132788.65,0.01,"5,132,788.65","116,787.00",43.95,United States,NASDAQ,USD,1.0,USD,-
NEXN,NEXXEN INTERNATIONAL LTD,Communication,Equity,5129606.43,0.01,"5,129,606.43","850,681.00",6.03,Israel,NASDAQ,USD,1.0,USD,-
DBI,DESIGNER BRANDS INC CLASS A,Consumer Discretionary,Equity,5127457.0,0.01,"5,127,457.00","824,350.00",6.22,United States,New York Stock Exchange Inc.,USD,1.0,USD,-
XPOF,XPONENTIAL FITNESS INC CLASS A,Consumer Discretionary,Equity,5101722.7,0.01,"5,101,722.70","659,990.00",7.73,United States,New York Stock Exchange Inc.,USD,1.0,USD,-
CFFI,C AND F FINANCIAL CORP,Financials,Equity,5097470.4,0.01,"5,097,470.40","68,148.00",74.80,United States,NASDAQ,USD,1.0,USD,-
HRTX,HERON THERAPEUTICS INC,Health Care,Equity,5091090.14,0.01,"5,091,090.14","3,799,321.00",1.34,United States,NASDAQ,USD,1.0,USD,-
CMRC,BIGCOMMERCE HOLDINGS INC SERIES,Information Technology,Equity,5088336.99,0.01,"5,088,336.99","1,646,711.00",3.09,United States,NASDAQ,USD,1.0,USD,-
BSVN,BANK7 CORP,Financials,Equity,5081653.33,0.01,"5,081,653.33","115,993.00",43.81,United States,NASDAQ,USD,1.0,USD,-
DOUG,DOUGLAS ELLIMAN INC,Real Estate,Equity,5076617.04,0.01,"5,076,617.04","1,819,576.00",2.79,United States,New York Stock Exchange Inc.,USD,1.0,USD,-
CTEV,CLARITEV CORP CLASS A,Health Care,Equity,5062947.72,0.01,"5,062,947.72","188,004.00",26.93,United States,New York Stock Exchange Inc.,USD,1.0,USD,-
FBLA,FB BANCORP INC,Financials,Equity,5053802.25,0.01,"5,053,802.25","390,255.00",12.95,United States,NASDAQ,USD,1.0,USD,-
PLTK,PLAYTIKA HOLDING CORP,Communication,Equity,5044875.99,0.01,"5,044,875.99","1,389,773.00",3.63,United States,NASDAQ,USD,1.0,USD,-
FRAF,FRANKLIN FINANCIAL SERVICES CORP,Financials,Equity,5035443.22,0.01,"5,035,443.22","99,338.00",50.69,United States,NASDAQ,USD,1.0,USD,-
RICK,RCI HOSPITALITY HOLDINGS INC,Consumer Discretionary,Equity,5024317.76,0.01,"5,024,317.76","203,909.00",24.64,United States,NASDAQ,USD,1.0,USD,-
CRDA,CRAWFORD CLASS A,Financials,Equity,5022760.04,0.01,"5,022,760.04","472,508.00",10.63,United States,New York Stock Exchange Inc.,USD,1.0,USD,-
DOMO,DOMO INC CLASS B,Information Technology,Equity,5007075.24,0.01,"5,007,075.24","833,124.00",6.01,United States,NASDAQ,USD,1.0,USD,-
BPRN,PRINCETON BANCORP INC,Financials,Equity,5004763.52,0.01,"5,004,763.52","135,704.00",36.88,United States,NASDAQ,USD,1.0,USD,-
TNXP,TONIX PHARMACEUTICALS HOLDING CORP,Health Care,Equity,4996069.76,0.01,"4,996,069.76","274,208.00",18.22,United States,NASDAQ,USD,1.0,USD,-
TBCH,TURTLE BEACH CORP,Information Technology,Equity,4991786.12,0.01,"4,991,786.12","411,524.00",12.13,United States,NASDAQ,USD,1.0,USD,-
PDYN,PALLADYNE AI CORP,Industrials,Equity,4967466.0,0.01,"4,967,466.00","709,638.00",7.00,United States,NASDAQ,USD,1.0,USD,-
AVR,ANTERIS TECHNOLOGIES GLOBAL CORP,Health Care,Equity,4957081.25,0.01,"4,957,081.25","793,133.00",6.25,United States,NASDAQ,USD,1.0,USD,-
SEVN,SEVEN HILLS REALTY TRUST,Financials,Equity,4923035.6,0.01,"4,923,035.60","572,446.00",8.60,United States,NASDAQ,USD,1.0,USD,-
ALTI,ALTI GLOBAL INC CLASS A,Financials,Equity,4908386.96,0.01,"4,908,386.96","1,005,817.00",4.88,United States,NASDAQ,USD,1.0,USD,-
SLQT,SELECTQUOTE INC,Financials,Equity,4867613.28,0.01,"4,867,613.28","3,380,287.00",1.44,United States,New York Stock Exchange Inc.,USD,1.0,USD,-
BRCB,BLACK ROCK COFFEE BAR INC CLASS A,Consumer Discretionary,Equity,4854098.34,0.01,"4,854,098.34","315,406.00",15.39,United States,NASDAQ,USD,1.0,USD,-
ARDT,ARDENT HEALTH INC,Health Care,Equity,4844938.72,0.01,"4,844,938.72","587,978.00",8.24,United States,New York Stock Exchange Inc.,USD,1.0,USD,-
OSUR,ORASURE TECHNOLOGIES INC,Health Care,Equity,4839062.49,0.01,"4,839,062.49","1,734,431.00",2.79,United States,NASDAQ,USD,1.0,USD,-
TOI,ONCOLOGY INSTITUTE INC,Health Care,Equity,4815753.8,0.01,"4,815,753.80","1,683,830.00",2.86,United States,NASDAQ,USD,1.0,USD,-
USCB,USCB FINANCIAL HOLDINGS INC CLASS,Financials,Equity,4782049.95,0.01,"4,782,049.95","255,315.00",18.73,United States,NASDAQ,USD,1.0,USD,-
BKKT,BAKKT INC CLASS A,Financials,Equity,4777628.49,0.01,"4,777,628.49","350,523.00",13.63,United States,New York Stock Exchange Inc.,USD,1.0,USD,-
KRT,KARAT PACKAGING INC,Industrials,Equity,4768536.0,0.01,"4,768,536.00","198,689.00",24.00,United States,NASDAQ,USD,1.0,USD,-
VABK,VIRGINIA NATIONAL BANKSHARES CORP,Financials,Equity,4744087.79,0.01,"4,744,087.79","116,591.00",40.69,United States,NASDAQ,USD,1.0,USD,-
TBRG,TRUBRIDGE INC,Health Care,Equity,4730900.02,0.01,"4,730,900.02","241,619.00",19.58,United States,NASDAQ,USD,1.0,USD,-
JCAP,JEFFERSON CAPITAL INC,Financials,Equity,4718444.4,0.01,"4,718,444.40","221,940.00",21.26,United States,NASDAQ,USD,1.0,USD,-
GLSI,GREENWICH LIFESCIENCES INC,Health Care,Equity,4697769.76,0.01,"4,697,769.76","156,488.00",30.02,United States,NASDAQ,USD,1.0,USD,-
IMMR,IMMERSION CORP,Information Technology,Equity,4692997.25,0.01,"4,692,997.25","697,325.00",6.73,United States,NASDAQ,USD,1.0,USD,-
LPRO,OPEN LENDING CORP,Financials,Equity,4685663.76,0.01,"4,685,663.76","2,560,472.00",1.83,United States,NASDAQ,USD,1.0,USD,-
SNWV,SANUWAVE HEALTH INC,Health Care,Equity,4655606.64,0.01,"4,655,606.64","174,498.00",26.68,United States,NASDAQ,USD,1.0,USD,-
CD,CHAINCE DIGITAL HOLDINGS INC,Information Technology,Equity,4654105.89,0.01,"4,654,105.89","764,221.00",6.09,China,NASDAQ,USD,1.0,USD,-
ARCT,ARCTURUS THERAPEUTICS HOLDINGS INC,Health Care,Equity,4642733.99,0.01,"4,642,733.99","613,307.00",7.57,United States,NASDAQ,USD,1.0,USD,-
STRS,STRATUS PROPERTIES INC,Real Estate,Equity,4639408.4,0.01,"4,639,408.40","155,320.00",29.87,United States,NASDAQ,USD,1.0,USD,-
OABI,OMNIAB INC,Health Care,Equity,4605683.64,0.01,"4,605,683.64","2,476,174.00",1.86,United States,NASDAQ,USD,1.0,USD,-
UIS,UNISYS CORP,Information Technology,Equity,4587648.8,0.01,"4,587,648.80","1,724,680.00",2.66,United States,New York Stock Exchange Inc.,USD,1.0,USD,-
VYGR,VOYAGER THERAPEUTICS INC,Health Care,Equity,4583308.3,0.01,"4,583,308.30","1,151,585.00",3.98,United States,NASDAQ,USD,1.0,USD,-
MFIN,MEDALLION FINANCIAL CORP,Financials,Equity,4572870.6,0.01,"4,572,870.60","455,012.00",10.05,United States,NASDAQ,USD,1.0,USD,-
DSP,VIANT TECHNOLOGY INC CLASS A,Information Technology,Equity,4555190.43,0.01,"4,555,190.43","364,707.00",12.49,United States,NASDAQ,USD,1.0,USD,-
QUAD,QUAD GRAPHICS INC CLASS A,Industrials,Equity,4515865.2,0.01,"4,515,865.20","746,424.00",6.05,United States,New York Stock Exchange Inc.,USD,1.0,USD,-
EDIT,EDITAS MEDICINE INC,Health Care,Equity,4503471.06,0.01,"4,503,471.06","2,186,151.00",2.06,United States,NASDAQ,USD,1.0,USD,-
INBK,FIRST INTERNET BANCORP,Financials,Equity,4494348.16,0.01,"4,494,348.16","202,084.00",22.24,United States,NASDAQ,USD,1.0,USD,-
QSI,QUANTUM SI INC CLASS A,Health Care,Equity,4493692.71,0.01,"4,493,692.71","3,840,763.00",1.17,United States,NASDAQ,USD,1.0,USD,-
EVC,ENTRAVISION COMMUNICATIONS CORP CL,Communication,Equity,4487018.72,0.01,"4,487,018.72","1,475,993.00",3.04,United States,New York Stock Exchange Inc.,USD,1.0,USD,-
FHTX,FOGHORN THERAPEUTICS INC,Health Care,Equity,4476377.54,0.01,"4,476,377.54","775,802.00",5.77,United States,NASDAQ,USD,1.0,USD,-
ELMD,ELECTROMED INC,Health Care,Equity,4459262.5,0.01,"4,459,262.50","155,375.00",28.70,United States,Nyse Mkt Llc,USD,1.0,USD,-
MG,MISTRAS GROUP INC,Industrials,Equity,4440132.84,0.01,"4,440,132.84","314,457.00",14.12,United States,New York Stock Exchange Inc.,USD,1.0,USD,-
NXDT,NEXPOINT DIVERSIFIED REAL ESTATE T,Real Estate,Equity,4435116.45,0.01,"4,435,116.45","914,457.00",4.85,United States,New York Stock Exchange Inc.,USD,1.0,USD,-
PEBK,PEOPLES BANCORP OF NORTH CAROLINA,Financials,Equity,4414632.9,0.01,"4,414,632.90","122,289.00",36.10,United States,NASDAQ,USD,1.0,USD,-
JAKK,JAKKS PACIFIC INC,Consumer Discretionary,Equity,4391059.6,0.01,"4,391,059.60","233,567.00",18.80,United States,NASDAQ,USD,1.0,USD,-
CRMT,AMERICAS CAR MART INC,Consumer Discretionary,Equity,4390441.8,0.01,"4,390,441.80","174,918.00",25.10,United States,NASDAQ,USD,1.0,USD,-
KINS,KINGSTONE COMPANIES INC,Financials,Equity,4384640.85,0.01,"4,384,640.85","287,895.00",15.23,United States,NASDAQ,USD,1.0,USD,-
EVCM,EVERCOMMERCE INC,Information Technology,Equity,4378334.4,0.01,"4,378,334.40","371,360.00",11.79,United States,NASDAQ,USD,1.0,USD,-
THRY,THRYV HOLDINGS INC,Communication,Equity,4377352.68,0.01,"4,377,352.68","917,684.00",4.77,United States,NASDAQ,USD,1.0,USD,-
LOVE,LOVESAC COMPANY,Consumer Discretionary,Equity,4377114.2,0.01,"4,377,114.20","325,436.00",13.45,United States,NASDAQ,USD,1.0,USD,-
VUZI,VUZIX CORP,Information Technology,Equity,4371428.97,0.01,"4,371,428.97","1,674,877.00",2.61,United States,NASDAQ,USD,1.0,USD,-
BNTC,BENITEC BIOPHARMA INC,Health Care,Equity,4371294.33,0.01,"4,371,294.33","346,653.00",12.61,United States,NASDAQ,USD,1.0,USD,-
SKYX,SKYX PLATFORMS CORP,Industrials,Equity,4365204.48,0.01,"4,365,204.48","1,732,224.00",2.52,United States,NASDAQ,USD,1.0,USD,-
NNOX,NANO X IMAGING LTD,Health Care,Equity,4363964.1,0.01,"4,363,964.10","1,547,505.00",2.82,Israel,NASDAQ,USD,1.0,USD,-
NGNE,NEUROGENE INC,Health Care,Equity,4361852.12,0.01,"4,361,852.12","230,908.00",18.89,United States,NASDAQ,USD,1.0,USD,-
MASS,908 DEVICES INC,Information Technology,Equity,4358633.65,0.01,"4,358,633.65","686,399.00",6.35,United States,NASDAQ,USD,1.0,USD,-
VTEX,VTEX CLASS A,Information Technology,Equity,4328465.04,0.01,"4,328,465.04","1,335,946.00",3.24,Brazil,New York Stock Exchange Inc.,USD,1.0,USD,-
SKYH,SKY HARBOUR GROUP CORP CLASS A,Industrials,Equity,4327345.92,0.01,"4,327,345.92","477,632.00",9.06,United States,New York Stock Exchange Inc.,USD,1.0,USD,-
NC,NACCO INDUSTRIES INC CLASS A,Energy,Equity,4310213.6,0.01,"4,310,213.60","89,054.00",48.40,United States,New York Stock Exchange Inc.,USD,1.0,USD,-
RMNI,RIMINI STREET INC,Information Technology,Equity,4276885.65,0.01,"4,276,885.65","1,239,677.00",3.45,United States,NASDAQ,USD,1.0,USD,-
LE,LAND END INC,Consumer Discretionary,Equity,4272350.21,0.01,"4,272,350.21","237,221.00",18.01,United States,NASDAQ,USD,1.0,USD,-
BOOM,DMC GLOBAL INC,Energy,Equity,4254399.24,0.01,"4,254,399.24","474,292.00",8.97,United States,NASDAQ,USD,1.0,USD,-
BETR,BETTER HOME FINANCE HOLDING CLASS,Financials,Equity,4251473.67,0.01,"4,251,473.67","134,839.00",31.53,United States,NASDAQ,USD,1.0,USD,-
FCCO,FIRST COMMUNITY CORP,Financials,Equity,4240428.5,0.01,"4,240,428.50","145,970.00",29.05,United States,NASDAQ,USD,1.0,USD,-
MRBK,MERIDIAN CORP,Financials,Equity,4238847.76,0.01,"4,238,847.76","223,804.00",18.94,United States,NASDAQ,USD,1.0,USD,-
OPRX,OPTIMIZERX CORP,Health Care,Equity,4216067.1,0.01,"4,216,067.10","389,655.00",10.82,United States,NASDAQ,USD,1.0,USD,-
WEYS,WEYCO GROUP INC,Consumer Discretionary,Equity,4204160.25,0.01,"4,204,160.25","135,925.00",30.93,United States,NASDAQ,USD,1.0,USD,-
SKIN,BEAUTY HEALTH COMPANY CLASS A CLAS,Consumer Staples,Equity,4138929.63,0.01,"4,138,929.63","2,741,013.00",1.51,United States,NASDAQ,USD,1.0,USD,-
MPAA,MOTORCAR PARTS OF AMERICA INC,Consumer Discretionary,Equity,4130699.16,0.01,"4,130,699.16","317,258.00",13.02,United States,NASDAQ,USD,1.0,USD,-
PRTH,PRIORITY TECHNOLOGY HOLDINGS INC,Financials,Equity,4128513.24,0.01,"4,128,513.24","698,564.00",5.91,United States,NASDAQ,USD,1.0,USD,-
EGAN,EGAIN CORP,Information Technology,Equity,4118839.56,0.01,"4,118,839.56","397,188.00",10.37,United States,NASDAQ,USD,1.0,USD,-
LZM,LIFEZONE METALS LTD,Materials,Equity,4093991.16,0.01,"4,093,991.16","696,257.00",5.88,Isle of Man,New York Stock Exchange Inc.,USD,1.0,USD,-
FENC,FENNEC PHARMACEUTICALS INC,Health Care,Equity,4092579.52,0.01,"4,092,579.52","544,226.00",7.52,United States,NASDAQ,USD,1.0,USD,-
LRMR,LARIMAR THERAPEUTICS INC,Health Care,Equity,4070785.32,0.01,"4,070,785.32","1,140,276.00",3.57,United States,NASDAQ,USD,1.0,USD,-
WEST,WESTROCK COFFEE,Consumer Staples,Equity,4058492.0,0.01,"4,058,492.00","859,850.00",4.72,United States,NASDAQ,USD,1.0,USD,-
SNDA,SONIDA SENIOR LIVING INC,Health Care,Equity,4028337.18,0.01,"4,028,337.18","128,742.00",31.29,United States,New York Stock Exchange Inc.,USD,1.0,USD,-
AARD,AARDVARK THERAPEUTICS INC,Health Care,Equity,4014959.1,0.01,"4,014,959.10","300,746.00",13.35,United States,NASDAQ,USD,1.0,USD,-
ACH,ACCENDRA HEALTH INC,Health Care,Equity,4011161.44,0.01,"4,011,161.44","1,928,443.00",2.08,United States,New York Stock Exchange Inc.,USD,1.0,USD,-
LAW,CS DISCO INC,Information Technology,Equity,4009555.48,0.01,"4,009,555.48","632,422.00",6.34,United States,New York Stock Exchange Inc.,USD,1.0,USD,-
FNKO,FUNKO INC CLASS A,Consumer Discretionary,Equity,4007455.8,0.01,"4,007,455.80","965,652.00",4.15,United States,NASDAQ,USD,1.0,USD,-
BRT,BRT APARTMENTS CORP,Real Estate,Equity,3985377.76,0.01,"3,985,377.76","273,721.00",14.56,United States,New York Stock Exchange Inc.,USD,1.0,USD,-
CURI,CURIOSITYSTREAM INC CLASS A,Communication,Equity,3952064.56,0.01,"3,952,064.56","1,051,081.00",3.76,United States,NASDAQ,USD,1.0,USD,-
LNKB,LINKBANCORP INC,Financials,Equity,3930712.5,0.01,"3,930,712.50","458,125.00",8.58,United States,NASDAQ,USD,1.0,USD,-
GCBC,GREENE COUNTY BANCORP INC,Financials,Equity,3921613.2,0.01,"3,921,613.20","177,048.00",22.15,United States,NASDAQ,USD,1.0,USD,-
HUMA,HUMACYTE INC,Health Care,Equity,3896539.44,0.01,"3,896,539.44","3,783,048.00",1.03,United States,NASDAQ,USD,1.0,USD,-
FCAP,FIRST CAPITAL INC,Financials,Equity,3882704.67,0.01,"3,882,704.67","72,669.00",53.43,United States,NASDAQ,USD,1.0,USD,-
OPBK,OP BANCORP,Financials,Equity,3882172.27,0.01,"3,882,172.27","279,998.00",13.87,United States,NASDAQ,USD,1.0,USD,-
FXNC,FIRST NATIONAL CORP,Financials,Equity,3879095.36,0.01,"3,879,095.36","150,586.00",25.76,United States,NASDAQ,USD,1.0,USD,-
BHR,BRAEMAR HOTELS RESORTS INC,Real Estate,Equity,3847809.42,0.01,"3,847,809.42","1,409,454.00",2.73,United States,New York Stock Exchange Inc.,USD,1.0,USD,-
CMT,CORE MOLDING TECHNOLOGIES INC,Materials,Equity,3838693.14,0.01,"3,838,693.14","197,667.00",19.42,United States,Nyse Mkt Llc,USD,1.0,USD,-
PBFS,PIONEER BANCORP INC,Financials,Equity,3811799.34,0.01,"3,811,799.34","272,466.00",13.99,United States,NASDAQ,USD,1.0,USD,-
LEGH,LEGACY HOUSING,Consumer Discretionary,Equity,3805378.56,0.01,"3,805,378.56","180,864.00",21.04,United States,NASDAQ,USD,1.0,USD,-
FSFG,FIRST SAVINGS FINANCIAL GROUP INC,Financials,Equity,3791249.46,0.01,"3,791,249.46","114,782.00",33.03,United States,NASDAQ,USD,1.0,USD,-
AMBQ,AMBIQ MICRO INC,Information Technology,Equity,3769503.38,0.01,"3,769,503.38","114,262.00",32.99,United States,New York Stock Exchange Inc.,USD,1.0,USD,-
KLC,KINDERCARE LEARNING COMPANIES INC,Consumer Discretionary,Equity,3740719.68,0.0,"3,740,719.68","794,208.00",4.71,United States,New York Stock Exchange Inc.,USD,1.0,USD,-
ZIP,ZIPRECRUITER INC CLASS A,Communication,Equity,3712512.0,0.0,"3,712,512.00","1,546,880.00",2.40,United States,New York Stock Exchange Inc.,USD,1.0,USD,-
RGCO,RGC RESOURCES INC,Utilities,Equity,3710734.18,0.0,"3,710,734.18","173,561.00",21.38,United States,NASDAQ,USD,1.0,USD,-
MPTI,M TRON INDUSTRIES INC,Information Technology,Equity,3699351.9,0.0,"3,699,351.90","58,230.00",63.53,United States,Nyse Mkt Llc,USD,1.0,USD,-
MDWD,MEDIWOUND LTD,Health Care,Equity,3692852.22,0.0,"3,692,852.22","209,702.00",17.61,Israel,NASDAQ,USD,1.0,USD,-
PAYS,PAYSIGN INC,Financials,Equity,3677697.08,0.0,"3,677,697.08","877,732.00",4.19,United States,NASDAQ,USD,1.0,USD,-
HWBK,HAWTHORN BANCSHARES INC,Financials,Equity,3653708.0,0.0,"3,653,708.00","107,462.00",34.00,United States,NASDAQ,USD,1.0,USD,-
TTGT,TECHTARGET INC,Communication,Equity,3647236.02,0.0,"3,647,236.02","683,003.00",5.34,United States,NASDAQ,USD,1.0,USD,-
GETY,GETTY IMAGES HOLDINGS INC CLASS A,Communication,Equity,3642754.7,0.0,"3,642,754.70","2,802,119.00",1.30,United States,New York Stock Exchange Inc.,USD,1.0,USD,-
ALEC,ALECTOR INC,Health Care,Equity,3637361.98,0.0,"3,637,361.98","1,904,378.00",1.91,United States,NASDAQ,USD,1.0,USD,-
RMAX,RE MAX HOLDINGS INC CLASS A,Real Estate,Equity,3620018.79,0.0,"3,620,018.79","458,811.00",7.89,United States,New York Stock Exchange Inc.,USD,1.0,USD,-
KULR,KULR TECHNOLOGY GROUP INC,Industrials,Equity,3610682.44,0.0,"3,610,682.44","928,196.00",3.89,United States,Nyse Mkt Llc,USD,1.0,USD,-
TCX,TUCOWS INC,Information Technology,Equity,3605719.33,0.0,"3,605,719.33","160,183.00",22.51,United States,NASDAQ,USD,1.0,USD,-
TBI,TRUEBLUE INC,Industrials,Equity,3586857.12,0.0,"3,586,857.12","729,036.00",4.92,United States,New York Stock Exchange Inc.,USD,1.0,USD,-
BNED,BARNES AND NOBLE EDUCATION INC,Consumer Discretionary,Equity,3576032.96,0.0,"3,576,032.96","396,896.00",9.01,United States,New York Stock Exchange Inc.,USD,1.0,USD,-
HCAT,HEALTH CATALYST INC,Health Care,Equity,3574314.0,0.0,"3,574,314.00","1,654,775.00",2.16,United States,NASDAQ,USD,1.0,USD,-
ACDC,PROFRAC HOLDING CLASS A CORP,Energy,Equity,3564479.73,0.0,"3,564,479.73","711,473.00",5.01,United States,NASDAQ,USD,1.0,USD,-
CMDB,COSTAMARE BULKERS HOLDINGS LTD,Industrials,Equity,3523175.37,0.0,"3,523,175.37","209,339.00",16.83,Monaco,New York Stock Exchange Inc.,USD,1.0,USD,-
RSVR,RESERVOIR MEDIA INC,Communication,Equity,3523164.04,0.0,"3,523,164.04","472,274.00",7.46,United States,NASDAQ,USD,1.0,USD,-
SAMG,SILVERCREST ASSET MANAGEMENT GROUP,Financials,Equity,3522002.94,0.0,"3,522,002.94","240,082.00",14.67,United States,NASDAQ,USD,1.0,USD,-
POWW,OUTDOOR HOLDING,Consumer Discretionary,Equity,3503544.82,0.0,"3,503,544.82","2,149,414.00",1.63,United States,NASDAQ,USD,1.0,USD,-
SMHI,SEACOR MARINE HOLDINGS INC,Energy,Equity,3501624.0,0.0,"3,501,624.00","521,075.00",6.72,United States,New York Stock Exchange Inc.,USD,1.0,USD,-
FFAI,FARADAY FUTURE INTELLIGENT ELECTRI,Consumer Discretionary,Equity,3483503.13,0.0,"3,483,503.13","3,449,013.00",1.01,United States,NASDAQ,USD,1.0,USD,-
OVBC,OHIO VALLEY BANC CORP,Financials,Equity,3478102.32,0.0,"3,478,102.32","84,502.00",41.16,United States,NASDAQ,USD,1.0,USD,-
AII,AMERICAN INTEGRITY INSURANCE GROUP,Financials,Equity,3453968.67,0.0,"3,453,968.67","185,001.00",18.67,United States,New York Stock Exchange Inc.,USD,1.0,USD,-
INSG,INSEEGO CORP,Information Technology,Equity,3436727.46,0.0,"3,436,727.46","312,146.00",11.01,United States,NASDAQ,USD,1.0,USD,-
KLTR,KALTURA INC,Information Technology,Equity,3436675.05,0.0,"3,436,675.05","2,188,965.00",1.57,United States,NASDAQ,USD,1.0,USD,-
PLX,PROTALIX BIOTHERAPEUTICS INC,Health Care,Equity,3414185.55,0.0,"3,414,185.55","1,649,365.00",2.07,Israel,Nyse Mkt Llc,USD,1.0,USD,-
UTMD,UTAH MEDICAL PRODUCTS INC,Health Care,Equity,3404189.7,0.0,"3,404,189.70","55,218.00",61.65,United States,NASDAQ,USD,1.0,USD,-
OMDA,OMADA HEALTH INC,Health Care,Equity,3393144.32,0.0,"3,393,144.32","225,608.00",15.04,United States,NASDAQ,USD,1.0,USD,-
HBB,HAMILTON BEACH BRANDS HOLDING COMP,Consumer Discretionary,Equity,3382236.0,0.0,"3,382,236.00","178,200.00",18.98,United States,New York Stock Exchange Inc.,USD,1.0,USD,-
ALTG,ALTA EQUIPMENT GROUP INC CLASS A,Industrials,Equity,3371321.97,0.0,"3,371,321.97","490,731.00",6.87,United States,New York Stock Exchange Inc.,USD,1.0,USD,-
EFSI,EAGLE FINANCIAL SERVICES INC,Financials,Equity,3369620.67,0.0,"3,369,620.67","88,314.00",38.16,United States,NASDAQ,USD,1.0,USD,-
RGP,RESOURCES CONNECTION INC,Industrials,Equity,3367730.85,0.0,"3,367,730.85","774,191.00",4.35,United States,NASDAQ,USD,1.0,USD,-
RELL,RICHARDSON ELECTRONICS LTD,Information Technology,Equity,3350440.6,0.0,"3,350,440.60","289,580.00",11.57,United States,NASDAQ,USD,1.0,USD,-
FLXS,FLEXSTEEL INDUSTRIES INC,Consumer Discretionary,Equity,3336312.0,0.0,"3,336,312.00","85,110.00",39.20,United States,NASDAQ,USD,1.0,USD,-
ESCA,ESCALADE INC,Consumer Discretionary,Equity,3335841.8,0.0,"3,335,841.80","233,930.00",14.26,United States,NASDAQ,USD,1.0,USD,-
INGN,INOGEN INC,Health Care,Equity,3327422.04,0.0,"3,327,422.04","571,722.00",5.82,United States,NASDAQ,USD,1.0,USD,-
NREF,NEXPOINT REAL ESTATE FINANCE INC,Financials,Equity,3319508.08,0.0,"3,319,508.08","221,596.00",14.98,United States,New York Stock Exchange Inc.,USD,1.0,USD,-
STXS,STEREOTAXIS INC,Health Care,Equity,3312055.39,0.0,"3,312,055.39","1,421,483.00",2.33,United States,Nyse Mkt Llc,USD,1.0,USD,-
FINW,FINWISE BANCORP,Financials,Equity,3309302.7,0.0,"3,309,302.70","179,366.00",18.45,United States,NASDAQ,USD,1.0,USD,-
ONEW,ONEWATER MARINE CLASS A INC,Consumer Discretionary,Equity,3287865.19,0.0,"3,287,865.19","255,071.00",12.89,United States,NASDAQ,USD,1.0,USD,-
SEG,SEAPORT ENTERTAINMENT GROUP INC,Real Estate,Equity,3262605.5,0.0,"3,262,605.50","169,486.00",19.25,United States,New York Stock Exchange Inc.,USD,1.0,USD,-
CBK,COMMERCIAL BANCGROUP INC,Financials,Equity,3236175.76,0.0,"3,236,175.76","122,536.00",26.41,United States,NASDAQ,USD,1.0,USD,-
BCBP,BCB BANCORP INC,Financials,Equity,3229269.0,0.0,"3,229,269.00","412,950.00",7.82,United States,NASDAQ,USD,1.0,USD,-
LFMD,LIFEMD INC,Health Care,Equity,3215165.35,0.0,"3,215,165.35","954,055.00",3.37,United States,NASDAQ,USD,1.0,USD,-
BVFL,BV FINANCIAL INC,Financials,Equity,3192625.8,0.0,"3,192,625.80","168,922.00",18.90,United States,NASDAQ,USD,1.0,USD,-
BALY,BALLY S CORP,Consumer Discretionary,Equity,3190808.88,0.0,"3,190,808.88","212,296.00",15.03,United States,New York Stock Exchange Inc.,USD,1.0,USD,-
TLSI,TRISALUS LF SC CM A,Health Care,Equity,3166883.54,0.0,"3,166,883.54","634,646.00",4.99,United States,NASDAQ,USD,1.0,USD,-
BBCP,CONCRETE PUMPING HOLDINGS INC,Industrials,Equity,3149146.26,0.0,"3,149,146.26","543,894.00",5.79,United States,NASDAQ,USD,1.0,USD,-
CZWI,CITIZENS COMMUNITY BANCORP INC,Financials,Equity,3145887.61,0.0,"3,145,887.61","174,723.00",18.00,United States,NASDAQ,USD,1.0,USD,-
EVI,EVI INDUSTRIES INC,Industrials,Equity,3135977.15,0.0,"3,135,977.15","120,383.00",26.05,United States,Nyse Mkt Llc,USD,1.0,USD,-
EBMT,EAGLE BANCORP MONTANA INC,Financials,Equity,3132178.65,0.0,"3,132,178.65","145,615.00",21.51,United States,NASDAQ,USD,1.0,USD,-
FATE,FATE THERAPEUTICS INC,Health Care,Equity,3116512.42,0.0,"3,116,512.42","2,618,918.00",1.19,United States,NASDAQ,USD,1.0,USD,-
CBFV,CB FINANCIAL SERVICES INC,Financials,Equity,3099077.41,0.0,"3,099,077.41","87,967.00",35.23,United States,NASDAQ,USD,1.0,USD,-
JYNT,JOINT CORP,Health Care,Equity,3090250.88,0.0,"3,090,250.88","323,248.00",9.56,United States,NASDAQ,USD,1.0,USD,-
KGEI,KOLIBRI GLOBAL ENERGY INC,Energy,Equity,3073090.02,0.0,"3,073,090.02","770,198.00",3.99,Canada,NASDAQ,USD,1.0,USD,-
AVD,AMER VANGUARD CORP,Materials,Equity,3044835.82,0.0,"3,044,835.82","606,541.00",5.02,United States,New York Stock Exchange Inc.,USD,1.0,USD,-
MDV,MODIV INDUSTRIAL INC CLASS C,Real Estate,Equity,3040079.04,0.0,"3,040,079.04","197,536.00",15.39,United States,New York Stock Exchange Inc.,USD,1.0,USD,-
MNSB,MAINSTREET BANCSHARES INC,Financials,Equity,3037496.84,0.0,"3,037,496.84","143,549.00",21.16,United States,NASDAQ,USD,1.0,USD,-
ACTG,ACACIA RESEARCH CORP,Financials,Equity,3035903.96,0.0,"3,035,903.96","770,534.00",3.94,United States,NASDAQ,USD,1.0,USD,-
MED,MEDIFAST INC,Consumer Staples,Equity,3030815.3,0.0,"3,030,815.30","271,822.00",11.15,United States,New York Stock Exchange Inc.,USD,1.0,USD,-
ELDN,ELEDON PHARMACEUTICALS INC,Health Care,Equity,2998966.2,0.0,"2,998,966.20","1,394,868.00",2.15,United States,NASDAQ,USD,1.0,USD,-
GENC,GENCOR INDUSTRIES INC,Industrials,Equity,2997911.02,0.0,"2,997,911.02","215,522.00",13.91,United States,Nyse Mkt Llc,USD,1.0,USD,-
NVCT,NUVECTIS PHARMA INC,Health Care,Equity,2997540.48,0.0,"2,997,540.48","351,824.00",8.52,United States,NASDAQ,USD,1.0,USD,-
FOA,FINANCE OF AMERICA COMPANIES INC C,Financials,Equity,2976075.64,0.0,"2,976,075.64","126,319.00",23.56,United States,New York Stock Exchange Inc.,USD,1.0,USD,-
MLP,MAUI LAND AND PINEAPPLE INC,Real Estate,Equity,2957634.6,0.0,"2,957,634.60","172,860.00",17.11,United States,New York Stock Exchange Inc.,USD,1.0,USD,-
STRZ,STARZ ENTERTAINMENT CORP,Communication,Equity,2930457.34,0.0,"2,930,457.34","293,633.00",9.98,United States,NASDAQ,USD,1.0,USD,-
SNFCA,SECURITY NATIONAL FINANCIAL CORP C,Financials,Equity,2903958.54,0.0,"2,903,958.54","329,247.00",8.82,United States,NASDAQ,USD,1.0,USD,-
EWCZ,EUROPEAN WAX CENTER INC CLASS A,Consumer Discretionary,Equity,2884722.18,0.0,"2,884,722.18","734,026.00",3.93,United States,NASDAQ,USD,1.0,USD,-
KRO,KRONOS WORLDWIDE INC,Materials,Equity,2882496.4,0.0,"2,882,496.40","535,780.00",5.38,United States,New York Stock Exchange Inc.,USD,1.0,USD,-
ARQ,ARQ INC,Materials,Equity,2881897.65,0.0,"2,881,897.65","789,561.00",3.65,United States,NASDAQ,USD,1.0,USD,-
TRAK,REPOSITRAK INC,Information Technology,Equity,2880709.75,0.0,"2,880,709.75","267,973.00",10.75,United States,New York Stock Exchange Inc.,USD,1.0,USD,-
CFBK,CF BANKSHARES INC,Financials,Equity,2860665.3,0.0,"2,860,665.30","98,814.00",28.95,United States,NASDAQ,USD,1.0,USD,-
ASIC,ATEGRITY SPECIALTY INSURANCE COMPA,Financials,Equity,2843242.94,0.0,"2,843,242.94","160,726.00",17.69,United States,New York Stock Exchange Inc.,USD,1.0,USD,-
ACU,ACME UNITED CORP,Health Care,Equity,2834578.74,0.0,"2,834,578.74","68,369.00",41.46,United States,Nyse Mkt Llc,USD,1.0,USD,-
BZAI,BLAIZE HOLDINGS INC,Information Technology,Equity,2829444.4,0.0,"2,829,444.40","1,825,448.00",1.55,United States,NASDAQ,USD,1.0,USD,-
JILL,J JILL INC,Consumer Discretionary,Equity,2814140.73,0.0,"2,814,140.73","178,449.00",15.77,United States,New York Stock Exchange Inc.,USD,1.0,USD,-
ACR,ACRES COMMERCIAL REALTY CORP,Financials,Equity,2810997.12,0.0,"2,810,997.12","144,006.00",19.52,United States,New York Stock Exchange Inc.,USD,1.0,USD,-
FRD,FRIEDMAN INDUSTRIES INC,Materials,Equity,2805264.41,0.0,"2,805,264.41","142,907.00",19.63,United States,NASDAQ,USD,1.0,USD,-
AOMR,ANGEL OAK MORTGAGE REIT INC,Financials,Equity,2796237.6,0.0,"2,796,237.60","306,605.00",9.12,United States,New York Stock Exchange Inc.,USD,1.0,USD,"Jun 17, 2021"
LNSR,LENSAR INC,Health Care,Equity,2782124.7,0.0,"2,782,124.70","226,189.00",12.30,United States,NASDAQ,USD,1.0,USD,-
ESOA,ENERGY SERVICES OF AMERICA CORP,Energy,Equity,2723171.54,0.0,"2,723,171.54","294,079.00",9.26,United States,NASDAQ,USD,1.0,USD,-
SPWR,SUNPOWER INC,Industrials,Equity,2709532.8,0.0,"2,709,532.80","1,505,296.00",1.80,United States,NASDAQ,USD,1.0,USD,-
LWAY,LIFEWAY FOODS INC,Consumer Staples,Equity,2705195.43,0.0,"2,705,195.43","123,921.00",21.83,United States,NASDAQ,USD,1.0,USD,-
CXDO,CREXENDO INC,Information Technology,Equity,2698388.0,0.0,"2,698,388.00","385,484.00",7.00,United States,NASDAQ,USD,1.0,USD,-
DERM,JOURNEY MEDICAL CORP,Health Care,Equity,2696057.0,0.0,"2,696,057.00","319,060.00",8.45,United States,NASDAQ,USD,1.0,USD,-
CVRX,CVRX INC,Health Care,Equity,2685748.31,0.0,"2,685,748.31","383,131.00",7.01,United States,NASDAQ,USD,1.0,USD,-
TMCI,TREACE MEDICAL CONCEPTS INC,Health Care,Equity,2681517.1,0.0,"2,681,517.10","1,165,877.00",2.30,United States,NASDAQ,USD,1.0,USD,-
SGC,SUPERIOR GROUP OF COMPANIES INC,Consumer Discretionary,Equity,2664452.59,0.0,"2,664,452.59","267,247.00",9.97,United States,NASDAQ,USD,1.0,USD,-
INNV,INNOVAGE HOLDING CORP,Health Care,Equity,2660240.01,0.0,"2,660,240.01","467,529.00",5.69,United States,NASDAQ,USD,1.0,USD,-
NKTX,NKARTA INC,Health Care,Equity,2640263.04,0.0,"2,640,263.04","1,086,528.00",2.43,United States,NASDAQ,USD,1.0,USD,-
PXED,PHOENIX EDUCATION PARTNERS INC,Consumer Discretionary,Equity,2634159.62,0.0,"2,634,159.62","88,217.00",29.86,United States,New York Stock Exchange Inc.,USD,1.0,USD,-
HAIN,HAIN CELESTIAL GROUP INC,Consumer Staples,Equity,2615990.4,0.0,"2,615,990.40","2,179,992.00",1.20,United States,NASDAQ,USD,1.0,USD,-
CDXS,CODEXIS INC,Health Care,Equity,2615731.3,0.0,"2,615,731.30","2,012,101.00",1.30,United States,NASDAQ,USD,1.0,USD,-
SMID,SMITH MIDLAND CORP,Materials,Equity,2595962.88,0.0,"2,595,962.88","73,728.00",35.21,United States,NASDAQ,USD,1.0,USD,-
ANIK,ANIKA THERAPEUTICS INC,Health Care,Equity,2586265.8,0.0,"2,586,265.80","282,652.00",9.15,United States,NASDAQ,USD,1.0,USD,-
EPM,EVOLUTION PETROLEUM CORP,Energy,Equity,2581920.9,0.0,"2,581,920.90","662,031.00",3.90,United States,Nyse Mkt Llc,USD,1.0,USD,-
SBFG,SB FINANCIAL GROUP INC,Financials,Equity,2574165.16,0.0,"2,574,165.16","114,002.00",22.58,United States,NASDAQ,USD,1.0,USD,-
HPK,HIGHPEAK ENERGY INC,Energy,Equity,2570963.18,0.0,"2,570,963.18","562,574.00",4.57,United States,NASDAQ,USD,1.0,USD,-
NODK,NI HOLDINGS INC,Financials,Equity,2562725.76,0.0,"2,562,725.76","190,679.00",13.44,United States,NASDAQ,USD,1.0,USD,-
FLWS,1-800 FLOWERS.COM INC CLASS A,Consumer Discretionary,Equity,2533827.69,0.0,"2,533,827.69","547,263.00",4.63,United States,NASDAQ,USD,1.0,USD,-
ULH,UNIVERSAL LOGISTICS HOLDINGS INC,Industrials,Equity,2512279.56,0.0,"2,512,279.56","157,411.00",15.96,United States,NASDAQ,USD,1.0,USD,-
SRBK,SR BANCORP INC,Financials,Equity,2497148.16,0.0,"2,497,148.16","150,069.00",16.64,United States,NASDAQ,USD,1.0,USD,-
LARK,LANDMARK BANCORP INC,Financials,Equity,2472764.0,0.0,"2,472,764.00","88,313.00",28.00,United States,NASDAQ,USD,1.0,USD,-
MXCT,MAXCYTE INC,Health Care,Equity,2437607.33,0.0,"2,437,607.33","2,485,579.00",0.98,United States,NASDAQ,USD,1.0,USD,-
CRDF,CARDIFF ONCOLOGY INC,Health Care,Equity,2435537.9,0.0,"2,435,537.90","1,508,073.00",1.62,United States,NASDAQ,USD,1.0,USD,-
OFLX,OMEGA FLEX INC,Industrials,Equity,2406208.0,0.0,"2,406,208.00","73,472.00",32.75,United States,NASDAQ,USD,1.0,USD,-
CLAR,CLARUS CORP,Consumer Discretionary,Equity,2397156.0,0.0,"2,397,156.00","647,880.00",3.70,United States,NASDAQ,USD,1.0,USD,-
MNTK,MONTAUK RENEWABLES INC,Utilities,Equity,2394571.75,0.0,"2,394,571.75","1,544,885.00",1.55,United States,NASDAQ,USD,1.0,USD,-
GAMB,GAMBLING COM GROUP LTD,Communication,Equity,2392540.8,0.0,"2,392,540.80","498,446.00",4.80,Jersey,NASDAQ,USD,1.0,USD,-
ADV,ADVANTAGE SOLUTIONS INC CLASS A,Communication,Equity,2391355.12,0.0,"2,391,355.12","2,321,704.00",1.03,United States,NASDAQ,USD,1.0,USD,-
SUNS,SUNRISE REALTY TRUST INC,Financials,Equity,2363772.87,0.0,"2,363,772.87","251,733.00",9.39,United States,NASDAQ,USD,1.0,USD,-
BSET,BASSETT FURNITURE INDUSTRIES INC,Consumer Discretionary,Equity,2354320.92,0.0,"2,354,320.92","154,483.00",15.24,United States,NASDAQ,USD,1.0,USD,-
ACNT,ASCENT INDUSTRIES,Materials,Equity,2351939.66,0.0,"2,351,939.66","146,174.00",16.09,United States,NASDAQ,USD,1.0,USD,-
STRW,STRAWBERRY FIELDS REIT INC,Real Estate,Equity,2338873.92,0.0,"2,338,873.92","181,872.00",12.86,United States,Nyse Mkt Llc,USD,1.0,USD,-
DMRC,DIGIMARC CORP,Information Technology,Equity,2334556.0,0.0,"2,334,556.00","387,800.00",6.02,United States,NASDAQ,USD,1.0,USD,-
ZVIA,ZEVIA CLASS A,Consumer Staples,Equity,2308411.56,0.0,"2,308,411.56","1,268,358.00",1.82,United States,New York Stock Exchange Inc.,USD,1.0,USD,-
FNWD,FINWARD BANCORP,Financials,Equity,2295379.76,0.0,"2,295,379.76","63,164.00",36.34,United States,NASDAQ,USD,1.0,USD,-
FORR,FORRESTER RESEARCH INC,Industrials,Equity,2278684.72,0.0,"2,278,684.72","286,988.00",7.94,United States,NASDAQ,USD,1.0,USD,-
WHG,WESTWOOD HOLDINGS GROUP INC,Financials,Equity,2272861.89,0.0,"2,272,861.89","128,193.00",17.73,United States,New York Stock Exchange Inc.,USD,1.0,USD,-
ATOM,ATOMERA INC,Information Technology,Equity,2244556.0,0.0,"2,244,556.00","735,920.00",3.05,United States,NASDAQ,USD,1.0,USD,-
EML,EASTERN,Industrials,Equity,2238542.95,0.0,"2,238,542.95","124,019.00",18.05,United States,NASDAQ,USD,1.0,USD,-
AOUT,AMERICAN OUTDOOR BRANDS INC,Consumer Discretionary,Equity,2233798.82,0.0,"2,233,798.82","254,419.00",8.78,United States,NASDAQ,USD,1.0,USD,-
PNBK,PATRIOT NATIONAL BANCORP INC,Financials,Equity,2222563.6,0.0,"2,222,563.60","1,433,912.00",1.55,United States,NASDAQ,USD,1.0,USD,-
LUCD,LUCID DIAGNOSTICS INC,Health Care,Equity,2214693.96,0.0,"2,214,693.96","1,942,714.00",1.14,United States,NASDAQ,USD,1.0,USD,-
TCI,TRANSCONTINENTAL REALTY INVESTORS,Real Estate,Equity,2203951.2,0.0,"2,203,951.20","40,920.00",53.86,United States,New York Stock Exchange Inc.,USD,1.0,USD,-
PDEX,PRO DEX INC,Health Care,Equity,2177914.35,0.0,"2,177,914.35","55,270.00",39.41,United States,NASDAQ,USD,1.0,USD,-
RCMT,RCM TECHNOLOGIES INC,Industrials,Equity,2158033.32,0.0,"2,158,033.32","106,098.00",20.34,United States,NASDAQ,USD,1.0,USD,-
RPT,RITHM PROPERTY INC TRUST,Financials,Equity,2134231.0,0.0,"2,134,231.00","125,543.00",17.00,United States,New York Stock Exchange Inc.,USD,1.0,USD,-
INV,INNVENTURE INC,Financials,Equity,2123757.03,0.0,"2,123,757.03","626,477.00",3.39,United States,NASDAQ,USD,1.0,USD,-
KRRO,KORRO BIO INC,Health Care,Equity,2102700.49,0.0,"2,102,700.49","157,979.00",13.31,United States,NASDAQ,USD,1.0,USD,-
BARK,BARK INC CLASS A,Consumer Discretionary,Equity,2085112.37,0.0,"2,085,112.37","2,416,681.00",0.86,United States,New York Stock Exchange Inc.,USD,1.0,USD,-
HNVR,HANOVER BANCORP INC,Financials,Equity,2074237.65,0.0,"2,074,237.65","86,607.00",23.95,United States,NASDAQ,USD,1.0,USD,-
OM,OUTSET MEDICAL INC,Health Care,Equity,2058653.22,0.0,"2,058,653.22","406,046.00",5.07,United States,NASDAQ,USD,1.0,USD,-
EXFY,EXPENSIFY INC CLASS A,Information Technology,Equity,2051222.2,0.0,"2,051,222.20","1,414,636.00",1.45,United States,NASDAQ,USD,1.0,USD,-
STIM,NEURONETICS INC,Health Care,Equity,2044831.8,0.0,"2,044,831.80","929,469.00",2.20,United States,NASDAQ,USD,1.0,USD,-
COSO,COASTALSOUTH BANCSHARES INC,Financials,Equity,2036495.42,0.0,"2,036,495.42","85,639.00",23.78,United States,New York Stock Exchange Inc.,USD,1.0,USD,-
SNCR,SYNCHRONOSS TECHNOLOGIES INC,Information Technology,Equity,2029303.84,0.0,"2,029,303.84","231,128.00",8.78,United States,NASDAQ,USD,1.0,USD,-
FF,FUTUREFUEL CORP,Energy,Equity,2015536.25,0.0,"2,015,536.25","612,625.00",3.29,United States,New York Stock Exchange Inc.,USD,1.0,USD,-
IKT,INHIBIKASE THERAPEUTICS INC,Health Care,Equity,1999046.46,0.0,"1,999,046.46","1,273,278.00",1.57,United States,NASDAQ,USD,1.0,USD,-
GYRE,GYRE THERAPEUTICS INC,Health Care,Equity,1996310.76,0.0,"1,996,310.76","243,156.00",8.21,United States,NASDAQ,USD,1.0,USD,-
ARAY,ACCURAY INC,Health Care,Equity,1967703.05,0.0,"1,967,703.05","2,452,272.00",0.80,United States,NASDAQ,USD,1.0,USD,-
AIRO,AIRO GROUP HOLDINGS INC,Industrials,Equity,1965665.52,0.0,"1,965,665.52","180,006.00",10.92,United States,NASDAQ,USD,1.0,USD,-
LVWR,LIVEWIRE GROUP INC,Consumer Discretionary,Equity,1961345.21,0.0,"1,961,345.21","879,527.00",2.23,United States,New York Stock Exchange Inc.,USD,1.0,USD,-
GWRS,GLOBAL WATER RESOURCES INC,Utilities,Equity,1958763.52,0.0,"1,958,763.52","225,664.00",8.68,United States,NASDAQ,USD,1.0,USD,-
EHTH,EHEALTH INC,Financials,Equity,1932524.88,0.0,"1,932,524.88","675,708.00",2.86,United States,NASDAQ,USD,1.0,USD,-
FSP,FRANKLIN STREET PROPERTIES REIT CO,Real Estate,Equity,1932005.34,0.0,"1,932,005.34","2,196,459.00",0.88,United States,Nyse Mkt Llc,USD,1.0,USD,-
AISP,AIRSHIP AI HOLDINGS INC CLASS A,Information Technology,Equity,1919905.68,0.0,"1,919,905.68","596,244.00",3.22,United States,NASDAQ,USD,1.0,USD,-
ELA,ENVELA CORP,Consumer Discretionary,Equity,1890482.44,0.0,"1,890,482.44","127,391.00",14.84,United States,Nyse Mkt Llc,USD,1.0,USD,-
CPSS,CONSUMER PORTFOLIO SERVICES INC,Financials,Equity,1875527.36,0.0,"1,875,527.36","218,848.00",8.57,United States,NASDAQ,USD,1.0,USD,-
AEYE,AUDIOEYE INC,Information Technology,Equity,1862539.7,0.0,"1,862,539.70","198,565.00",9.38,United States,NASDAQ,USD,1.0,USD,-
PMTS,CPI CARD GROUP INC,Information Technology,Equity,1848754.56,0.0,"1,848,754.56","143,984.00",12.84,United States,NASDAQ,USD,1.0,USD,-
CARL,CARLSMED INC,Health Care,Equity,1840621.58,0.0,"1,840,621.58","145,274.00",12.67,United States,NASDAQ,USD,1.0,USD,-
RMBI,RICHMOND MUTUAL BANCORPORATION INC,Financials,Equity,1838225.56,0.0,"1,838,225.56","132,437.00",13.88,United States,NASDAQ,USD,1.0,USD,-
DCGO,DOCGO INC,Health Care,Equity,1821371.66,0.0,"1,821,371.66","2,259,486.00",0.81,United States,NASDAQ,USD,1.0,USD,-
RVSB,RIVERVIEW BANCORP INC,Financials,Equity,1820827.27,0.0,"1,820,827.27","349,487.00",5.21,United States,NASDAQ,USD,1.0,USD,-
EPSN,EPSILON ENERGY LTD,Energy,Equity,1813309.34,0.0,"1,813,309.34","361,217.00",5.02,United States,NASDAQ,USD,1.0,USD,-
ATYR,ATYR PHARMA INC,Health Care,Equity,1804900.9,0.0,"1,804,900.90","2,121,915.00",0.85,United States,NASDAQ,USD,1.0,USD,-
UBFO,UNITED SECURITY BANCSHARES,Financials,Equity,1804490.8,0.0,"1,804,490.80","169,595.00",10.64,United States,NASDAQ,USD,1.0,USD,-
HFFG,HF FOODS GROUP INC,Consumer Staples,Equity,1801268.66,0.0,"1,801,268.66","928,489.00",1.94,United States,NASDAQ,USD,1.0,USD,-
DH,DEFINITIVE HEALTHCARE CORP CLASS A,Health Care,Equity,1782729.72,0.0,"1,782,729.72","781,899.00",2.28,United States,NASDAQ,USD,1.0,USD,-
CSPI,CSP INC,Information Technology,Equity,1779160.9,0.0,"1,779,160.90","159,566.00",11.15,United States,NASDAQ,USD,1.0,USD,-
NPWR,NET POWER INC CLASS A,Industrials,Equity,1777243.2,0.0,"1,777,243.20","740,518.00",2.40,United States,New York Stock Exchange Inc.,USD,1.0,USD,-
ECBK,ECB BANCORP INC,Financials,Equity,1772222.0,0.0,"1,772,222.00","101,560.00",17.45,United States,NASDAQ,USD,1.0,USD,-
EEX,EMERALD HOLDING INC,Communication,Equity,1770030.78,0.0,"1,770,030.78","366,466.00",4.83,United States,New York Stock Exchange Inc.,USD,1.0,USD,-
BRCC,BRC INC CLASS A,Consumer Staples,Equity,1755250.83,0.0,"1,755,250.83","2,125,001.00",0.83,United States,New York Stock Exchange Inc.,USD,1.0,USD,-
VIRC,VIRCO MANUFACTURING CORP,Industrials,Equity,1752393.44,0.0,"1,752,393.44","264,712.00",6.62,United States,NASDAQ,USD,1.0,USD,-
MPX,MARINE PRODUCTS CORP,Consumer Discretionary,Equity,1707559.56,0.0,"1,707,559.56","176,766.00",9.66,United States,New York Stock Exchange Inc.,USD,1.0,USD,-
TTEC,TTEC HOLDINGS INC,Industrials,Equity,1700109.09,0.0,"1,700,109.09","529,629.00",3.21,United States,NASDAQ,USD,1.0,USD,-
LAKE,LAKELAND INDUSTRIES INC,Consumer Discretionary,Equity,1694646.25,0.0,"1,694,646.25","183,205.00",9.25,United States,NASDAQ,USD,1.0,USD,-
RNAC,CARTESIAN THERAPEUTICS INC,Health Care,Equity,1688559.72,0.0,"1,688,559.72","241,914.00",6.98,United States,NASDAQ,USD,1.0,USD,-
MAPS,WM TECHNOLOGY INC CLASS A,Information Technology,Equity,1674938.81,0.0,"1,674,938.81","2,181,478.00",0.77,United States,NASDAQ,USD,1.0,USD,-
SMTI,SANARA MEDTECH INC,Health Care,Equity,1621767.42,0.0,"1,621,767.42","77,007.00",21.06,United States,NASDAQ,USD,1.0,USD,-
SSTI,SOUNDTHINKING INC,Information Technology,Equity,1611467.0,0.0,"1,611,467.00","225,380.00",7.15,United States,NASDAQ,USD,1.0,USD,-
CBNA,CHAIN BRIDGE BANCORP INC CLASS A,Financials,Equity,1593570.22,0.0,"1,593,570.22","46,582.00",34.21,United States,New York Stock Exchange Inc.,USD,1.0,USD,-
PNRG,PRIMEENERGY RESOURCES CORP,Energy,Equity,1585521.7,0.0,"1,585,521.70","8,665.00",182.98,United States,NASDAQ,USD,1.0,USD,-
AIRJ,AIRJOULE TECHNOLOGIES CORP CLASS A,Industrials,Equity,1579392.75,0.0,"1,579,392.75","485,967.00",3.25,United States,NASDAQ,USD,1.0,USD,-
FBYD,FALCON S BEYOND GLOBAL INC CLASS A,Industrials,Equity,1573765.39,0.0,"1,573,765.39","296,657.00",5.30,United States,NASDAQ,USD,1.0,USD,-
LUNG,PULMONX CORP,Health Care,Equity,1540638.4,0.0,"1,540,638.40","895,720.00",1.72,United States,NASDAQ,USD,1.0,USD,-
NRDY,NERDY INC CLASS A,Consumer Discretionary,Equity,1533992.04,0.0,"1,533,992.04","1,518,804.00",1.01,United States,New York Stock Exchange Inc.,USD,1.0,USD,-
ISPR,ISPIRE TECHNOLOGY INC,Consumer Staples,Equity,1525161.08,0.0,"1,525,161.08","440,798.00",3.46,United States,NASDAQ,USD,1.0,USD,-
SI,SHOULDER INNOVATIONS INC,Health Care,Equity,1460206.29,0.0,"1,460,206.29","102,327.00",14.27,United States,New York Stock Exchange Inc.,USD,1.0,USD,-
UNB,UNION BANKSHARES INC,Financials,Equity,1455284.84,0.0,"1,455,284.84","58,258.00",24.98,United States,NASDAQ,USD,1.0,USD,-
WALD,WALDENCAST PLC CLASS A,Consumer Staples,Equity,1447874.01,0.0,"1,447,874.01","907,758.00",1.60,United States,NASDAQ,USD,1.0,USD,-
SFBC,SOUND FINANCIAL BANCORP INC,Financials,Equity,1433264.22,0.0,"1,433,264.22","32,589.00",43.98,United States,NASDAQ,USD,1.0,USD,-
PAMT,PAMT CORP,Industrials,Equity,1431026.32,0.0,"1,431,026.32","129,154.00",11.08,United States,NASDAQ,USD,1.0,USD,-
BTMD,BIOTE CORP CLASS A,Health Care,Equity,1417924.97,0.0,"1,417,924.97","678,433.00",2.09,United States,NASDAQ,USD,1.0,USD,-
LFVN,LIFEVANTAGE CORP,Consumer Staples,Equity,1331928.78,0.0,"1,331,928.78","243,943.00",5.46,United States,NASDAQ,USD,1.0,USD,-
INH,INHIBRX INC CVR,Health Care,Equity,1318763.76,0.0,"1,318,763.76","794,436.00",1.66,United States,NO MARKET (E.G. UNLISTED),USD,1.0,USD,-
RXT,RACKSPACE TECHNOLOGY INC,Information Technology,Equity,1303792.59,0.0,"1,303,792.59","2,063,616.00",0.63,United States,NASDAQ,USD,1.0,USD,-
MYPS,PLAYSTUDIOS INC CLASS A,Communication,Equity,1238960.74,0.0,"1,238,960.74","2,053,980.00",0.60,United States,NASDAQ,USD,1.0,USD,-
AIRS,AIRSCULPT TECHNOLOGIES INC,Health Care,Equity,1206518.9,0.0,"1,206,518.90","416,041.00",2.90,United States,NASDAQ,USD,1.0,USD,-
NL,NL INDUSTRIES INC,Industrials,Equity,1203789.87,0.0,"1,203,789.87","193,847.00",6.21,United States,New York Stock Exchange Inc.,USD,1.0,USD,-
SKIL,SKILLSOFT CORP CLASS A,Industrials,Equity,1202459.28,0.0,"1,202,459.28","124,221.00",9.68,United States,New York Stock Exchange Inc.,USD,1.0,USD,-
HQI,HIREQUEST INC,Industrials,Equity,1194143.4,0.0,"1,194,143.40","104,292.00",11.45,United States,NASDAQ,USD,1.0,USD,-
TUSK,MAMMOTH ENERGY SERVICES INC,Energy,Equity,1186770.78,0.0,"1,186,770.78","507,167.00",2.34,United States,NASDAQ,USD,1.0,USD,-
AREN,ARENA GROUP HLDGS INC,Communication,Equity,1179051.22,0.0,"1,179,051.22","303,098.00",3.89,United States,Nyse Mkt Llc,USD,1.0,USD,-
RCEL,AVITA MEDICAL INC,Health Care,Equity,1168013.48,0.0,"1,168,013.48","267,893.00",4.36,United States,NASDAQ,USD,1.0,USD,-
PROP,PRAIRIE OPERATING,Energy,Equity,1159178.04,0.0,"1,159,178.04","623,214.00",1.86,United States,NASDAQ,USD,1.0,USD,-
GAIA,GAIA INC CLASS A,Communication,Equity,1150706.69,0.0,"1,150,706.69","335,483.00",3.43,United States,NASDAQ,USD,1.0,USD,-
AKE,AKERO THERAPEUTICS CVR,Health Care,Equity,1125266.35,0.0,"1,125,266.35","1,731,179.00",0.65,United States,NASDAQ,USD,1.0,USD,-
CLPR,CLIPPER REALTY INC,Real Estate,Equity,1104776.25,0.0,"1,104,776.25","320,225.00",3.45,United States,New York Stock Exchange Inc.,USD,1.0,USD,-
AVBH,AVIDBANK HOLDINGS INC,Financials,Equity,1062546.08,0.0,"1,062,546.08","38,512.00",27.59,United States,NASDAQ,USD,1.0,USD,-
FTLF,FITLIFE BRANDS INC,Consumer Staples,Equity,1061157.66,0.0,"1,061,157.66","67,247.00",15.78,United States,NASDAQ,USD,1.0,USD,-
LFT,LUMENT FINANCE TRUST INC,Financials,Equity,980900.35,0.0,"980,900.35","676,483.00",1.45,United States,New York Stock Exchange Inc.,USD,1.0,USD,-
SWKH,SWK HOLDINGS CORP,Financials,Equity,964025.25,0.0,"964,025.25","55,245.00",17.45,United States,NASDAQ,USD,1.0,USD,-
VHI,VALHI INC,Materials,Equity,928241.28,0.0,"928,241.28","66,684.00",13.92,United States,New York Stock Exchange Inc.,USD,1.0,USD,-
OPAL,OPAL FUELS INC CLASS A,Energy,Equity,924406.34,0.0,"924,406.34","365,378.00",2.53,United States,NASDAQ,USD,1.0,USD,-
EP,EMPIRE PETROLEUM CORP,Energy,Equity,910557.9,0.0,"910,557.90","319,494.00",2.85,United States,Nyse Mkt Llc,USD,1.0,USD,-
CURV,TORRID HOLDINGS INC,Consumer Discretionary,Equity,876106.24,0.0,"876,106.24","755,264.00",1.16,United States,New York Stock Exchange Inc.,USD,1.0,USD,-
MKTW,MARKETWISE INC CLASS A,Financials,Equity,872377.36,0.0,"872,377.36","52,648.00",16.57,United States,NASDAQ,USD,1.0,USD,-
ACTU,ACTUATE THERAPEUTICS INC,Health Care,Equity,867320.46,0.0,"867,320.46","182,979.00",4.74,United States,NASDAQ,USD,1.0,USD,-
SBC,SBC MEDICAL GROUP HOLDINGS INC,Health Care,Equity,865128.06,0.0,"865,128.06","204,522.00",4.23,United States,NASDAQ,USD,1.0,USD,-
SIEB,SIEBERT FINANCIAL CORP,Financials,Equity,864881.1,0.0,"864,881.10","297,210.00",2.91,United States,NASDAQ,USD,1.0,USD,-
SVCO,SILVACO GROUP INC,Information Technology,Equity,861461.52,0.0,"861,461.52","188,917.00",4.56,United States,NASDAQ,USD,1.0,USD,-
COOK,TRAEGER INC,Consumer Discretionary,Equity,856938.39,0.0,"856,938.39","800,877.00",1.07,United States,New York Stock Exchange Inc.,USD,1.0,USD,-
TZOO,TRAVELZOO,Communication,Equity,778580.64,0.0,"778,580.64","131,517.00",5.92,United States,NASDAQ,USD,1.0,USD,-
VALU,VALUE LINE INC,Financials,Equity,762302.4,0.0,"762,302.40","20,274.00",37.60,United States,NASDAQ,USD,1.0,USD,-
TKNO,ALPHA TEKNOVA INC,Health Care,Equity,715336.36,0.0,"715,336.36","251,879.00",2.84,United States,NASDAQ,USD,1.0,USD,-
CIX,COMPX INTERNATIONAL INC CLASS A,Industrials,Equity,690340.36,0.0,"690,340.36","29,116.00",23.71,United States,Nyse Mkt Llc,USD,1.0,USD,-
NXXT,NEXTNRG INC,Energy,Equity,690317.33,0.0,"690,317.33","670,211.00",1.03,United States,NASDAQ,USD,1.0,USD,-
INMB,INMUNE BIO INC,Health Care,Equity,640177.2,0.0,"640,177.20","410,370.00",1.56,United States,NASDAQ,USD,1.0,USD,-
KG,KESTREL GROUP LTD,Financials,Equity,640129.44,0.0,"640,129.44","61,968.00",10.33,United States,NASDAQ,USD,1.0,USD,-
MYO,MYOMO INC,Health Care,Equity,625702.85,0.0,"625,702.85","736,121.00",0.85,United States,Nyse Mkt Llc,USD,1.0,USD,-
TVRD,TVARDI THERAPEUTICS INC,Health Care,Equity,623204.4,0.0,"623,204.40","159,796.00",3.90,United States,NASDAQ,USD,1.0,USD,-
TEAD,TEADS HOLDING,Communication,Equity,622288.22,0.0,"622,288.22","932,826.00",0.67,United States,NASDAQ,USD,1.0,USD,-
SEAT,VIVID SEATS INC CLASS A,Communication,Equity,611335.56,0.0,"611,335.56","84,206.00",7.26,United States,NASDAQ,USD,1.0,USD,-
BEEP,MOBILE INFRASTRUCTURE CORP,Industrials,Equity,603838.48,0.0,"603,838.48","206,794.00",2.92,United States,NASDAQ,USD,1.0,USD,-
RBKB,RHINEBECK BANCORP INC,Financials,Equity,596570.8,0.0,"596,570.80","50,132.00",11.90,United States,NASDAQ,USD,1.0,USD,-
ARL,AMERICAN REALTY INVESTORS INC,Real Estate,Equity,539622.04,0.0,"539,622.04","30,214.00",17.86,United States,New York Stock Exchange Inc.,USD,1.0,USD,-
CV,CAPSOVISION INC,Health Care,Equity,499940.8,0.0,"499,940.80","92,240.00",5.42,United States,NASDAQ,USD,1.0,USD,-
NEON,NEONODE INC,Information Technology,Equity,477726.34,0.0,"477,726.34","262,487.00",1.82,Sweden,NASDAQ,USD,1.0,USD,-
AFRI,FORAFRIC GLOBAL PLC,Consumer Staples,Equity,466367.5,0.0,"466,367.50","46,175.00",10.10,Gibraltar,NASDAQ,USD,1.0,USD,-
SLSN,SOLESENCE INC,Materials,Equity,433858.92,0.0,"433,858.92","328,681.00",1.32,United States,NASDAQ,USD,1.0,USD,-
VRM,VROOM INC,Financials,Equity,387365.5,0.0,"387,365.50","18,017.00",21.50,United States,NASDAQ,USD,1.0,USD,-
TSE,TRINSEO PLC,Materials,Equity,370770.72,0.0,"370,770.72","772,439.00",0.48,United States,New York Stock Exchange Inc.,USD,1.0,USD,-
SLND,SOUTHLAND HOLDINGS INC,Industrials,Equity,343594.11,0.0,"343,594.11","189,831.00",1.81,United States,Nyse Mkt Llc,USD,1.0,USD,-
HURA,TUHURA BIOSCIENCES INC,Health Care,Equity,299261.52,0.0,"299,261.52","533,443.00",0.56,United States,NASDAQ,USD,1.0,USD,-
GMGI,GOLDEN MATRIX GROUP INC,Communication,Equity,265647.4,0.0,"265,647.40","385,835.00",0.69,United States,NASDAQ,USD,1.0,USD,-
GOCO,GOHEALTH INC CLASS A,Financials,Equity,260724.2,0.0,"260,724.20","118,511.00",2.20,United States,NASDAQ,USD,1.0,USD,-
ADRO,CHINOOK THERAPEUTICS INC,Health Care,Equity,223817.75,0.0,"223,817.75","1,316,575.00",0.17,United States,NO MARKET (E.G. UNLISTED),USD,1.0,USD,-
VGAS,VERDE CLEAN FUELS INC CLASS A,Energy,Equity,166015.84,0.0,"166,015.84","84,272.00",1.97,United States,NASDAQ,USD,1.0,USD,-
TVGN,TEVOGEN BIO HOLDINGS INC,Health Care,Equity,146101.42,0.0,"146,101.42","489,452.00",0.30,United States,NASDAQ,USD,1.0,USD,-
ADRO,CHINOOK THERAPEUTICS INC CVR,Health Care,Equity,138892.89,0.0,"138,892.89","272,339.00",0.51,United States,NO MARKET (E.G. UNLISTED),USD,1.0,USD,-
SAFX,XCF GLOBAL INC CLASS A,Energy,Equity,92902.25,0.0,"92,902.25","530,870.00",0.17,United States,NASDAQ,USD,1.0,USD,-
ZSPC,ZSPACE,Consumer Discretionary,Equity,28332.74,0.0,"28,332.74","60,027.00",0.47,United States,NASDAQ,USD,1.0,USD,-
THRD,THIRD HARMONIC BIO INC,Health Care,Equity,18103.44,0.0,"18,103.44","603,448.00",0.03,United States,NASDAQ,USD,1.0,USD,-
SBT,STERLING BANCORP INC,Financials,Equity,5.81,0.0,5.81,"580,763.00",0.00,United States,NASDAQ,USD,1.0,USD,-
P5N994,Petrocorp Inc Escrow,Energy,Equity,0.26,0.0,0.26,"26,106.00",0.00,United States,Non-Nms Quotation Service (Nnqs),USD,1.0,USD,-
GTXI,GTXI INC - CVR,Health Care,Equity,0.13,0.0,0.13,"13,273.00",0.00,United States,NASDAQ,USD,1.0,USD,-
PDLI,PDL BIOPHARMA INC,Health Care,Equity,0.12,0.0,0.12,"11,853.00",0.00,United States,NASDAQ,USD,1.0,USD,-
CAD,CAD CASH,Cash and/or Derivatives,Cash,0.01,0.0,0.01,0.00,73.77,Canada,-,USD,1.36,CAD,-
RTYH6,RUSSELL 2000 EMINI CME MAR 26,Cash and/or Derivatives,Futures,0.0,0.0,"156,915,490.00","1,178.00","2,664.10",-,Chicago Mercantile Exchange,USD,1.0,USD,-
"The content contained herein is owned or licensed by BlackRock and/or its third-party information providers and is protected by applicable copyrights, trademarks, service marks, and/or other intellectual property rights. Such content is solely for your personal, non-commercial use. Accordingly, you may not copy, distribute, modify, post, frame or deep link this content. You may download material displayed on this Website for your personal use provided you also retain all copyright and other proprietary notices contained on the materials. Modification or use of the materials for any other purpose violates BlackRock's intellectual property rights.
Holdings subject to change. See www.iShares.com for the most recent funds holdings.
The values for “price” shown herein generally represent a price provided by a third-party pricing vendor for the portfolio holding and do not reflect the impact of systematic fair valuation (“the vendor price”). The vendor price is not necessarily the price at which the Fund values the portfolio holding for the purposes of determining its net asset value (the “valuation price”). Additionally, where applicable, foreign currency exchange rates with respect to the portfolio holdings denominated in non-U.S. currencies for the valuation price will be generally determined as of the close of business on the New York Stock Exchange, whereas for the vendor price will be generally determined as of 4 p.m. London. The values shown herein for “market value,” “weight,” and “notional value” (the “calculated values”) are based off of the vendor price and may have been different if the valuation price were to have been used to calculate such values. The vendor price is as of the most recent practicable date and may not necessarily be as of the date shown above.
Please see the “Determination of Net Asset Value” section of each Fund’s prospectus for additional information on the Fund’s valuation policies and procedures.
CAREFULLY CONSIDER THE FUNDS' INVESTMENT OBJECTIVES, RISK FACTORS, AND CHARGES AND EXPENSES BEFORE INVESTING. THIS AND OTHER INFORMATION CAN BE FOUND IN THE FUNDS' PROSPECTUSES OR, IF AVAILABLE, THE SUMMARY PROSPECTUSES WHICH MAY BE OBTAINED BY VISITING WWW.ISHARES.COM OR WWW.BLACKROCK.COM. READ THE PROSPECTUS CAREFULLY BEFORE INVESTING. INVESTING INVOLVES RISK, INCLUDING POSSIBLE LOSS OF PRINCIPAL.
This information should not be relied upon as research, investment advice, or a recommendation regarding any products, strategies, or any security in particular.
This material is strictly for illustrative, educational, or informational purposes and is subject to change.
The Funds are distributed by BlackRock Investments, LLC (together with its affiliates, “BlackRock”).
The iShares Funds are not sponsored, endorsed, issued, sold or promoted by Bloomberg, BlackRock Index Services, LLC, Cboe Global Indices, LLC, Cohen & Steers, European Public Real Estate Association (“EPRA® ”), FTSE International Limited (“FTSE”), ICE Data Indices, LLC, NSE Indices Ltd, JPMorgan, JPX Group, London Stock Exchange Group (“LSEG”), MSCI Inc., Markit Indices Limited, Morningstar, Inc., Nasdaq, Inc., National Association of Real Estate Investment Trusts (“NAREIT”), Nikkei, Inc., Russell, S&P Dow Jones Indices LLC or STOXX Ltd. None of these companies make any representation regarding the advisability of investing in the Funds. With the exception of BlackRock Index Services, LLC, who is an affiliate, BlackRock Investments, LLC is not affiliated with the companies listed above. Neither FTSE, LSEG, nor NAREIT makes any warranty regarding the FTSE Nareit Equity REITS Index, FTSE Nareit All Residential Capped Index or FTSE Nareit All Mortgage Capped Index. Neither FTSE, EPRA, LSEG, nor NAREIT makes any warranty regarding the FTSE EPRA Nareit Developed ex-U.S. Index, FTSE EPRA Nareit Developed Green Target Index or FTSE EPRA Nareit Global REITs Index. “FTSE®” is a trademark of London Stock Exchange Group companies and is used by FTSE under license.
©2023 BlackRock, Inc or its affiliates. All rights reserved. iSHARES, iBONDS and BLACKROCK are trademarks of BlackRock, Inc. or its affiliates. All other trademarks are those of their respective owners.",,,,,,,,,,,,,,
