As-Of-Date,Symbol,Quantity,Percent of Assets,Name,BBG FIGI,Country,Currency,Exchange,Exchange (fx) Rate,Market Currency,Sector
2025-12-26,SNDK,667159.0000000000,0.8465058520,SANDISK CORP,BBG01S1DBBT9,US,USD,XNGS,1.0000000000,USD,Information Technology
2025-12-26,LITE,339580.0000000000,0.6821363607,LUMENTUM HOLDINGS INC,BBG0073F9SD2,US,USD,XNGS,1.0000000000,USD,Information Technology
2025-12-26,RKT,4632564.0000000000,0.4571541732,ROCKET COMPANIES INC CLASS A,BBG00VY1MZ09,US,USD,XNYS,1.0000000000,USD,Financials
2025-12-26,ATI,650870.0000000000,0.3851797265,ATI INC,BBG000LC2KK0,US,USD,XNYS,1.0000000000,USD,Industrials
2025-12-26,RVMD,870552.0000000000,0.3586071250,REVOLUTION MEDICINES INC,BBG00RFFGV40,US,USD,XNGS,1.0000000000,USD,Health Care
2025-12-26,SATS,644882.0000000000,0.3499312265,ECHOSTAR CORP CLASS A,BBG000TGM196,US,USD,XNGS,1.0000000000,USD,Communication Services
2025-12-26,NXT,710863.0000000000,0.3287849136,NEXTPOWER INC CLASS A,BBG01DZ9ZJ75,US,USD,XNGS,1.0000000000,USD,Industrials
2025-12-26,HL,3210177.0000000000,0.3229783028,HECLA MINING,BBG000BL5Y00,US,USD,XNYS,1.0000000000,USD,Materials
2025-12-26,GH,619779.0000000000,0.3219390344,GUARDANT HEALTH INC,BBG00LXPDX04,US,USD,XNGS,1.0000000000,USD,Health Care
2025-12-26,MLI,531824.0000000000,0.3192623810,MUELLER INDUSTRIES INC,BBG000C6W649,US,USD,XNYS,1.0000000000,USD,Industrials
2025-12-26,IONS,775953.0000000000,0.3175129502,IONIS PHARMACEUTICALS INC,BBG000JH7N58,US,USD,XNGS,1.0000000000,USD,Health Care
2025-12-26,BBIO,812500.0000000000,0.3154835637,BRIDGEBIO PHARMA INC,BBG00PF2LY41,US,USD,XNGS,1.0000000000,USD,Health Care
2025-12-26,IOT,1670693.0000000000,0.3099020828,SAMSARA INC CLASS A,BBG012CPBT09,US,USD,XNYS,1.0000000000,USD,Information Technology
2025-12-26,CDE,3076610.0000000000,0.2922132784,COEUR MINING INC,BBG000BF8VT5,US,USD,XNYS,1.0000000000,USD,Materials
2025-12-26,NYT,774008.0000000000,0.2788602531,NEW YORK TIMES CLASS A,BBG000FFD4B4,US,USD,XNYS,1.0000000000,USD,Communication Services
2025-12-26,MTSI,306814.0000000000,0.2736783241,MACOM TECHNOLOGY SOLUTIONS INC,BBG001YF9SP8,US,USD,XNGS,1.0000000000,USD,Information Technology
2025-12-26,MDGL,89215.0000000000,0.2728645945,MADRIGAL PHARMACEUTICALS INC,BBG000QS6VW9,US,USD,XNGS,1.0000000000,USD,Health Care
2025-12-26,MKSI,321780.0000000000,0.2667673991,MKS INC,BBG000BVMR86,US,USD,XNGS,1.0000000000,USD,Information Technology
2025-12-26,W,512019.0000000000,0.2616256547,WAYFAIR INC CLASS A,BBG006Z593Q2,US,USD,XNYS,1.0000000000,USD,Consumer Discretionary
2025-12-26,FIVE,264178.0000000000,0.2528838836,FIVE BELOW INC,BBG002WLHWX8,US,USD,XNGS,1.0000000000,USD,Consumer Discretionary
2025-12-26,SPXC,238973.0000000000,0.2527754482,SPX TECHNOLOGIES INC,BBG000BTGFC9,US,USD,XNYS,1.0000000000,USD,Industrials
2025-12-26,RNA,678519.0000000000,0.2484852110,AVIDITY BIOSCIENCES INC,BBG00V1L43Z4,US,USD,XNMS,1.0000000000,USD,Health Care
2025-12-26,RMBS,515708.0000000000,0.2472096434,RAMBUS INC,BBG000BR3C43,US,USD,XNGS,1.0000000000,USD,Information Technology
2025-12-26,ENSG,275725.0000000000,0.2471360076,ENSIGN GROUP INC,BBG000K1VTD2,US,USD,XNGS,1.0000000000,USD,Health Care
2025-12-26,DY,138707.0000000000,0.2451874180,DYCOM INDUSTRIES INC,BBG000C4SQ18,US,USD,XNYS,1.0000000000,USD,Industrials
2025-12-26,AIT,180692.0000000000,0.2423299183,APPLIED INDUSTRIAL TECHNOLOGIES IN,BBG000BBHK72,US,USD,XNYS,1.0000000000,USD,Industrials
2025-12-26,GMED,534042.0000000000,0.2396054509,GLOBUS MEDICAL INC CLASS A,BBG002V87SJ4,US,USD,XNYS,1.0000000000,USD,Health Care
2025-12-26,ARWR,662763.0000000000,0.2357544382,ARROWHEAD PHARMACEUTICALS INC,BBG000BRVV95,US,USD,XNGS,1.0000000000,USD,Health Care
2025-12-26,SSB,481527.0000000000,0.2351489463,SOUTHSTATE BANK CORP,BBG000BNQ0V3,US,USD,XNYS,1.0000000000,USD,Financials
2025-12-26,STRL,147160.0000000000,0.2344450579,STERLING INFRASTRUCTURE INC,BBG000JD7618,US,USD,XNGS,1.0000000000,USD,Industrials
2025-12-26,WTFC,320831.0000000000,0.2339457654,WINTRUST FINANCIAL CORP,BBG000HD4TH6,US,USD,XNGS,1.0000000000,USD,Financials
2025-12-26,FYBR,1199270.0000000000,0.2320701664,FRONTIER COMMUNICATIONS PARENT INC,BBG010MVWZ75,US,USD,XNGS,1.0000000000,USD,Communication Services
2025-12-26,QBTS,1660992.0000000000,0.2319196919,D WAVE QUANTUM INC,BBG0192YCGB1,US,USD,XNYS,1.0000000000,USD,Information Technology
2025-12-26,PLNT,397538.0000000000,0.2217662931,PLANET FITNESS INC CLASS A,BBG009H04M71,US,USD,XNYS,1.0000000000,USD,Consumer Discretionary
2025-12-26,GTLS,211706.0000000000,0.2212267834,CHART INDUSTRIES INC,BBG000P1K5N0,US,USD,XNYS,1.0000000000,USD,Industrials
2025-12-26,FLS,608962.0000000000,0.2203242419,FLOWSERVE CORP,BBG000FFH7Y8,US,USD,XNYS,1.0000000000,USD,Industrials
2025-12-26,CFLT,1431173.0000000000,0.2188552844,CONFLUENT INC CLASS A,BBG011B9MN81,US,USD,XNGS,1.0000000000,USD,Information Technology
2025-12-26,AHR,847496.0000000000,0.2081156184,AMERICAN HEALTHCARE REIT INC,BBG01L820D37,US,USD,XNYS,1.0000000000,USD,Real Estate
2025-12-26,COLB,1432969.0000000000,0.2080789174,COLUMBIA BANKING SYSTEM INC,BBG000CTH780,US,USD,XNGS,1.0000000000,USD,Financials
2025-12-26,UMBF,342038.0000000000,0.2063373592,UMB FINANCIAL CORP,BBG000DD95N0,US,USD,XNGS,1.0000000000,USD,Financials
2025-12-26,IDCC,123334.0000000000,0.2054604646,INTERDIGITAL INC,BBG000HLJS75,US,USD,XNGS,1.0000000000,USD,Information Technology
2025-12-26,TPG,617600.0000000000,0.2042725091,TPG INC CLASS A,BBG0145FSNR1,US,USD,XNGS,1.0000000000,USD,Financials
2025-12-26,SANM,261394.0000000000,0.2042652024,SANMINA CORP,BBG000BHC504,US,USD,XNGS,1.0000000000,USD,Information Technology
2025-12-26,BPOP,319413.0000000000,0.2041138219,POPULAR INC,BBG000BDNQ32,PR,USD,XNGS,1.0000000000,USD,Financials
2025-12-26,AXS,369058.0000000000,0.2040437186,AXIS CAPITAL HOLDINGS LTD,BBG000FLFB23,BM,USD,XNYS,1.0000000000,USD,Financials
2025-12-26,ALSN,398717.0000000000,0.2039139513,ALLISON TRANSMISSION HOLDINGS INC,BBG001KY3881,US,USD,XNYS,1.0000000000,USD,Industrials
2025-12-26,PRI,152897.0000000000,0.2033700744,PRIMERICA INC,BBG000T8ZGB4,US,USD,XNYS,1.0000000000,USD,Financials
2025-12-26,BMNR,1364085.0000000000,0.2031286555,BITMINE IMMERSION TECHNOLOGIES INC,BBG000BWFLK1,US,USD,XASE,1.0000000000,USD,Information Technology
2025-12-26,ADC,549674.0000000000,0.2019135276,AGREE REALTY REIT CORP,BBG000BC9H21,US,USD,XNYS,1.0000000000,USD,Real Estate
2025-12-26,SITM,105109.0000000000,0.2016200772,SITIME CORP,BBG00QNSY1P8,US,USD,XNMS,1.0000000000,USD,Information Technology
2025-12-26,UGI,1029615.0000000000,0.2007552449,UGI CORP,BBG000BVYRN6,US,USD,XNYS,1.0000000000,USD,Utilities
2025-12-26,AWI,206609.0000000000,0.2006063830,ARMSTRONG WORLD INDUSTRIES INC,BBG000DW4N45,US,USD,XNYS,1.0000000000,USD,Industrials
2025-12-26,CTRE,1069741.0000000000,0.2005463394,CARETRUST REIT INC,BBG006H11HN1,US,USD,XNYS,1.0000000000,USD,Real Estate
2025-12-26,OSK,303025.0000000000,0.2005291945,OSHKOSH CORP,BBG000CC67K5,US,USD,XNYS,1.0000000000,USD,Industrials
2025-12-26,VMI,94375.0000000000,0.1998671727,VALMONT INDS INC,BBG000BWBBX3,US,USD,XNYS,1.0000000000,USD,Industrials
2025-12-26,AEIS,180995.0000000000,0.1994839848,ADVANCED ENERGY INDUSTRIES INC,BBG000FKP386,US,USD,XNGS,1.0000000000,USD,Information Technology
2025-12-26,AMG,134755.0000000000,0.1990460226,AFFILIATED MANAGERS GROUP INC,BBG000C06204,US,USD,XNYS,1.0000000000,USD,Financials
2025-12-26,CADE,892350.0000000000,0.1985754294,CADENCE BANK,BBG00HQ07XC0,US,USD,XNYS,1.0000000000,USD,Financials
2025-12-26,BROS,608555.0000000000,0.1979153686,DUTCH BROS INC CLASS A,BBG01282ZHB3,US,USD,XNYS,1.0000000000,USD,Consumer Discretionary
2025-12-26,OMF,564007.0000000000,0.1973632896,ONEMAIN HOLDINGS INC,BBG005497H63,US,USD,XNYS,1.0000000000,USD,Financials
2025-12-26,RGTI,1581023.0000000000,0.1966088913,RIGETTI COMPUTING INC,BBG00Z911SF1,US,USD,XNCM,1.0000000000,USD,Information Technology
2025-12-26,BRX,1466403.0000000000,0.1961193302,BRIXMOR PROPERTY GROUP REIT INC,BBG004V7PD50,US,USD,XNYS,1.0000000000,USD,Real Estate
2025-12-26,JBTM,248972.0000000000,0.1959349728,JBT MAREL CORP,BBG000VLBDN2,US,USD,XNYS,1.0000000000,USD,Industrials
2025-12-26,HALO,562781.0000000000,0.1953352723,HALOZYME THERAPEUTICS INC,BBG000CZB639,US,USD,XNGS,1.0000000000,USD,Health Care
2025-12-26,ONB,1666113.0000000000,0.1949330199,OLD NATIONAL BANCORP,BBG000KFWH00,US,USD,XNGS,1.0000000000,USD,Financials
2025-12-26,R,193430.0000000000,0.1940912247,RYDER SYSTEM INC,BBG000BRVRS3,US,USD,XNYS,1.0000000000,USD,Industrials
2025-12-26,HQY,413131.0000000000,0.1937833033,HEALTHEQUITY INC,BBG006MJJRM6,US,USD,XNGS,1.0000000000,USD,Health Care
2025-12-26,ONTO,234792.0000000000,0.1928166292,ONTO INNOVATION INC,BBG000BPRQ59,US,USD,XNYS,1.0000000000,USD,Information Technology
2025-12-26,SOLS,760398.0000000000,0.1913955552,SOLSTICE ADVANCED MATERIALS INC,BBG01XV8DYD1,US,USD,XNGS,1.0000000000,USD,Materials
2025-12-26,CMC,531603.0000000000,0.1907981387,COMMERCIAL METALS,BBG000BFSPW2,US,USD,XNYS,1.0000000000,USD,Materials
2025-12-26,CLF,2729239.0000000000,0.1903995518,CLEVELAND CLIFFS INC,BBG000BFRH97,US,USD,XNYS,1.0000000000,USD,Materials
2025-12-26,CORT,448858.0000000000,0.1903640563,CORCEPT THERAPEUTICS INC,BBG000BKJN74,US,USD,XNCM,1.0000000000,USD,Health Care
2025-12-26,LYFT,1913141.0000000000,0.1903470839,LYFT INC CLASS A,BBG00MRH6CX5,US,USD,XNGS,1.0000000000,USD,Industrials
2025-12-26,PNFP,368488.0000000000,0.1893888687,PINNACLE FINANCIAL PARTNERS INC,BBG000C1XV99,US,USD,XNGS,1.0000000000,USD,Financials
2025-12-26,LNC,809831.0000000000,0.1890463452,LINCOLN NATIONAL CORP,BBG000BNC5M7,US,USD,XNYS,1.0000000000,USD,Financials
2025-12-26,WTS,131296.0000000000,0.1890205491,WATTS WATER TECHNOLOGIES INC CLASS,BBG000C4Z7X7,US,USD,XNYS,1.0000000000,USD,Industrials
2025-12-26,CYTK,578625.0000000000,0.1884163392,CYTOKINETICS INC,BBG000F0TJX3,US,USD,XNGS,1.0000000000,USD,Health Care
2025-12-26,FR,634381.0000000000,0.1880326968,FIRST INDUSTRIAL REALTY TRUST INC,BBG000CKGGX2,US,USD,XNYS,1.0000000000,USD,Real Estate
2025-12-26,TTMI,495018.0000000000,0.1823137578,TTM TECHNOLOGIES INC,BBG000BYQ9Y7,US,USD,XNGS,1.0000000000,USD,Information Technology
2025-12-26,JXN,325617.0000000000,0.1792497109,JACKSON FINANCIAL INC CLASS A,BBG010JMHC40,US,USD,XNYS,1.0000000000,USD,Financials
2025-12-26,NFG,432898.0000000000,0.1791805789,NATIONAL FUEL GAS,BBG000BPYH33,US,USD,XNYS,1.0000000000,USD,Utilities
2025-12-26,SNV,665017.0000000000,0.1786908764,SYNOVUS FINANCIAL CORP,BBG000BLP217,US,USD,XNYS,1.0000000000,USD,Financials
2025-12-26,LUMN,4520375.0000000000,0.1782038729,LUMEN TECHNOLOGIES INC,BBG000BGLXZ7,US,USD,XNYS,1.0000000000,USD,Communication Services
2025-12-26,MOD,252220.0000000000,0.1760710877,MODINE MANUFACTURING,BBG000BP7F64,US,USD,XNYS,1.0000000000,USD,Industrials
2025-12-26,PATH,2020767.0000000000,0.1759361887,UIPATH INC CLASS A,BBG00ZTZJS92,US,USD,XNYS,1.0000000000,USD,Information Technology
2025-12-26,HIMS,998385.0000000000,0.1756198267,HIMS HERS HEALTH INC CLASS A,BBG00Q53VYR2,US,USD,XNYS,1.0000000000,USD,Health Care
2025-12-26,CHWY,1078124.0000000000,0.1747677244,CHEWY INC CLASS A,BBG00P19DL39,US,USD,XNYS,1.0000000000,USD,Consumer Discretionary
2025-12-26,MOGA,136168.0000000000,0.1745484579,MOOG INC CLASS A,BBG000BP7SD8,US,USD,XNYS,1.0000000000,USD,Industrials
2025-12-26,ZWS,713524.0000000000,0.1735876613,ZURN ELKAY WATER SOLUTIONS CORP,BBG001QFMKM2,US,USD,XNYS,1.0000000000,USD,Industrials
2025-12-26,INGR,304347.0000000000,0.1714320045,INGREDION INC,BBG000BXQ1T2,US,USD,XNYS,1.0000000000,USD,Consumer Staples
2025-12-26,PRIM,258846.0000000000,0.1701114235,PRIMORIS SERVICES CORP,BBG000BBM1H7,US,USD,XNYS,1.0000000000,USD,Industrials
2025-12-26,CWAN,1381580.0000000000,0.1695639641,CLEARWATER ANALYTICS HOLDINGS INC,BBG012FFPZ72,US,USD,XNYS,1.0000000000,USD,Information Technology
2025-12-26,STAG,894645.0000000000,0.1694456344,STAG INDUSTRIAL REIT INC,BBG000BGLH82,US,USD,XNYS,1.0000000000,USD,Real Estate
2025-12-26,ORA,291182.0000000000,0.1690246967,ORMAT TECH INC,BBG000Q5BSH7,US,USD,XNYS,1.0000000000,USD,Utilities
2025-12-26,FSS,291312.0000000000,0.1687749946,FEDERAL SIGNAL CORP,BBG000BJXYN9,US,USD,XNYS,1.0000000000,USD,Industrials
2025-12-26,H,200338.0000000000,0.1682017466,HYATT HOTELS CORP CLASS A,BBG000CVRH82,US,USD,XNYS,1.0000000000,USD,Consumer Discretionary
2025-12-26,SSD,198614.0000000000,0.1678929954,SIMPSON MANUFACTURING INC,BBG000JLCF05,US,USD,XNYS,1.0000000000,USD,Industrials
2025-12-26,IDA,258908.0000000000,0.1677613954,IDACORP INC,BBG000BLR5Q1,US,USD,XNYS,1.0000000000,USD,Utilities
2025-12-26,EXLS,760273.0000000000,0.1670240918,EXLSERVICE HOLDINGS INC,BBG000NS3Y68,US,USD,XNGS,1.0000000000,USD,Industrials
2025-12-26,EXP,153606.0000000000,0.1667019268,EAGLE MATERIALS INC,BBG000BJW438,US,USD,XNYS,1.0000000000,USD,Materials
2025-12-26,RYTM,291382.0000000000,0.1659770715,RHYTHM PHARMACEUTICALS INC,BBG00HMVG5L7,US,USD,XNMS,1.0000000000,USD,Health Care
2025-12-26,OLLI,293712.0000000000,0.1656948750,OLLIES BARGAIN OUTLET HOLDINGS INC,BBG009DTD4K7,US,USD,XNMS,1.0000000000,USD,Consumer Discretionary
2025-12-26,PB,455069.0000000000,0.1641142627,PROSPERITY BANCSHARES INC,BBG000BHY760,US,USD,XNYS,1.0000000000,USD,Financials
2025-12-26,AL,503296.0000000000,0.1639381998,AIR LEASE CORP CLASS A,BBG001DKFMS3,US,USD,XNYS,1.0000000000,USD,Industrials
2025-12-26,EAT,212851.0000000000,0.1630268875,BRINKER INTERNATIONAL INC,BBG000BK2BB3,US,USD,XNYS,1.0000000000,USD,Consumer Discretionary
2025-12-26,GKOS,275299.0000000000,0.1629197743,GLAUKOS CORP,BBG008NZ7B25,US,USD,XNYS,1.0000000000,USD,Health Care
2025-12-26,MTG,1071854.0000000000,0.1616240902,MGIC INVESTMENT CORP,BBG000CBMKY5,US,USD,XNYS,1.0000000000,USD,Financials
2025-12-26,THG,170469.0000000000,0.1610188673,HANOVER INSURANCE GROUP INC,BBG000FJHC42,US,USD,XNYS,1.0000000000,USD,Financials
2025-12-26,FLR,772163.0000000000,0.1603904408,FLUOR CORP,BBG000BB1WB8,US,USD,XNYS,1.0000000000,USD,Industrials
2025-12-26,SMTC,416037.0000000000,0.1594733362,SEMTECH CORP,BBG000DBN4F0,US,USD,XNGS,1.0000000000,USD,Information Technology
2025-12-26,ESAB,273392.0000000000,0.1585038022,ESAB CORP,BBG0162JFDZ8,US,USD,XNYS,1.0000000000,USD,Industrials
2025-12-26,AXSM,202865.0000000000,0.1581368483,AXSOME THERAPEUTICS INC,BBG00B6G7GT9,US,USD,XNMS,1.0000000000,USD,Health Care
2025-12-26,LFUS,119415.0000000000,0.1578477070,LITTELFUSE INC,BBG000BGFS30,US,USD,XNGS,1.0000000000,USD,Information Technology
2025-12-26,KRYS,123666.0000000000,0.1576693129,KRYSTAL BIOTECH INC,BBG00HJJ4P46,US,USD,XNGS,1.0000000000,USD,Health Care
2025-12-26,VNOM,806886.0000000000,0.1572045311,VIPER ENERGY INC CLASS A,BBG01WN4M508,US,USD,XNGS,1.0000000000,USD,Energy
2025-12-26,PRAX,112611.0000000000,0.1569842122,PRAXIS PRECISION MEDICINES INC,BBG00XMLWQR4,US,USD,XNGS,1.0000000000,USD,Health Care
2025-12-26,APLD,1192479.0000000000,0.1556120984,APPLIED DIGITAL CORP,BBG000DSMDC7,US,USD,XNGS,1.0000000000,USD,Information Technology
2025-12-26,ESNT,463083.0000000000,0.1546458860,ESSENT GROUP LTD,BBG0058YL7L3,BM,USD,XNYS,1.0000000000,USD,Financials
2025-12-26,FNB,1715692.0000000000,0.1532922989,FNB CORP,BBG000BJ9D70,US,USD,XNYS,1.0000000000,USD,Financials
2025-12-26,FCFS,186057.0000000000,0.1532568737,FIRSTCASH HOLDINGS INC,BBG0145KMMC4,US,USD,XNGS,1.0000000000,USD,Financials
2025-12-26,CWST,299437.0000000000,0.1531700348,CASELLA WASTE SYSTEMS INC CLASS A,BBG000BT0TV5,US,USD,XNGS,1.0000000000,USD,Industrials
2025-12-26,PTCT,384580.0000000000,0.1529178548,PTC THERAPEUTICS INC,BBG004KT98C5,US,USD,XNGS,1.0000000000,USD,Health Care
2025-12-26,TRNO,495324.0000000000,0.1520429898,TERRENO REALTY REIT CORP,BBG000PV3LG6,US,USD,XNYS,1.0000000000,USD,Real Estate
2025-12-26,FAF,488162.0000000000,0.1519002852,FIRST AMERICAN FINANCIAL CORP,BBG000V78W00,US,USD,XNYS,1.0000000000,USD,Financials
2025-12-26,KD,1094959.0000000000,0.1515527700,KYNDRYL HOLDINGS INC,BBG012Y710W4,US,USD,XNYS,1.0000000000,USD,Information Technology
2025-12-26,GATX,171024.0000000000,0.1511218045,GATX CORP,BBG000BKGZ70,US,USD,XNYS,1.0000000000,USD,Industrials
2025-12-26,GXO,548457.0000000000,0.1510720354,GXO LOGISTICS INC,BBG00YDGX981,US,USD,XNYS,1.0000000000,USD,Industrials
2025-12-26,MAT,1488919.0000000000,0.1508588497,MATTEL INC,BBG000BNP6W0,US,USD,XNGS,1.0000000000,USD,Consumer Discretionary
2025-12-26,CRUS,244464.0000000000,0.1507618756,CIRRUS LOGIC INC,BBG000C1DS52,US,USD,XNGS,1.0000000000,USD,Information Technology
2025-12-26,KRMN,367663.0000000000,0.1507428384,KARMAN HOLDINGS INC,BBG01RXK1PP4,US,USD,XNYS,1.0000000000,USD,Industrials
2025-12-26,RITM,2654937.0000000000,0.1503280658,RITHM CAPITAL CORP,BBG004HQLTC5,US,USD,XNYS,1.0000000000,USD,Financials
2025-12-26,RHP,301827.0000000000,0.1495994000,RYMAN HOSPITALITY PROPERTIES REIT,BBG000BDVRJ4,US,USD,XNYS,1.0000000000,USD,Real Estate
2025-12-26,TTAN,271147.0000000000,0.1488241586,SERVICETITAN INC CLASS A,BBG01QXP1PT1,US,USD,XNGS,1.0000000000,USD,Information Technology
2025-12-26,COGT,735386.0000000000,0.1482366452,COGENT BIOSCIENCES INC,BBG00K7T3BK4,US,USD,XNGS,1.0000000000,USD,Health Care
2025-12-26,SEE,704808.0000000000,0.1479016469,SEALED AIR CORP,BBG000C22T32,US,USD,XNYS,1.0000000000,USD,Materials
2025-12-26,HXL,381361.0000000000,0.1478455075,HEXCEL CORP,BBG000BLMGR1,US,USD,XNYS,1.0000000000,USD,Industrials
2025-12-26,LEA,248488.0000000000,0.1469397692,LEAR CORP,BBG000PTLK19,US,USD,XNYS,1.0000000000,USD,Consumer Discretionary
2025-12-26,IBP,108498.0000000000,0.1463292145,INSTALLED BUILDING PRODUCTS INC,BBG005TJKF45,US,USD,XNYS,1.0000000000,USD,Consumer Discretionary
2025-12-26,VFC,1572318.0000000000,0.1463057426,VF CORP,BBG000BWCLX0,US,USD,XNYS,1.0000000000,USD,Consumer Discretionary
2025-12-26,GAP,1084298.0000000000,0.1460611909,GAP INC,BBG000BKLK68,US,USD,XNYS,1.0000000000,USD,Consumer Discretionary
2025-12-26,DOCS,657557.0000000000,0.1460598390,DOXIMITY INC CLASS A,BBG0118J7ZV7,US,USD,XNYS,1.0000000000,USD,Health Care
2025-12-26,KEX,259651.0000000000,0.1460185971,KIRBY CORP,BBG000BMQGC1,US,USD,XNYS,1.0000000000,USD,Industrials
2025-12-26,M,1286305.0000000000,0.1456665395,MACYS INC,BBG000C46L95,US,USD,XNYS,1.0000000000,USD,Consumer Discretionary
2025-12-26,RLI,439959.0000000000,0.1456289820,RLI CORP,BBG000BS8293,US,USD,XNYS,1.0000000000,USD,Financials
2025-12-26,UEC,2314565.0000000000,0.1454997821,URANIUM ENERGY CORP,BBG000LCK499,US,USD,XASE,1.0000000000,USD,Energy
2025-12-26,ANF,225494.0000000000,0.1450007833,ABERCROMBIE AND FITCH CLASS A,BBG000H9G9Y7,US,USD,XNYS,1.0000000000,USD,Consumer Discretionary
2025-12-26,AM,1597151.0000000000,0.1448889107,ANTERO MIDSTREAM CORP,BBG00GBNZ4R5,US,USD,XNYS,1.0000000000,USD,Energy
2025-12-26,ALK,555372.0000000000,0.1447770540,ALASKA AIR GROUP INC,BBG000BBL222,US,USD,XNYS,1.0000000000,USD,Industrials
2025-12-26,MSA,176308.0000000000,0.1444214574,MSA SAFETY INC,BBG000BPDYJ2,US,USD,XNYS,1.0000000000,USD,Industrials
2025-12-26,MIR,1187230.0000000000,0.1443858225,MIRION TECHNOLOGIES INC CLASS A,BBG00WPQXKV9,US,USD,XNYS,1.0000000000,USD,Information Technology
2025-12-26,HR,1684514.0000000000,0.1443530384,HEALTHCARE REALTY TRUST INC CLASS,BBG002ZSJC99,US,USD,XNYS,1.0000000000,USD,Real Estate
2025-12-26,LLYVK,335458.0000000000,0.1439552438,LIBERTY LIVE HOLDINGS INC,BBG01YYX7Z72,US,USD,XNGS,1.0000000000,USD,Communication Services
2025-12-26,ULS,360512.0000000000,0.1439148905,UL SOLUTIONS INC CLASS A,BBG01K4KMRP4,US,USD,XNYS,1.0000000000,USD,Industrials
2025-12-26,GBCI,616271.0000000000,0.1431739577,GLACIER BANCORP INC,BBG000C3KP83,US,USD,XNYS,1.0000000000,USD,Financials
2025-12-26,JHG,592026.0000000000,0.1430982056,JANUS HENDERSON GROUP PLC,BBG00GSNPM34,GB,USD,XNYS,1.0000000000,USD,Financials
2025-12-26,RYAN,542885.0000000000,0.1428164580,RYAN SPECIALTY HOLDINGS INC CLASS,BBG011K4W170,US,USD,XNYS,1.0000000000,USD,Financials
2025-12-26,EPRT,949234.0000000000,0.1427008605,ESSENTIAL PROPERTIES REALTY TRUST,BBG00L17LGN2,US,USD,XNYS,1.0000000000,USD,Real Estate
2025-12-26,ESI,1089766.0000000000,0.1422086041,ELEMENT SOLUTIONS INC,BBG005C4XHW7,US,USD,XNYS,1.0000000000,USD,Materials
2025-12-26,RAL,540409.0000000000,0.1416167274,RALLIANT CORP,BBG01V8G21Q3,US,USD,XNYS,1.0000000000,USD,Information Technology
2025-12-26,PIPR,79696.0000000000,0.1414580424,PIPER SANDLER COMPANIES,BBG000FQXG76,US,USD,XNYS,1.0000000000,USD,Financials
2025-12-26,TMHC,468162.0000000000,0.1413063842,TAYLOR MORRISON HOME CORP,BBG003PGJHT1,US,USD,XNYS,1.0000000000,USD,Consumer Discretionary
2025-12-26,AN,131042.0000000000,0.1411304700,AUTONATION INC,BBG000BBXP55,US,USD,XNYS,1.0000000000,USD,Consumer Discretionary
2025-12-26,NXST,136563.0000000000,0.1410000015,NEXSTAR MEDIA GROUP INC,BBG000DZK4M2,US,USD,XNGS,1.0000000000,USD,Communication Services
2025-12-26,TXNM,469617.0000000000,0.1404589037,TXNM ENERGY INC,BBG000BRDH78,US,USD,XNYS,1.0000000000,USD,Utilities
2025-12-26,BOOT,146037.0000000000,0.1402456130,BOOT BARN HOLDINGS INC,BBG0077SYZZ2,US,USD,XNYS,1.0000000000,USD,Consumer Discretionary
2025-12-26,VLY,2297414.0000000000,0.1390597236,VALLEY NATIONAL,BBG000D4Z4M5,US,USD,XNGS,1.0000000000,USD,Financials
2025-12-26,BFAM,270928.0000000000,0.1384219671,BRIGHT HORIZONS FAMILY SOLUTIONS I,BBG003LFWP41,US,USD,XNYS,1.0000000000,USD,Consumer Discretionary
2025-12-26,PEGA,439061.0000000000,0.1384037543,PEGASYSTEMS INC,BBG000H1VK72,US,USD,XNGS,1.0000000000,USD,Information Technology
2025-12-26,NOV,1747386.0000000000,0.1383927725,NOV INC,BBG000BJXC48,US,USD,XNYS,1.0000000000,USD,Energy
2025-12-26,GTES,1237316.0000000000,0.1382355035,GATES INDUSTRIAL PLC,BBG00JM9V768,US,USD,XNYS,1.0000000000,USD,Industrials
2025-12-26,HLNE,196039.0000000000,0.1378963222,HAMILTON LANE INC CLASS A,BBG00FX5C0T3,US,USD,XNGS,1.0000000000,USD,Financials
2025-12-26,SITE,213359.0000000000,0.1378470473,SITEONE LANDSCAPE SUPPLY INC,BBG009T24F24,US,USD,XNYS,1.0000000000,USD,Industrials
2025-12-26,IRTC,154484.0000000000,0.1377920089,IRHYTHM TECHNOLOGIES INC,BBG00DWYH841,US,USD,XNGS,1.0000000000,USD,Health Care
2025-12-26,PCVX,565501.0000000000,0.1367155573,VAXCYTE INC,BBG00V1L5Y94,US,USD,XNGS,1.0000000000,USD,Health Care
2025-12-26,SLM,972679.0000000000,0.1365033691,SLM CORP,BBG000BBD2K1,US,USD,XNGS,1.0000000000,USD,Financials
2025-12-26,CVLT,211237.0000000000,0.1363045856,COMMVAULT SYSTEMS INC,BBG000BG8N20,US,USD,XNGS,1.0000000000,USD,Information Technology
2025-12-26,DAR,757806.0000000000,0.1363000246,DARLING INGREDIENTS INC,BBG000BN91F8,US,USD,XNYS,1.0000000000,USD,Consumer Staples
2025-12-26,WFRD,343630.0000000000,0.1361644578,WEATHERFORD INTERNATIONAL PLC,BBG00R4SQJL1,US,USD,XNGS,1.0000000000,USD,Energy
2025-12-26,THO,252144.0000000000,0.1360656880,THOR INDUSTRIES INC,BBG000BV6SQ2,US,USD,XNYS,1.0000000000,USD,Consumer Discretionary
2025-12-26,LAZ,540126.0000000000,0.1357054765,LAZARD INC,BBG000BT4DQ2,US,USD,XNYS,1.0000000000,USD,Financials
2025-12-26,NEU,37364.0000000000,0.1350475584,NEWMARKET CORP,BBG000BJ5TW1,US,USD,XNYS,1.0000000000,USD,Materials
2025-12-26,UBSI,671106.0000000000,0.1347004540,UNITED BANKSHARES INC,BBG000BVXMC0,US,USD,XNGS,1.0000000000,USD,Financials
2025-12-26,ENS,176816.0000000000,0.1343593971,ENERSYS,BBG000PWTFF0,US,USD,XNYS,1.0000000000,USD,Industrials
2025-12-26,VNT,695116.0000000000,0.1341941554,VONTIER CORP,BBG00RRGSJW8,US,USD,XNYS,1.0000000000,USD,Information Technology
2025-12-26,HRB,605652.0000000000,0.1336393081,H&R BLOCK INC,BBG000BLDXM9,US,USD,XNYS,1.0000000000,USD,Consumer Discretionary
2025-12-26,NUVL,248944.0000000000,0.1335810216,NUVALENT INC CLASS A,BBG011Y7F9J7,US,USD,XNGS,1.0000000000,USD,Health Care
2025-12-26,HWC,400557.0000000000,0.1328305663,HANCOCK WHITNEY CORP,BBG000CBDM35,US,USD,XNGS,1.0000000000,USD,Financials
2025-12-26,TKR,303662.0000000000,0.1325291893,TIMKEN,BBG000BV9856,US,USD,XNYS,1.0000000000,USD,Industrials
2025-12-26,APPF,110432.0000000000,0.1324648969,APPFOLIO INC CLASS A,BBG008QQ9701,US,USD,XNMS,1.0000000000,USD,Information Technology
2025-12-26,ACA,234955.0000000000,0.1321781180,ARCOSA INC,BBG00JGMWFQ5,US,USD,XNYS,1.0000000000,USD,Industrials
2025-12-26,VNO,772850.0000000000,0.1319477336,VORNADO REALTY TRUST REIT,BBG000BWHH82,US,USD,XNYS,1.0000000000,USD,Real Estate
2025-12-26,TFX,211864.0000000000,0.1314957748,TELEFLEX INC,BBG000BV5DX8,US,USD,XNYS,1.0000000000,USD,Health Care
2025-12-26,CRSP,456544.0000000000,0.1313602426,CRISPR THERAPEUTICS AG,BBG00DZGL067,CH,USD,XNMS,1.0000000000,USD,Health Care
2025-12-26,BMI,141255.0000000000,0.1308299941,BADGER METER INC,BBG000BDGLJ4,US,USD,XNYS,1.0000000000,USD,Information Technology
2025-12-26,POR,538890.0000000000,0.1304187876,PORTLAND GENERAL ELECTRIC,BBG000BCRRB9,US,USD,XNYS,1.0000000000,USD,Utilities
2025-12-26,UFPI,279086.0000000000,0.1302567761,UFP INDUSTRIES INC,BBG000BL13Y5,US,USD,XNGS,1.0000000000,USD,Industrials
2025-12-26,CDTX,115971.0000000000,0.1299535431,CIDARA THERAPEUTICS INC,BBG0089CZ347,US,USD,XNCM,1.0000000000,USD,Health Care
2025-12-26,BRKR,531680.0000000000,0.1298068460,BRUKER CORP,BBG000CL2SH7,US,USD,XNGS,1.0000000000,USD,Health Care
2025-12-26,ROAD,227803.0000000000,0.1294606823,CONSTRUCTION PARTNERS INC CLASS A,BBG00KK0CT96,US,USD,XNGS,1.0000000000,USD,Industrials
2025-12-26,FCN,144988.0000000000,0.1293588324,FTI CONSULTING INC,BBG000K88MW7,US,USD,XNYS,1.0000000000,USD,Industrials
2025-12-26,MC,354485.0000000000,0.1279119930,MOELIS CLASS A,BBG0063JJ1M4,US,USD,XNYS,1.0000000000,USD,Financials
2025-12-26,GTLB,672313.0000000000,0.1278476490,GITLAB INC CLASS A,BBG012TGZFY8,US,USD,XNGS,1.0000000000,USD,Information Technology
2025-12-26,BKH,361561.0000000000,0.1274017765,BLACK HILLS CORP,BBG000BDB1V9,US,USD,XNYS,1.0000000000,USD,Utilities
2025-12-26,WEX,164265.0000000000,0.1272723814,WEX INC,BBG000BVZRD6,US,USD,XNYS,1.0000000000,USD,Financials
2025-12-26,LPX,303605.0000000000,0.1271591605,LOUISIANA PACIFIC CORP,BBG000BNF6X0,US,USD,XNYS,1.0000000000,USD,Materials
2025-12-26,PTGX,281955.0000000000,0.1270895978,PROTAGONIST THERAPEUTICS INC,BBG00DB19MD4,US,USD,XNMS,1.0000000000,USD,Health Care
2025-12-26,SWX,307942.0000000000,0.1268507743,SOUTHWEST GAS HOLDINGS INC,BBG00FWPVRT0,US,USD,XNYS,1.0000000000,USD,Utilities
2025-12-26,QS,2236234.0000000000,0.1268471473,QUANTUMSCAPE CORP CLASS A,BBG00WHNR082,US,USD,XNGS,1.0000000000,USD,Consumer Discretionary
2025-12-26,LIF,375490.0000000000,0.1268231651,LIFE360 INC,BBG00PT8Z5W0,US,USD,XNGS,1.0000000000,USD,Information Technology
2025-12-26,ESE,123717.0000000000,0.1267323110,ESCO TECHNOLOGIES INC,BBG000C4S578,US,USD,XNYS,1.0000000000,USD,Industrials
2025-12-26,AUB,682747.0000000000,0.1267141623,ATLANTIC UNION BANKSHARES CORP,BBG000BKSFS8,US,USD,XNYS,1.0000000000,USD,Financials
2025-12-26,COMP,2338403.0000000000,0.1267104016,COMPASS INC CLASS A,BBG00ZSDNQM6,US,USD,XNYS,1.0000000000,USD,Real Estate
2025-12-26,KRG,1037194.0000000000,0.1264548299,KITE REALTY GROUP TRUST REIT,BBG000BC2MV5,US,USD,XNYS,1.0000000000,USD,Real Estate
2025-12-26,HOMB,875646.0000000000,0.1262180473,HOME BANCSHARES INC,BBG000QJXR03,US,USD,XNYS,1.0000000000,USD,Financials
2025-12-26,MMSI,284321.0000000000,0.1260643626,MERIT MEDICAL SYSTEMS INC,BBG000C435Z4,US,USD,XNGS,1.0000000000,USD,Health Care
2025-12-26,CHRD,272418.0000000000,0.1256519153,CHORD ENERGY CORP,BBG00Y7BLJ44,US,USD,XNGS,1.0000000000,USD,Energy
2025-12-26,GVA,209110.0000000000,0.1256381445,GRANITE CONSTRUCTION INC,BBG000DVB9X8,US,USD,XNYS,1.0000000000,USD,Industrials
2025-12-26,CSW,79941.0000000000,0.1249553160,CSW INDUSTRIALS INC,BBG007NLG576,US,USD,XNYS,1.0000000000,USD,Industrials
2025-12-26,OPCH,761190.0000000000,0.1249364076,OPTION CARE HEALTH INC,BBG000BQKDV4,US,USD,XNGS,1.0000000000,USD,Health Care
2025-12-26,PL,1210149.0000000000,0.1247625392,PLANET LABS CLASS A,BBG00ZCV3PC8,US,USD,XNYS,1.0000000000,USD,Industrials
2025-12-26,AAON,324183.0000000000,0.1246590460,AAON INC,BBG000C2M952,US,USD,XNGS,1.0000000000,USD,Industrials
2025-12-26,WTM,11753.0000000000,0.1245120218,WHITE MOUNTAINS INSURANCE GROUP LT,BBG000G7QSB4,US,USD,XNYS,1.0000000000,USD,Financials
2025-12-26,GNTX,1048869.0000000000,0.1244192020,GENTEX CORP,BBG000BKJB89,US,USD,XNGS,1.0000000000,USD,Consumer Discretionary
2025-12-26,SIGI,289395.0000000000,0.1241735247,SELECTIVE INSURANCE GROUP INC,BBG000BSZHF3,US,USD,XNGS,1.0000000000,USD,Financials
2025-12-26,BCPC,155148.0000000000,0.1236012348,BALCHEM CORP,BBG000BCYLD2,US,USD,XNGS,1.0000000000,USD,Materials
2025-12-26,HUT,460626.0000000000,0.1233968364,HUT  CORP,BBG00K8H3BC8,CA,USD,XNGS,1.0000000000,USD,Information Technology
2025-12-26,LMND,304320.0000000000,0.1232125772,LEMONADE INC,BBG00VC9F8C1,US,USD,XNYS,1.0000000000,USD,Financials
2025-12-26,RDNT,332820.0000000000,0.1231676996,RADNET INC,BBG000CXTKD3,US,USD,XNMS,1.0000000000,USD,Health Care
2025-12-26,ACIW,493854.0000000000,0.1224510659,ACI WORLDWIDE INC,BBG000PMC3K1,US,USD,XNGS,1.0000000000,USD,Information Technology
2025-12-26,AX,271359.0000000000,0.1224098866,AXOS FINANCIAL INC,BBG000QPHF03,US,USD,XNYS,1.0000000000,USD,Financials
2025-12-26,OPEN,3836686.0000000000,0.1222468159,OPENDOOR TECHNOLOGIES INC CLASS A,BBG00VC9MR68,US,USD,XNGS,1.0000000000,USD,Real Estate
2025-12-26,GPI,59260.0000000000,0.1221843628,GROUP  AUTOMOTIVE INC,BBG000BB8BY2,US,USD,XNYS,1.0000000000,USD,Consumer Discretionary
2025-12-26,MTN,172236.0000000000,0.1220443345,VAIL RESORTS INC,BBG000BCMYM7,US,USD,XNYS,1.0000000000,USD,Consumer Discretionary
2025-12-26,ACHR,2949102.0000000000,0.1216471656,ARCHER AVIATION INC CLASS A,BBG00YGCK400,US,USD,XNYS,1.0000000000,USD,Industrials
2025-12-26,QLYS,171781.0000000000,0.1216173400,QUALYS INC,BBG0033BHTJ3,US,USD,XNGS,1.0000000000,USD,Information Technology
2025-12-26,CZR,977800.0000000000,0.1215451887,CAESARS ENTERTAINMENT INC,BBG0074Q3P58,US,USD,XNGS,1.0000000000,USD,Consumer Discretionary
2025-12-26,OZK,507241.0000000000,0.1214467738,BANK OZK,BBG00GFPL160,US,USD,XNGS,1.0000000000,USD,Financials
2025-12-26,CNX,645931.0000000000,0.1212249781,CNX RESOURCES CORP,BBG000CKVVL5,US,USD,XNYS,1.0000000000,USD,Energy
2025-12-26,AUR,5812938.0000000000,0.1209208531,AURORA INNOVATION INC CLASS A,BBG010SLXRG8,US,USD,XNGS,1.0000000000,USD,Information Technology
2025-12-26,RDN,649074.0000000000,0.1207610215,RADIAN GROUP INC,BBG000BMWXG3,US,USD,XNYS,1.0000000000,USD,Financials
2025-12-26,LSTR,164533.0000000000,0.1207433121,LANDSTAR SYSTEM INC,BBG000BB2YV1,US,USD,XNGS,1.0000000000,USD,Industrials
2025-12-26,BCO,199030.0000000000,0.1204603822,BRINKS,BBG000DR5SG1,US,USD,XNYS,1.0000000000,USD,Industrials
2025-12-26,BC,311566.0000000000,0.1201077422,BRUNSWICK CORP,BBG000BCWW77,US,USD,XNYS,1.0000000000,USD,Consumer Discretionary
2025-12-26,BYD,276946.0000000000,0.1200122212,BOYD GAMING CORP,BBG000BHXCZ8,US,USD,XNYS,1.0000000000,USD,Consumer Discretionary
2025-12-26,SR,282940.0000000000,0.1197960078,SPIRE INC,BBG000BN6LL0,US,USD,XNYS,1.0000000000,USD,Utilities
2025-12-26,BILL,427033.0000000000,0.1196625176,BILL HOLDINGS INC,BBG00QVJV6Z0,US,USD,XNYS,1.0000000000,USD,Information Technology
2025-12-26,REZI,659847.0000000000,0.1192501178,RESIDEO TECHNOLOGIES INC,BBG00HY28KC4,US,USD,XNYS,1.0000000000,USD,Industrials
2025-12-26,DBX,835591.0000000000,0.1191301610,DROPBOX INC CLASS A,BBG00K62P1P7,US,USD,XNGS,1.0000000000,USD,Information Technology
2025-12-26,ST,697890.0000000000,0.1191144960,SENSATA TECHNOLOGIES HOLDING PLC,BBG00JPGYW70,US,USD,XNYS,1.0000000000,USD,Industrials
2025-12-26,MMS,269950.0000000000,0.1190761056,MAXIMUS INC,BBG000BC5YJ0,US,USD,XNYS,1.0000000000,USD,Industrials
2025-12-26,ABCB,306422.0000000000,0.1190731019,AMERIS BANCORP,BBG000CDYGZ6,US,USD,XNYS,1.0000000000,USD,Financials
2025-12-26,MAC,1227339.0000000000,0.1186263505,MACERICH REIT,BBG000BL9DV8,US,USD,XNYS,1.0000000000,USD,Real Estate
2025-12-26,MTDR,559613.0000000000,0.1184834890,MATADOR RESOURCES,BBG001ZSF803,US,USD,XNYS,1.0000000000,USD,Energy
2025-12-26,POST,228998.0000000000,0.1177195316,POST HOLDINGS INC,BBG001WTBFQ4,US,USD,XNYS,1.0000000000,USD,Consumer Staples
2025-12-26,CORZ,1486719.0000000000,0.1174462513,CORE SCIENTIFIC INC,BBG01L5GH0R3,US,USD,XNGS,1.0000000000,USD,Information Technology
2025-12-26,STEP,348714.0000000000,0.1166825303,STEPSTONE GROUP INC CLASS A,BBG00WXXV0N0,US,USD,XNGS,1.0000000000,USD,Financials
2025-12-26,SKY,267593.0000000000,0.1163936339,CHAMPION HOMES INC,BBG000BT2X53,US,USD,XNYS,1.0000000000,USD,Consumer Discretionary
2025-12-26,HRI,146633.0000000000,0.1163414799,HERC HOLDINGS INC,BBG000FNT368,US,USD,XNYS,1.0000000000,USD,Industrials
2025-12-26,PI,128374.0000000000,0.1157146607,IMPINJ INC,BBG001NKQWD4,US,USD,XNGS,1.0000000000,USD,Information Technology
2025-12-26,S,1535735.0000000000,0.1157082675,SENTINELONE INC CLASS A,BBG011BB43Y1,US,USD,XNYS,1.0000000000,USD,Information Technology
2025-12-26,ELF,285697.0000000000,0.1156145466,ELF BEAUTY INC,BBG00DQ6VYV6,US,USD,XNYS,1.0000000000,USD,Consumer Staples
2025-12-26,VSAT,646933.0000000000,0.1153735589,VIASAT INC,BBG000HHNV27,US,USD,XNGS,1.0000000000,USD,Information Technology
2025-12-26,CIFR,1401752.0000000000,0.1153569299,CIPHER MINING INC,BBG00YFDNCK6,US,USD,XNGS,1.0000000000,USD,Information Technology
2025-12-26,SAIC,220473.0000000000,0.1149926762,SCIENCE APPLICATIONS INTERNATIONAL,BBG003BW05R9,US,USD,XNGS,1.0000000000,USD,Industrials
2025-12-26,NPO,100919.0000000000,0.1149197979,ENPRO INC,BBG000BW2HD2,US,USD,XNYS,1.0000000000,USD,Industrials
2025-12-26,ALKS,791640.0000000000,0.1145510057,ALKERMES,BBG000C9GDZ2,IE,USD,XNGS,1.0000000000,USD,Health Care
2025-12-26,CVCO,37391.0000000000,0.1145313286,CAVCO INDUSTRIES INC,BBG000K4Y7N0,US,USD,XNGS,1.0000000000,USD,Consumer Discretionary
2025-12-26,CROX,248709.0000000000,0.1143376566,CROCS INC,BBG000BLYJ29,US,USD,XNGS,1.0000000000,USD,Consumer Discretionary
2025-12-26,OGS,287489.0000000000,0.1142101362,ONE GAS INC,BBG005TJ4R74,US,USD,XNYS,1.0000000000,USD,Utilities
2025-12-26,GLXY,920763.0000000000,0.1141282036,GALAXY DIGITAL INC CLASS A,BBG0152HLYP2,US,USD,XNGS,1.0000000000,USD,Financials
2025-12-26,HCC,251842.0000000000,0.1139252196,WARRIOR MET COAL INC,BBG00GD1JMY1,US,USD,XNYS,1.0000000000,USD,Materials
2025-12-26,MTH,337292.0000000000,0.1139045333,MERITAGE CORP,BBG000F4F3N6,US,USD,XNYS,1.0000000000,USD,Consumer Discretionary
2025-12-26,ABG,93134.0000000000,0.1138278892,ASBURY AUTOMOTIVE GROUP INC,BBG000BKDXS5,US,USD,XNYS,1.0000000000,USD,Consumer Discretionary
2025-12-26,RUN,1112194.0000000000,0.1137608244,SUNRUN INC,BBG009HT4X01,US,USD,XNGS,1.0000000000,USD,Industrials
2025-12-26,CCC,2798852.0000000000,0.1137454689,CCC INTELLIGENT SOLUTIONS HOLDINGS,BBG00XP8P7W4,US,USD,XNGS,1.0000000000,USD,Information Technology
2025-12-26,TNL,308155.0000000000,0.1135551716,TRAVEL LEISURE,BBG000PV2N55,US,USD,XNYS,1.0000000000,USD,Consumer Discretionary
2025-12-26,ADMA,1141573.0000000000,0.1131748436,ADMA BIOLOGICS INC,BBG002Z1LMV8,US,USD,XNMS,1.0000000000,USD,Health Care
2025-12-26,NJR,481335.0000000000,0.1131683872,NEW JERSEY RESOURCES CORP,BBG000BPZXG3,US,USD,XNYS,1.0000000000,USD,Utilities
2025-12-26,MSGS,86076.0000000000,0.1131630559,MADISON SQUARE GARDEN SPORTS CORP,BBG007FG0FP1,US,USD,XNYS,1.0000000000,USD,Communication Services
2025-12-26,BDC,188271.0000000000,0.1131557983,BELDEN INC,BBG000Q4XQV4,US,USD,XNYS,1.0000000000,USD,Information Technology
2025-12-26,SBRA,1194536.0000000000,0.1131527767,SABRA HEALTH CARE REIT INC,BBG000MTHFG2,US,USD,XNGS,1.0000000000,USD,Real Estate
2025-12-26,QTWO,300225.0000000000,0.1131463122,Q2 HOLDINGS INC,BBG005ZVK9V5,US,USD,XNYS,1.0000000000,USD,Information Technology
2025-12-26,LOPE,132369.0000000000,0.1129691221,GRAND CANYON EDUCATION INC,BBG000FV4Q48,US,USD,XNGS,1.0000000000,USD,Consumer Discretionary
2025-12-26,MRP,738634.0000000000,0.1127646919,MILLROSE PROPERTIES INC CLASS A,BBG01RQYH329,US,USD,XNYS,1.0000000000,USD,Real Estate
2025-12-26,AMKR,545016.0000000000,0.1127106832,AMKOR TECHNOLOGY INC,BBG000BCKT40,US,USD,XNGS,1.0000000000,USD,Information Technology
2025-12-26,CRNX,454201.0000000000,0.1122503931,CRINETICS PHARMACEUTICALS INC,BBG00L91XQR8,US,USD,XNGS,1.0000000000,USD,Health Care
2025-12-26,CE,524595.0000000000,0.1122404510,CELANESE CORP,BBG000JYPCR1,US,USD,XNYS,1.0000000000,USD,Materials
2025-12-26,WK,251297.0000000000,0.1115621851,WORKIVA INC CLASS A,BBG007GNF447,US,USD,XNYS,1.0000000000,USD,Information Technology
2025-12-26,AMTM,734386.0000000000,0.1114454795,AMENTUM HOLDINGS INC,BBG01PR6J642,US,USD,XNYS,1.0000000000,USD,Industrials
2025-12-26,ECG,244354.0000000000,0.1111577743,EVERUS CONSTRUCTION GROUP INC,BBG01M600X55,US,USD,XNYS,1.0000000000,USD,Industrials
2025-12-26,CNR,244985.0000000000,0.1107611848,CORE NATURAL RESOURCES INC,BBG00HC11503,US,USD,XNYS,1.0000000000,USD,Energy
2025-12-26,SNEX,222451.0000000000,0.1106858725,STONEX GROUP INC,BBG000BB26D2,US,USD,XNGS,1.0000000000,USD,Financials
2025-12-26,LEU,83802.0000000000,0.1106241503,CENTRUS ENERGY CORP CLASS A,BBG000BQ2JS5,US,USD,XNYS,1.0000000000,USD,Energy
2025-12-26,LAUR,642447.0000000000,0.1103035055,LAUREATE EDUCATION INC,BBG00B4Z2ZH5,US,USD,XNGS,1.0000000000,USD,Consumer Discretionary
2025-12-26,AROC,840128.0000000000,0.1099731893,ARCHROCK INC,BBG000RWH3S4,US,USD,XNYS,1.0000000000,USD,Energy
2025-12-26,AGX,65979.0000000000,0.1098867551,ARGAN INC,BBG000K4K6V8,US,USD,XNYS,1.0000000000,USD,Industrials
2025-12-26,INDV,598627.0000000000,0.1098263064,INDIVIOR PLC,BBG007T9F0V2,GB,USD,XNGS,1.0000000000,USD,Health Care
2025-12-26,FORM,371928.0000000000,0.1097595360,FORMFACTOR INC,BBG000D1ZG62,US,USD,XNGS,1.0000000000,USD,Information Technology
2025-12-26,PECO,602658.0000000000,0.1094039286,PHILLIPS EDISON AND COMPANY INC,BBG011RJSSW8,US,USD,XNGS,1.0000000000,USD,Real Estate
2025-12-26,KYMR,258957.0000000000,0.1092212370,KYMERA THERAPEUTICS INC,BBG00WFDP0Q8,US,USD,XNMS,1.0000000000,USD,Health Care
2025-12-26,RIOT,1544665.0000000000,0.1090925759,RIOT PLATFORMS INC,BBG000BQ4BP3,US,USD,XNCM,1.0000000000,USD,Information Technology
2025-12-26,KVYO,660413.0000000000,0.1085296036,KLAVIYO INC SERIES A,BBG01J34VGT4,US,USD,XNYS,1.0000000000,USD,Information Technology
2025-12-26,GPK,1413817.0000000000,0.1084592622,GRAPHIC PACKAGING HOLDING,BBG000GQ8Q26,US,USD,XNYS,1.0000000000,USD,Materials
2025-12-26,SLAB,157520.0000000000,0.1076287306,SILICON LABORATORIES INC,BBG000BB9N93,US,USD,XNGS,1.0000000000,USD,Information Technology
2025-12-26,LNTH,318035.0000000000,0.1075950182,LANTHEUS HOLDINGS INC,BBG006Q52RM0,US,USD,XNMS,1.0000000000,USD,Health Care
2025-12-26,FOUR,323677.0000000000,0.1069090533,SHIFT4 PAYMENTS INC CLASS A,BBG00TX3B2Y9,US,USD,XNYS,1.0000000000,USD,Financials
2025-12-26,NOVT,171820.0000000000,0.1069035428,NOVANTA INC,BBG000JB2J46,US,USD,XNGS,1.0000000000,USD,Information Technology
2025-12-26,ITRI,219595.0000000000,0.1068693757,ITRON INC,BBG000BD2CV5,US,USD,XNGS,1.0000000000,USD,Information Technology
2025-12-26,FOLD,1474937.0000000000,0.1066375085,AMICUS THERAPEUTICS INC,BBG000PLF8M7,US,USD,XNMS,1.0000000000,USD,Health Care
2025-12-26,ATMU,390472.0000000000,0.1058118067,ATMUS FILTRATION TECHNOLOGIES INC,BBG01FJKMGP3,US,USD,XNYS,1.0000000000,USD,Industrials
2025-12-26,WMG,698886.0000000000,0.1057745653,WARNER MUSIC GROUP CORP CLASS A,BBG00RP2TBG5,US,USD,XNGS,1.0000000000,USD,Communication Services
2025-12-26,TMDX,164131.0000000000,0.1057503452,TRANSMEDICS GROUP INC,BBG00NZ6J6G6,US,USD,XNMS,1.0000000000,USD,Health Care
2025-12-26,VSCO,383718.0000000000,0.1056558745,VICTORIA S SECRET,BBG011RCV8V4,US,USD,XNYS,1.0000000000,USD,Consumer Discretionary
2025-12-26,ASB,783230.0000000000,0.1055055958,ASSOCIATED BANCORP,BBG000BCFS48,US,USD,XNYS,1.0000000000,USD,Financials
2025-12-26,BOX,694435.0000000000,0.1049952182,BOX INC CLASS A,BBG0067SDZN0,US,USD,XNYS,1.0000000000,USD,Information Technology
2025-12-26,CUZ,804653.0000000000,0.1047171127,COUSINS PROPERTIES REIT INC,BBG000CW9DM3,US,USD,XNYS,1.0000000000,USD,Real Estate
2025-12-26,OSIS,76202.0000000000,0.1042645719,OSI SYSTEMS INC,BBG000BWPZR2,US,USD,XNGS,1.0000000000,USD,Information Technology
2025-12-26,ENPH,625555.0000000000,0.1042611543,ENPHASE ENERGY INC,BBG001R3MP47,US,USD,XNMS,1.0000000000,USD,Information Technology
2025-12-26,BTSG,544317.0000000000,0.1041982340,BRIGHTSPRING HEALTH SERVICES INC,BBG0132WL2G4,US,USD,XNGS,1.0000000000,USD,Health Care
2025-12-26,TCBI,218662.0000000000,0.1039967866,TEXAS CAPITAL BANCSHARES INC,BBG000DN6BR4,US,USD,XNGS,1.0000000000,USD,Financials
2025-12-26,SON,472511.0000000000,0.1034701347,SONOCO PRODUCTS,BBG000D7HJF3,US,USD,XNYS,1.0000000000,USD,Materials
2025-12-26,TGTX,653008.0000000000,0.1029393473,TG THERAPEUTICS INC,BBG000FVZXZ5,US,USD,XNCM,1.0000000000,USD,Health Care
2025-12-26,VKTX,542243.0000000000,0.1027557694,VIKING THERAPEUTICS INC,BBG006RB1XX2,US,USD,XNCM,1.0000000000,USD,Health Care
2025-12-26,SOUN,1856645.0000000000,0.1026779112,SOUNDHOUND AI INC CLASS A,BBG017304NL1,US,USD,XNMS,1.0000000000,USD,Information Technology
2025-12-26,VSEC,112169.0000000000,0.1025816727,VSE CORP,BBG000BWK7G1,US,USD,XNGS,1.0000000000,USD,Industrials
2025-12-26,MUR,642777.0000000000,0.1025658145,MURPHY OIL CORP,BBG000BPMLC7,US,USD,XNYS,1.0000000000,USD,Energy
2025-12-26,URBN,257824.0000000000,0.1022812931,URBAN OUTFITTERS INC,BBG000BL7KL5,US,USD,XNGS,1.0000000000,USD,Consumer Discretionary
2025-12-26,AEO,754449.0000000000,0.1020114112,AMERICAN EAGLE OUTFITTERS INC,BBG000BGY0Z5,US,USD,XNYS,1.0000000000,USD,Consumer Discretionary
2025-12-26,FTDR,345465.0000000000,0.1014505094,FRONTDOOR INC,BBG00KG0TBV7,US,USD,XNGS,1.0000000000,USD,Consumer Discretionary
2025-12-26,PJT,116445.0000000000,0.1013108537,PJT PARTNERS INC CLASS A,BBG0079T1Q39,US,USD,XNYS,1.0000000000,USD,Financials
2025-12-26,PLXS,129613.0000000000,0.1012723619,PLEXUS CORP,BBG000BRC968,US,USD,XNGS,1.0000000000,USD,Information Technology
2025-12-26,KNF,271455.0000000000,0.1011743504,KNIFE RIVER CORP,BBG01GJYKHG1,US,USD,XNYS,1.0000000000,USD,Materials
2025-12-26,HASI,603994.0000000000,0.1011578997,HA SUSTAINABLE INFRASTRUCTURE CAPI,BBG0044K5FQ5,US,USD,XNYS,1.0000000000,USD,Financials
2025-12-26,CNO,456803.0000000000,0.1010501801,CNO FINANCIAL GROUP INC,BBG000Q1GLM0,US,USD,XNYS,1.0000000000,USD,Financials
2025-12-26,KRC,521416.0000000000,0.1005285933,KILROY REALTY REIT CORP,BBG000BLMZ99,US,USD,XNYS,1.0000000000,USD,Real Estate
2025-12-26,IRT,1143655.0000000000,0.1004996561,INDEPENDENCE REALTY INC TRUST,BBG004Q00KX1,US,USD,XNYS,1.0000000000,USD,Real Estate
2025-12-26,SKYW,192122.0000000000,0.1003127952,SKYWEST INC,BBG000BT3K32,US,USD,XNGS,1.0000000000,USD,Industrials
2025-12-26,EBC,1050938.0300000000,0.1000836275,EASTERN BANKSHARES INC,BBG00W9KWXX1,US,USD,XNGS,1.0000000000,USD,Financials
2025-12-26,UPST,408729.0000000000,0.0999963882,UPSTART HOLDINGS INC,BBG00Y3JY912,US,USD,XNGS,1.0000000000,USD,Financials
2025-12-26,VIAV,1071980.0000000000,0.0993136883,VIAVI SOLUTIONS INC,BBG000BP7SQ4,US,USD,XNGS,1.0000000000,USD,Information Technology
2025-12-26,SXT,203514.0000000000,0.0993117690,SENSIENT TECHNOLOGIES CORP,BBG000J79SX6,US,USD,XNYS,1.0000000000,USD,Materials
2025-12-26,ENVA,118816.0000000000,0.0992684105,ENOVA INTERNATIONAL INC,BBG0022PSJ50,US,USD,XNYS,1.0000000000,USD,Financials
2025-12-26,WULF,1584533.0000000000,0.0989648558,TERAWULF INC,BBG0122ZQ363,US,USD,XNCM,1.0000000000,USD,Information Technology
2025-12-26,LTH,728906.0000000000,0.0987425734,LIFE TIME GROUP HOLDINGS INC,BBG012J3H053,US,USD,XNYS,1.0000000000,USD,Consumer Discretionary
2025-12-26,DLB,293854.0000000000,0.0986688405,DOLBY LABORATORIES INC CLASS A,BBG000DGLWP8,US,USD,XNYS,1.0000000000,USD,Information Technology
2025-12-26,WHR,269179.0000000000,0.0984686752,WHIRLPOOL CORP,BBG000BWSW50,US,USD,XNYS,1.0000000000,USD,Consumer Discretionary
2025-12-26,MDU,981361.0000000000,0.0977894342,MDU RESOURCES GROUP INC,BBG000BNX571,US,USD,XNYS,1.0000000000,USD,Utilities
2025-12-26,FFIN,624299.0000000000,0.0977485257,FIRST FINANCIAL BANKSHARES INC,BBG000BL8CY8,US,USD,XNGS,1.0000000000,USD,Financials
2025-12-26,COMM,1064055.0000000000,0.0976617043,COMMSCOPE HOLDING INC,BBG004XQW3W0,US,USD,XNGS,1.0000000000,USD,Information Technology
2025-12-26,FHI,354030.0000000000,0.0975891252,FEDERATED HERMES INC CLASS B,BBG000BP0BK4,US,USD,XNYS,1.0000000000,USD,Financials
2025-12-26,AVT,389615.0000000000,0.0972968843,AVNET INC,BBG000BCPMP7,US,USD,XNGS,1.0000000000,USD,Information Technology
2025-12-26,MGY,877413.0000000000,0.0970470221,MAGNOLIA OIL GAS CORP CLASS A,BBG00H0M0J10,US,USD,XNYS,1.0000000000,USD,Energy
2025-12-26,MSM,219277.0000000000,0.0968241559,MSC INDUSTRIAL INC CLASS A,BBG000BCM158,US,USD,XNYS,1.0000000000,USD,Industrials
2025-12-26,RIG,4748908.0000000000,0.0966183872,TRANSOCEAN LTD,BBG000BH5P17,CH,USD,XNYS,1.0000000000,USD,Energy
2025-12-26,NWE,294632.0000000000,0.0965532404,NORTHWESTERN ENERGY GROUP INC,BBG000Q1NWG5,US,USD,XNGS,1.0000000000,USD,Utilities
2025-12-26,UCB,582331.0000000000,0.0960820149,UNITED COMMUNITY BANKS INC,BBG000BL7R03,US,USD,XNYS,1.0000000000,USD,Financials
2025-12-26,TDS,470820.0000000000,0.0960290453,TELEPHONE AND DATA SYSTEMS INC,BBG000BV0X96,US,USD,XNYS,1.0000000000,USD,Communication Services
2025-12-26,MRCY,253150.0000000000,0.0959445231,MERCURY SYSTEMS INC,BBG000BX5Q47,US,USD,XNGS,1.0000000000,USD,Industrials
2025-12-26,SKT,551636.0000000000,0.0959433921,TANGER INC,BBG000D2JCF7,US,USD,XNYS,1.0000000000,USD,Real Estate
2025-12-26,VRNS,564798.0000000000,0.0958254956,VARONIS SYSTEMS INC,BBG005GQSZ05,US,USD,XNGS,1.0000000000,USD,Information Technology
2025-12-26,PRM,674745.0000000000,0.0957190759,PERIMETER SOLUTIONS INC,BBG01QXPR7N9,LU,USD,XNYS,1.0000000000,USD,Materials
2025-12-26,AGO,207537.0000000000,0.0956731167,ASSURED GUARANTY LTD,BBG000CQB3G2,BM,USD,XNYS,1.0000000000,USD,Financials
2025-12-26,CWEN,562509.0000000000,0.0952658974,CLEARWAY ENERGY INC CLASS C,BBG008MZ5LW3,US,USD,XNYS,1.0000000000,USD,Utilities
2025-12-26,PFSI,139042.0000000000,0.0945165008,PENNYMAC FINANCIAL SERVICES INC,BBG00LT0C1T4,US,USD,XNYS,1.0000000000,USD,Financials
2025-12-26,LGND,94403.0000000000,0.0944239585,LIGAND PHARMACEUTICALS INC,BBG000BKF210,US,USD,XNMS,1.0000000000,USD,Health Care
2025-12-26,MATX,149371.0000000000,0.0943988151,MATSON INC,BBG000BBK5Q0,US,USD,XNYS,1.0000000000,USD,Industrials
2025-12-26,SRRK,405600.0000000000,0.0943742801,SCHOLAR ROCK HOLDING CORP,BBG00KT2RS53,US,USD,XNGS,1.0000000000,USD,Health Care
2025-12-26,MWA,748919.0000000000,0.0943101164,MUELLER WATER PRODUCTS INC SERIES,BBG000JBCDZ4,US,USD,XNYS,1.0000000000,USD,Industrials
2025-12-26,RUSHA,330792.0000000000,0.0942212933,RUSH ENTERPRISES INC CLASS A,BBG000PLLWL8,US,USD,XNGS,1.0000000000,USD,Industrials
2025-12-26,VVV,608957.0000000000,0.0936779717,VALVOLINE INC,BBG00B2RXBY5,US,USD,XNYS,1.0000000000,USD,Consumer Discretionary
2025-12-26,FLG,1434039.0000000000,0.0934944315,FLAGSTAR BANK NATIONAL ASSOCIATION,BBG000BVXS28,US,USD,XNYS,1.0000000000,USD,Financials
2025-12-26,CWK,1112352.0000000000,0.0932903556,CUSHMAN AND WAKEFIELD LTD,BBG01YRJND81,US,USD,XNYS,1.0000000000,USD,Real Estate
2025-12-26,EPR,364756.0000000000,0.0925139526,EPR PROPERTIES REIT,BBG000BT0137,US,USD,XNYS,1.0000000000,USD,Real Estate
2025-12-26,FELE,183378.0000000000,0.0924815865,FRANKLIN ELECTRIC INC,BBG000BJGRF2,US,USD,XNGS,1.0000000000,USD,Industrials
2025-12-26,WAY,551314.0000000000,0.0923349674,WAYSTAR HOLDING CORP,BBG01JRQSDW6,US,USD,XNGS,1.0000000000,USD,Health Care
2025-12-26,BRBR,603515.0000000000,0.0922590239,BELLRING BRANDS INC,BBG0154FBJH7,US,USD,XNYS,1.0000000000,USD,Consumer Staples
2025-12-26,APGE,232832.0000000000,0.0922485921,APOGEE THERAPEUTICS INC,BBG01H51WYX7,US,USD,XNMS,1.0000000000,USD,Health Care
2025-12-26,CALM,218404.0000000000,0.0917956990,CAL MAINE FOODS INC,BBG000CDNVY6,US,USD,XNGS,1.0000000000,USD,Consumer Staples
2025-12-26,ZETA,945638.0000000000,0.0916868934,ZETA GLOBAL HOLDINGS CORP CLASS A,BBG010FXVR78,US,USD,XNYS,1.0000000000,USD,Information Technology
2025-12-26,GHC,16278.0000000000,0.0915954341,GRAHAM HOLDINGS COMPANY CLASS B,BBG000C3FJS1,US,USD,XNYS,1.0000000000,USD,Consumer Discretionary
2025-12-26,MARA,1811729.0000000000,0.0913695057,MARA HOLDINGS INC,BBG001M32YF3,US,USD,XNCM,1.0000000000,USD,Information Technology
2025-12-26,HAE,224819.0000000000,0.0912638818,HAEMONETICS CORP,BBG000C7VJ86,US,USD,XNYS,1.0000000000,USD,Health Care
2025-12-26,ATGE,173524.0000000000,0.0912625102,ADTALEM GLOBAL EDUCATION INC,BBG000DQC147,US,USD,XNYS,1.0000000000,USD,Consumer Discretionary
2025-12-26,INDB,237504.0000000000,0.0912317130,INDEPENDENT BANK CORP,BBG000BM0DY2,US,USD,XNGS,1.0000000000,USD,Financials
2025-12-26,PATK,159412.0000000000,0.0910307592,PATRICK INDUSTRIES INC,BBG000BQSN08,US,USD,XNGS,1.0000000000,USD,Consumer Discretionary
2025-12-26,BTU,582537.0000000000,0.0910028218,PEABODY ENERGY CORP,BBG00GBV88X1,US,USD,XNYS,1.0000000000,USD,Energy
2025-12-26,IBOC,259089.0000000000,0.0904265453,INTERNATIONAL BANCSHARES CORP,BBG000BS0ZZ9,US,USD,XNGS,1.0000000000,USD,Financials
2025-12-26,KBH,310263.0000000000,0.0903888437,KB HOME,BBG000BMLYS0,US,USD,XNYS,1.0000000000,USD,Consumer Discretionary
2025-12-26,SFBS,240738.0000000000,0.0901410609,SERVISFIRST BANCSHARES INC,BBG006FCB616,US,USD,XNYS,1.0000000000,USD,Financials
2025-12-26,CELC,172899.0000000000,0.0900127073,CELCUITY INC,BBG00HKBW0Q1,US,USD,XNCM,1.0000000000,USD,Health Care
2025-12-26,BHF,273883.0000000000,0.0899759631,BRIGHTHOUSE FINANCIAL INC,BBG00DYPZ5D4,US,USD,XNGS,1.0000000000,USD,Financials
2025-12-26,SHC,996046.0000000000,0.0894487585,SOTERA HEALTH COMPANY,BBG00Y6GCJX2,US,USD,XNGS,1.0000000000,USD,Health Care
2025-12-26,NHI,227990.0000000000,0.0890693286,NATIONAL HEALTH INVESTORS REIT INC,BBG000CGWVM2,US,USD,XNYS,1.0000000000,USD,Real Estate
2025-12-26,GNW,1913275.0000000000,0.0890160640,GENWORTH FINANCIAL INC,BBG000J5Q990,US,USD,XNYS,1.0000000000,USD,Financials
2025-12-26,FULT,865154.0000000000,0.0886240094,FULTON FINANCIAL CORP,BBG000BJZX31,US,USD,XNGS,1.0000000000,USD,Financials
2025-12-26,ICUI,118449.0000000000,0.0883306236,ICU MEDICAL INC,BBG000CQWFW4,US,USD,XNGS,1.0000000000,USD,Health Care
2025-12-26,NVST,789705.0000000000,0.0881473425,ENVISTA HOLDINGS CORP,BBG00LN4B5S5,US,USD,XNYS,1.0000000000,USD,Health Care
2025-12-26,TVTX,429716.0000000000,0.0878198400,TRAVERE THERAPEUTICS INC,BBG000P9D9Q0,US,USD,XNMS,1.0000000000,USD,Health Care
2025-12-26,PLMR,126961.0000000000,0.0876182874,PALOMAR HOLDINGS INC,BBG00NLMRYN8,US,USD,XNGS,1.0000000000,USD,Financials
2025-12-26,TEX,314263.0000000000,0.0871056062,TEREX CORP,BBG000C7C8F3,US,USD,XNYS,1.0000000000,USD,Industrials
2025-12-26,SLGN,420157.0000000000,0.0870387486,SILGAN HOLDINGS INC,BBG000BPDQV5,US,USD,XNYS,1.0000000000,USD,Materials
2025-12-26,COLD,1364622.0000000000,0.0870300637,AMERICOLD REALTY INC TRUST,BBG000QF08N4,US,USD,XNYS,1.0000000000,USD,Real Estate
2025-12-26,EXPO,238989.0000000000,0.0870246957,EXPONENT INC,BBG000F328F0,US,USD,XNGS,1.0000000000,USD,Industrials
2025-12-26,MIRM,211739.0000000000,0.0867491132,MIRUM PHARMACEUTICALS INC,BBG00PH8TVG1,US,USD,XNMS,1.0000000000,USD,Health Care
2025-12-26,VRRM,764408.0000000000,0.0866035314,VERRA MOBILITY CORP CLASS A,BBG00G4XQB95,US,USD,XNCM,1.0000000000,USD,Industrials
2025-12-26,SIG,196170.0000000000,0.0866011015,SIGNET JEWELERS LTD,BBG000C50012,BM,USD,XNYS,1.0000000000,USD,Consumer Discretionary
2025-12-26,WSC,871631.0000000000,0.0863687365,WILLSCOT HOLDINGS CORP CLASS A,BBG00B0FS9H3,US,USD,XNCM,1.0000000000,USD,Industrials
2025-12-26,NE,602530.0000000000,0.0863306524,NOBLE CORPORATION PLC,BBG018QRJTQ1,GB,USD,XNYS,1.0000000000,USD,Energy
2025-12-26,IESC,41850.0000000000,0.0862856860,IES INC,BBG000PHV6M2,US,USD,XNMS,1.0000000000,USD,Industrials
2025-12-26,PII,255989.0000000000,0.0860845986,POLARIS INC,BBG000D5S6R0,US,USD,XNYS,1.0000000000,USD,Consumer Discretionary
2025-12-26,MYRG,74365.0000000000,0.0856175926,MYR GROUP INC,BBG000BC83W0,US,USD,XNGS,1.0000000000,USD,Industrials
2025-12-26,CBT,254879.0000000000,0.0855302813,CABOT CORP,BBG000BF3ZG5,US,USD,XNYS,1.0000000000,USD,Materials
2025-12-26,YETI,372747.0000000000,0.0853684442,YETI HOLDINGS INC,BBG00D8JC8J0,US,USD,XNYS,1.0000000000,USD,Consumer Discretionary
2025-12-26,DORM,133306.0000000000,0.0851050926,DORMAN PRODUCTS INC,BBG000BM2D52,US,USD,XNGS,1.0000000000,USD,Consumer Discretionary
2025-12-26,BFH,218748.0000000000,0.0851035840,BREAD FINANCIAL HOLDINGS INC,BBG000BFNSP9,US,USD,XNYS,1.0000000000,USD,Financials
2025-12-26,OUT,697006.0000000000,0.0850851551,OUTFRONT MEDIA INC,BBG004S6B059,US,USD,XNYS,1.0000000000,USD,Real Estate
2025-12-26,KFY,251185.0000000000,0.0849406363,KORN FERRY,BBG000C5QQ08,US,USD,XNYS,1.0000000000,USD,Industrials
2025-12-26,BRC,208659.0000000000,0.0848308697,BRADY NONVOTING  CORP CLASS A,BBG000BDNXL7,US,USD,XNYS,1.0000000000,USD,Industrials
2025-12-26,ACAD,598959.0000000000,0.0846945995,ACADIA PHARMACEUTICALS INC,BBG000BHGMW8,US,USD,XNGS,1.0000000000,USD,Health Care
2025-12-26,OTTR,201266.0000000000,0.0843985389,OTTER TAIL CORP,BBG000BQNWL0,US,USD,XNGS,1.0000000000,USD,Utilities
2025-12-26,VG,2297122.0000000000,0.0842643769,VENTURE GLOBAL INC CLASS A,BBG01RGY23P1,US,USD,XNYS,1.0000000000,USD,Energy
2025-12-26,SPSC,180649.0000000000,0.0842403152,SPS COMMERCE INC,BBG000PZGM26,US,USD,XNGS,1.0000000000,USD,Information Technology
2025-12-26,EOSE,1380857.0000000000,0.0842121642,EOS ENERGY ENTERPRISES INC CLASS A,BBG00V5MVJC8,US,USD,XNCM,1.0000000000,USD,Industrials
2025-12-26,KAI,56424.0000000000,0.0840908256,KADANT INC,BBG000BKRVV0,US,USD,XNYS,1.0000000000,USD,Industrials
2025-12-26,CRC,376101.0000000000,0.0840375637,CALIFORNIA RESOURCES CORP,BBG00Y04KPD4,US,USD,XNYS,1.0000000000,USD,Energy
2025-12-26,LIVN,262262.0000000000,0.0839360850,LIVANOVA PLC,BBG009LGHGN2,GB,USD,XNGS,1.0000000000,USD,Health Care
2025-12-26,RNST,455208.0000000000,0.0837219918,RENASANT CORP,BBG000BR48K3,US,USD,XNYS,1.0000000000,USD,Financials
2025-12-26,SHAK,192841.0000000000,0.0832725033,SHAKE SHACK INC CLASS A,BBG007TG0ZM5,US,USD,XNYS,1.0000000000,USD,Consumer Discretionary
2025-12-26,CATY,325938.0000000000,0.0830157257,CATHAY GENERAL BANCORP,BBG000C68N58,US,USD,XNGS,1.0000000000,USD,Financials
2025-12-26,ASO,319174.0000000000,0.0826694233,ACADEMY SPORTS AND OUTDOORS INC,BBG00X7L1CL2,US,USD,XNGS,1.0000000000,USD,Consumer Discretionary
2025-12-26,BKU,359980.0000000000,0.0825905933,BANKUNITED INC,BBG0018BPD35,US,USD,XNYS,1.0000000000,USD,Financials
2025-12-26,VCYT,379278.0000000000,0.0823035480,VERACYTE INC,BBG005CHFX17,US,USD,XNMS,1.0000000000,USD,Health Care
2025-12-26,DOCN,329500.0000000000,0.0822010343,DIGITALOCEAN HOLDINGS INC,BBG00ZGF6SX7,US,USD,XNYS,1.0000000000,USD,Information Technology
2025-12-26,MHO,125269.0000000000,0.0818617696,M I HOMES INC,BBG000BL9P78,US,USD,XNYS,1.0000000000,USD,Consumer Discretionary
2025-12-26,MZTI,97439.0000000000,0.0818137368,MARZETTI,BBG000BN1XT1,US,USD,XNGS,1.0000000000,USD,Consumer Staples
2025-12-26,ONDS,1765145.0000000000,0.0817660126,ONDAS HOLDINGS INC,BBG009HYYCS3,US,USD,XNCM,1.0000000000,USD,Information Technology
2025-12-26,AIR,186958.0000000000,0.0816047862,AAR CORP,BBG000BBGS03,US,USD,XNYS,1.0000000000,USD,Industrials
2025-12-26,AZZ,143932.0000000000,0.0812928244,AZZ INC,BBG000F83LK3,US,USD,XNYS,1.0000000000,USD,Industrials
2025-12-26,ALGM,594508.0000000000,0.0812901879,ALLEGRO MICROSYSTEMS INC,BBG00XZQGZZ8,US,USD,XNGS,1.0000000000,USD,Information Technology
2025-12-26,FBP,751650.0000000000,0.0812682235,FIRST BANCORP,BBG000CYKMH2,PR,USD,XNYS,1.0000000000,USD,Financials
2025-12-26,RARE,462048.0000000000,0.0810650656,ULTRAGENYX PHARMACEUTICAL INC,BBG005KLVV24,US,USD,XNGS,1.0000000000,USD,Health Care
2025-12-26,PVH,230524.0000000000,0.0805972181,PVH CORP,BBG000BRRHK8,US,USD,XNYS,1.0000000000,USD,Consumer Discretionary
2025-12-26,BNL,907450.0000000000,0.0805256371,BROADSTONE NET LEASE INC,BBG00WHM4C83,US,USD,XNYS,1.0000000000,USD,Real Estate
2025-12-26,LBTYK,1429601.0000000000,0.0800040570,LIBERTY GLOBAL LTD CLASS C,BBG01K9KJ3W8,BM,USD,XNGS,1.0000000000,USD,Communication Services
2025-12-26,CALX,288508.0000000000,0.0799523459,CALIX NETWORKS INC,BBG000PXJBS4,US,USD,XNYS,1.0000000000,USD,Information Technology
2025-12-26,WSBC,460113.0000000000,0.0798851701,WESBANCO INC,BBG000BX0MZ7,US,USD,XNGS,1.0000000000,USD,Financials
2025-12-26,OPLN,509634.0000000000,0.0798467678,OPENLANE INC,BBG000VZHMK8,US,USD,XNYS,1.0000000000,USD,Industrials
2025-12-26,ARQT,533997.0000000000,0.0797895051,ARCUTIS BIOTHERAPEUTICS INC,BBG00R9RPLV3,US,USD,XNGS,1.0000000000,USD,Health Care
2025-12-26,FUL,259119.0000000000,0.0795120035,HB FULLER,BBG000BJZBK0,US,USD,XNYS,1.0000000000,USD,Materials
2025-12-26,BGC,1721239.0000000000,0.0792081956,BGC GROUP INC CLASS A,BBG01H9FTHG2,US,USD,XNGS,1.0000000000,USD,Financials
2025-12-26,FHB,592693.0000000000,0.0789370261,FIRST HAWAIIAN INC,BBG00DGWTZK2,US,USD,XNGS,1.0000000000,USD,Financials
2025-12-26,GPOR,75023.0000000000,0.0788803282,GULFPORT ENERGY CORP,BBG0112Z86H6,US,USD,XNYS,1.0000000000,USD,Energy
2025-12-26,RYN,711347.0000000000,0.0788235142,RAYONIER REIT INC,BBG000BG7MZ7,US,USD,XNYS,1.0000000000,USD,Real Estate
2025-12-26,VERA,278679.0000000000,0.0787131187,VERA THERAPEUTICS INC CLASS A,BBG010CJ1DD9,US,USD,XNMS,1.0000000000,USD,Health Care
2025-12-26,SLG,340257.0000000000,0.0785489023,SL GREEN REALTY REIT CORP,BBG000BVP7C2,US,USD,XNYS,1.0000000000,USD,Real Estate
2025-12-26,SYM,265270.0000000000,0.0784586984,SYMBOTIC INC CLASS A,BBG00ZK05MP8,US,USD,XNMS,1.0000000000,USD,Industrials
2025-12-26,TARS,187380.0000000000,0.0784425091,TARSUS PHARMACEUTICALS INC,BBG00XMLWXZ0,US,USD,XNGS,1.0000000000,USD,Health Care
2025-12-26,VAL,309984.0000000000,0.0782445358,VALARIS LTD,BBG010LLL1P5,BM,USD,XNYS,1.0000000000,USD,Energy
2025-12-26,OSCR,1031270.0000000000,0.0781184913,OSCAR HEALTH INC CLASS A,BBG00YMWFV32,US,USD,XNYS,1.0000000000,USD,Financials
2025-12-26,FIBK,428831.0000000000,0.0780221858,FIRST INTERSTATE BANCSYSTEM INC,BBG000BMSPZ4,US,USD,XNGS,1.0000000000,USD,Financials
2025-12-26,YOU,424750.0000000000,0.0780123954,CLEAR SECURE INC CLASS A,BBG011C0FS86,US,USD,XNYS,1.0000000000,USD,Information Technology
2025-12-26,CLSK,1348640.0000000000,0.0780050183,CLEANSPARK INC,BBG001MB8B69,US,USD,XNCM,1.0000000000,USD,Information Technology
2025-12-26,GSAT,243052.0000000000,0.0779976259,GLOBALSTAR VOTING INC,BBG000K00N96,US,USD,XNGS,1.0000000000,USD,Communication Services
2025-12-26,CDP,540640.0000000000,0.0778196307,COPT DEFENSE PROPERTIES,BBG000BXL661,US,USD,XNYS,1.0000000000,USD,Real Estate
2025-12-26,NMIH,368244.0000000000,0.0777231986,NMI HOLDINGS INC,BBG005DLMN57,US,USD,XNMS,1.0000000000,USD,Financials
2025-12-26,KTB,245022.0000000000,0.0776228582,KONTOOR BRANDS INC,BBG00P1DMP31,US,USD,XNYS,1.0000000000,USD,Consumer Discretionary
2025-12-26,HAYW,955792.0000000000,0.0773474025,HAYWARD HOLDINGS INC,BBG00Z9CCRM9,US,USD,XNYS,1.0000000000,USD,Industrials
2025-12-26,WHD,330625.0000000000,0.0770969796,CACTUS INC CLASS A,BBG00JRH1PD0,US,USD,XNYS,1.0000000000,USD,Energy
2025-12-26,POWL,45137.0000000000,0.0769862738,POWELL INDUSTRIES INC,BBG000BRH4D6,US,USD,XNGS,1.0000000000,USD,Industrials
2025-12-26,CARG,389174.0000000000,0.0767897788,CARGURUS INC CLASS A,BBG00HQ77GD1,US,USD,XNGS,1.0000000000,USD,Communication Services
2025-12-26,PSMT,121536.0000000000,0.0764994602,PRICESMART INC,BBG000BTL1H9,US,USD,XNGS,1.0000000000,USD,Consumer Staples
2025-12-26,SBCF,464070.0000000000,0.0764988419,SEACOAST BANKING OF FLORIDA,BBG000KK4M54,US,USD,XNGS,1.0000000000,USD,Financials
2025-12-26,AVA,390813.0000000000,0.0760820938,AVISTA CORP,BBG000BCNHB5,US,USD,XNYS,1.0000000000,USD,Utilities
2025-12-26,IDYA,420030.0000000000,0.0760373217,IDEAYA BIOSCIENCES INC,BBG00P162X86,US,USD,XNGS,1.0000000000,USD,Health Care
2025-12-26,BXMT,755289.0000000000,0.0759901897,BLACKSTONE MORTGAGE TRUST REIT CLA,BBG000BGKLN7,US,USD,XNYS,1.0000000000,USD,Financials
2025-12-26,FRPT,233756.0000000000,0.0759276733,FRESHPET INC,BBG00742MS54,US,USD,XNMS,1.0000000000,USD,Consumer Staples
2025-12-26,WSFS,261931.0000000000,0.0758963196,WSFS FINANCIAL CORP,BBG000BX1MC1,US,USD,XNGS,1.0000000000,USD,Financials
2025-12-26,TGNA,771560.0000000000,0.0758656411,TEGNA INC,BBG000BK5H18,US,USD,XNYS,1.0000000000,USD,Communication Services
2025-12-26,TBBK,210394.0000000000,0.0756301323,BANCORP INC,BBG000Q514R0,US,USD,XNGS,1.0000000000,USD,Financials
2025-12-26,CBU,252278.0000000000,0.0756208441,COMMUNITY FINANCIAL SYSTEM INC,BBG000BF4G49,US,USD,XNYS,1.0000000000,USD,Financials
2025-12-26,SHOO,348076.0000000000,0.0755150355,STEVEN MADDEN LTD,BBG000BLVFL9,US,USD,XNGS,1.0000000000,USD,Consumer Discretionary
2025-12-26,BRZE,412948.0000000000,0.0750695531,BRAZE INC CLASS A,BBG01358HYS6,US,USD,XNGS,1.0000000000,USD,Information Technology
2025-12-26,VCTR,230197.0000000000,0.0750169213,VICTORY CAPITAL HOLDINGS CLASS A I,BBG00JR5Y3S3,US,USD,XNGS,1.0000000000,USD,Financials
2025-12-26,HWKN,100076.0000000000,0.0744668999,HAWKINS INC,BBG000BLM773,US,USD,XNGS,1.0000000000,USD,Materials
2025-12-26,TPC,212290.0000000000,0.0742436766,TUTOR PERINI CORP,BBG000BQXNS2,US,USD,XNYS,1.0000000000,USD,Industrials
2025-12-26,KGS,398164.0000000000,0.0741799128,KODIAK GAS SERVICES INC,BBG01G4G6XZ6,US,USD,XNYS,1.0000000000,USD,Energy
2025-12-26,AGYS,121633.0000000000,0.0741167011,AGILYSYS INC,BBG000BR7GZ6,US,USD,XNGS,1.0000000000,USD,Information Technology
2025-12-26,REVG,233836.0000000000,0.0736520326,REV GROUP INC,BBG00F32S098,US,USD,XNYS,1.0000000000,USD,Industrials
2025-12-26,EEFT,187321.0000000000,0.0734376946,EURONET WORLDWIDE INC,BBG000BMNMV0,US,USD,XNGS,1.0000000000,USD,Financials
2025-12-26,PBH,230938.0000000000,0.0731376193,PRESTIGE CONSUMER HEALTHCARE INC,BBG000QM0V85,US,USD,XNYS,1.0000000000,USD,Health Care
2025-12-26,RRR,232157.0000000000,0.0730878563,RED ROCK RESORTS ORS CLASS A INC,BBG00B6G80S4,US,USD,XNGS,1.0000000000,USD,Consumer Discretionary
2025-12-26,LXP,283218.0000000000,0.0730546810,LXP INDUSTRIAL TRUST,BBG000BL34D4,US,USD,XNYS,1.0000000000,USD,Real Estate
2025-12-26,LBRT,775919.0000000000,0.0729873795,LIBERTY ENERGY INC CLASS A,BBG00GK839L8,US,USD,XNYS,1.0000000000,USD,Energy
2025-12-26,LCII,115934.0000000000,0.0728262921,LCI INDUSTRIES,BBG000DNLQR4,US,USD,XNYS,1.0000000000,USD,Consumer Discretionary
2025-12-26,CPK,113662.0000000000,0.0728177288,CHESAPEAKE UTILITIES CORP,BBG000G4GMG0,US,USD,XNYS,1.0000000000,USD,Utilities
2025-12-26,WU,1522669.0000000000,0.0722335188,WESTERN UNION,BBG000BB55B3,US,USD,XNYS,1.0000000000,USD,Financials
2025-12-26,SUPN,274688.0000000000,0.0721505270,SUPERNUS PHARMACEUTICALS INC,BBG001CJC366,US,USD,XNMS,1.0000000000,USD,Health Care
2025-12-26,GFF,187358.0000000000,0.0719977953,GRIFFON CORP,BBG000D7GY98,US,USD,XNYS,1.0000000000,USD,Industrials
2025-12-26,CPRI,570767.0000000000,0.0718467744,CAPRI HOLDINGS LTD,BBG0029SNRB7,GB,USD,XNYS,1.0000000000,USD,Consumer Discretionary
2025-12-26,APAM,337555.0000000000,0.0714856129,ARTISAN PARTNERS ASSET MANAGEMENT,BBG001M6D022,US,USD,XNYS,1.0000000000,USD,Financials
2025-12-26,TERN,332284.0000000000,0.0714483226,TERNS PHARMACEUTICALS INC,BBG00YYCYMX9,US,USD,XNGS,1.0000000000,USD,Health Care
2025-12-26,PLUG,6665772.0000000000,0.0710217558,PLUG POWER INC,BBG000C1Y014,US,USD,XNCM,1.0000000000,USD,Industrials
2025-12-26,HNI,329882.0000000000,0.0708481546,HNI CORP,BBG000C7QMR4,US,USD,XNYS,1.0000000000,USD,Industrials
2025-12-26,WGS,102552.0000000000,0.0708095776,GENEDX HOLDINGS CORP CLASS A,BBG00XZQM1H6,US,USD,XNGS,1.0000000000,USD,Health Care
2025-12-26,AMBA,194452.0000000000,0.0707874022,AMBARELLA INC,BBG001QZCQ46,US,USD,XNGS,1.0000000000,USD,Information Technology
2025-12-26,UNF,69780.0000000000,0.0706558097,UNIFIRST CORP,BBG000BW2CN2,US,USD,XNYS,1.0000000000,USD,Industrials
2025-12-26,TENB,571730.0000000000,0.0701115045,TENABLE HOLDINGS INC,BBG00LBLCDK0,US,USD,XNGS,1.0000000000,USD,Information Technology
2025-12-26,MGEE,175504.0000000000,0.0700426576,MGE ENERGY INC,BBG000JNX2J7,US,USD,XNGS,1.0000000000,USD,Utilities
2025-12-26,HURN,76573.0000000000,0.0699543238,HURON CONSULTING GROUP INC,BBG000PV2XM4,US,USD,XNGS,1.0000000000,USD,Industrials
2025-12-26,AVNT,438647.0000000000,0.0697931617,AVIENT CORP,BBG000C8NKJ8,US,USD,XNYS,1.0000000000,USD,Materials
2025-12-26,BL,239382.0000000000,0.0697390993,BLACKLINE INC,BBG00DYBZQ30,US,USD,XNGS,1.0000000000,USD,Information Technology
2025-12-26,SYNA,186026.0000000000,0.0697162478,SYNAPTICS INC,BBG000BQVCX2,US,USD,XNGS,1.0000000000,USD,Information Technology
2025-12-26,ACLX,207755.0000000000,0.0695692106,ARCELLX INC,BBG014L7WW14,US,USD,XNGS,1.0000000000,USD,Health Care
2025-12-26,NATL,355007.0000000000,0.0695257810,NCR ATLEOS CORP,BBG01JJMXZJ4,US,USD,XNYS,1.0000000000,USD,Financials
2025-12-26,LRN,207736.0000000000,0.0695101491,STRIDE INC,BBG000QSXRZ5,US,USD,XNYS,1.0000000000,USD,Consumer Discretionary
2025-12-26,TDC,447621.0000000000,0.0694268637,TERADATA CORP,BBG000R0L737,US,USD,XNYS,1.0000000000,USD,Information Technology
2025-12-26,AWR,185695.0000000000,0.0693048433,AMERICAN STATES WATER,BBG000F96667,US,USD,XNYS,1.0000000000,USD,Utilities
2025-12-26,PCH,340649.0000000000,0.0691681019,POTLATCHDELTIC CORP,BBG000BQXCV2,US,USD,XNGS,1.0000000000,USD,Real Estate
2025-12-26,CPRX,554727.0000000000,0.0688144785,CATALYST PHARMACEUTICALS INC,BBG000GZFNV3,US,USD,XNCM,1.0000000000,USD,Health Care
2025-12-26,CACC,29596.0000000000,0.0686727383,CREDIT ACCEPTANCE CORP,BBG000CS1RP6,US,USD,XNGS,1.0000000000,USD,Financials
2025-12-26,NMRK,762314.0000000000,0.0684200494,NEWMARK GROUP INC CLASS A,BBG00J24S7Q3,US,USD,XNGS,1.0000000000,USD,Real Estate
2025-12-26,RH,73505.0000000000,0.0682404937,RH,BBG002293PN9,US,USD,XNYS,1.0000000000,USD,Consumer Discretionary
2025-12-26,HIW,524476.0000000000,0.0681751968,HIGHWOODS PROPERTIES REIT INC,BBG000C43860,US,USD,XNYS,1.0000000000,USD,Real Estate
2025-12-26,BOH,190516.0000000000,0.0679723010,BANK OF HAWAII CORP,BBG000C8DC25,US,USD,XNYS,1.0000000000,USD,Financials
2025-12-26,SXI,58238.0000000000,0.0677890242,STANDEX INTERNATIONAL CORP,BBG000BTT7Q8,US,USD,XNYS,1.0000000000,USD,Industrials
2025-12-26,ALHC,697480.0000000000,0.0677676136,ALIGNMENT HEALTHCARE INC,BBG00ZJ0DTL0,US,USD,XNGS,1.0000000000,USD,Health Care
2025-12-26,SFNC,693286.0000000000,0.0677118718,SIMMONS FIRST NATIONAL CORP CLASS,BBG000BSTL98,US,USD,XNGS,1.0000000000,USD,Financials
2025-12-26,HP,476236.0000000000,0.0676069879,HELMERICH & PAYNE INC,BBG000BLCRT6,US,USD,XNYS,1.0000000000,USD,Energy
2025-12-26,GTM,1313592.0000000000,0.0674470039,ZOOMINFO TECHNOLOGIES INC,BBG00S1HJ455,US,USD,XNGS,1.0000000000,USD,Communication Services
2025-12-26,XMTR,209486.0000000000,0.0673960451,XOMETRY INC CLASS A,BBG011BNRJ93,US,USD,XNGS,1.0000000000,USD,Industrials
2025-12-26,WDFC,64773.0000000000,0.0673343124,WD-40,BBG000BWP4F4,US,USD,XNGS,1.0000000000,USD,Consumer Staples
2025-12-26,BEAM,471557.0000000000,0.0673255553,BEAM THERAPEUTICS INC,BBG00QG1RFK7,US,USD,XNGS,1.0000000000,USD,Health Care
2025-12-26,BCC,177458.0000000000,0.0672660575,BOISE CASCADE,BBG003MSHM91,US,USD,XNYS,1.0000000000,USD,Industrials
2025-12-26,DAN,559719.0000000000,0.0671050843,DANA INCORPORATED INC,BBG000TCD239,US,USD,XNYS,1.0000000000,USD,Consumer Discretionary
2025-12-26,ITGR,167716.0000000000,0.0669770574,INTEGER HOLDINGS CORP,BBG000BW6NN4,US,USD,XNYS,1.0000000000,USD,Health Care
2025-12-26,CGON,328473.0000000000,0.0668957766,CG ONCOLOGY INC,BBG01KV825L5,US,USD,XNGS,1.0000000000,USD,Health Care
2025-12-26,TPH,411767.0000000000,0.0668742412,TRI POINTE HOMES INC,BBG003QVLQD1,US,USD,XNYS,1.0000000000,USD,Consumer Discretionary
2025-12-26,PRVA,555309.0000000000,0.0667454135,PRIVIA HEALTH GROUP INC,BBG00ZXYXW77,US,USD,XNGS,1.0000000000,USD,Health Care
2025-12-26,VRDN,406930.0000000000,0.0666461229,VIRIDIAN THERAPEUTICS ORS INC,BBG00666F802,US,USD,XNCM,1.0000000000,USD,Health Care
2025-12-26,RHI,476832.0000000000,0.0666271113,ROBERT HALF INC,BBG000BS5GM0,US,USD,XNYS,1.0000000000,USD,Industrials
2025-12-26,NCNO,505273.0000000000,0.0666019421,NCINO INC,BBG014GJ9QF8,US,USD,XNGS,1.0000000000,USD,Information Technology
2025-12-26,UPWK,625916.0000000000,0.0665941590,UPWORK INC,BBG00LXPHFL6,US,USD,XNGS,1.0000000000,USD,Industrials
2025-12-26,AKR,626662.0000000000,0.0665463506,ACADIA REALTY TRUST REIT,BBG000BJGG48,US,USD,XNYS,1.0000000000,USD,Real Estate
2025-12-26,GRAL,141928.0000000000,0.0661479179,GRAIL INC,BBG01N6CGWP0,US,USD,XNGS,1.0000000000,USD,Health Care
2025-12-26,ASH,218882.0000000000,0.0659545906,ASHLAND INC,BBG00D20JBT2,US,USD,XNYS,1.0000000000,USD,Materials
2025-12-26,VIRT,383674.0000000000,0.0657572542,VIRTU FINANCIAL INC CLASS A,BBG0064N2TV1,US,USD,XNYS,1.0000000000,USD,Financials
2025-12-26,HGV,286862.0000000000,0.0655530735,HILTON GRAND VACATIONS INC,BBG00CBYY6R6,US,USD,XNYS,1.0000000000,USD,Consumer Discretionary
2025-12-26,PFS,625489.0000000000,0.0650254386,PROVIDENT FINANCIAL SERVICES INC,BBG000P23MN0,US,USD,XNYS,1.0000000000,USD,Financials
2025-12-26,HUBG,290210.0000000000,0.0646837562,HUB GROUP INC CLASS A,BBG000G9YQZ9,US,USD,XNGS,1.0000000000,USD,Industrials
2025-12-26,INTA,269543.0000000000,0.0646724073,INTAPP INC,BBG011BQC8Q7,US,USD,XNGS,1.0000000000,USD,Information Technology
2025-12-26,APLE,1054007.0000000000,0.0646534123,APPLE HOSPITALITY REIT INC,BBG008P33727,US,USD,XNYS,1.0000000000,USD,Real Estate
2025-12-26,MTRN,99324.0000000000,0.0644786813,MATERION CORP,BBG000BDTVX2,US,USD,XNYS,1.0000000000,USD,Materials
2025-12-26,MGRC,117927.0000000000,0.0644093534,MCGRATH RENT,BBG000BP0HP6,US,USD,XNGS,1.0000000000,USD,Industrials
2025-12-26,VC,130919.0000000000,0.0644046080,VISTEON CORP,BBG0016T3HB4,US,USD,XNGS,1.0000000000,USD,Consumer Discretionary
2025-12-26,BANC,643067.0000000000,0.0641774177,BANC OF CALIFORNIA INC,BBG000F7VK71,US,USD,XNYS,1.0000000000,USD,Financials
2025-12-26,BBAI,2091342.0000000000,0.0639829156,BIGBEAR.AI HOLDINGS INC,BBG00ZVN04V4,US,USD,XNYS,1.0000000000,USD,Information Technology
2025-12-26,AAOI,307467.0000000000,0.0639593472,APPLIED OPTOELECTRONICS INC,BBG00564XQN4,US,USD,XNMS,1.0000000000,USD,Information Technology
2025-12-26,DXC,834207.0000000000,0.0639105319,DXC TECHNOLOGY,BBG00FZQLY75,US,USD,XNYS,1.0000000000,USD,Information Technology
2025-12-26,WRBY,477084.0000000000,0.0637334409,WARBY PARKER INC CLASS A,BBG012J39QN5,US,USD,XNYS,1.0000000000,USD,Consumer Discretionary
2025-12-26,WAFD,377078.0000000000,0.0633449548,WAFD INC,BBG000BWR541,US,USD,XNGS,1.0000000000,USD,Financials
2025-12-26,BKD,1141270.0000000000,0.0630576724,BROOKDALE SENIOR LIVING INC,BBG000J4L4J8,US,USD,XNYS,1.0000000000,USD,Health Care
2025-12-26,IAC,312328.0000000000,0.0630214174,IAC INC,BBG00S1LT2C1,US,USD,XNGS,1.0000000000,USD,Communication Services
2025-12-26,ALRM,239240.0000000000,0.0629488733,ALARM.COM HOLDINGS INC,BBG0099LP113,US,USD,XNGS,1.0000000000,USD,Information Technology
2025-12-26,ABM,293348.0000000000,0.0627636783,ABM INDUSTRIES INC,BBG000B9Z0B6,US,USD,XNYS,1.0000000000,USD,Industrials
2025-12-26,CBZ,235467.0000000000,0.0627326630,CBIZ INC,BBG000FQD411,US,USD,XNYS,1.0000000000,USD,Industrials
2025-12-26,CWT,285216.0000000000,0.0626445257,CALIFORNIA WATER SERVICE GROUP,BBG000D8KWS4,US,USD,XNYS,1.0000000000,USD,Utilities
2025-12-26,ACLS,148882.0000000000,0.0625452289,AXCELIS TECHNOLOGIES INC,BBG000DW4H02,US,USD,XNGS,1.0000000000,USD,Information Technology
2025-12-26,APLS,489476.0000000000,0.0624832620,APELLIS PHARMACEUTICALS INC,BBG00B6KDSL5,US,USD,XNGS,1.0000000000,USD,Health Care
2025-12-26,SMG,212985.0000000000,0.0624703074,SCOTTS MIRACLE GRO,BBG000BT5V54,US,USD,XNYS,1.0000000000,USD,Materials
2025-12-26,DNOW,889433.0000000000,0.0622299081,DNOW INC,BBG005BLN245,US,USD,XNYS,1.0000000000,USD,Industrials
2025-12-26,IRON,152453.0000000000,0.0622122199,DISC MEDICINE INC,BBG00W9MJKF0,US,USD,XNMS,1.0000000000,USD,Health Care
2025-12-26,FRSH,993906.0000000000,0.0620257578,FRESHWORKS INC CLASS A,BBG012FFQ0S5,US,USD,XNGS,1.0000000000,USD,Information Technology
2025-12-26,FFBC,472018.0000000000,0.0617874001,FIRST FINANCIAL BANCORP,BBG000BJH6W8,US,USD,XNGS,1.0000000000,USD,Financials
2025-12-26,INSP,126991.0000000000,0.0616282127,INSPIRE MEDICAL SYSTEMS INC,BBG00KK0J207,US,USD,XNYS,1.0000000000,USD,Health Care
2025-12-26,DAVE,53098.0000000000,0.0616094019,DAVE INC CLASS A,BBG00Z483VY1,US,USD,XNMS,1.0000000000,USD,Financials
2025-12-26,DYN,595878.0000000000,0.0615238380,DYNE THERAPEUTICS INC,BBG00WYHNKF8,US,USD,XNGS,1.0000000000,USD,Health Care
2025-12-26,GVMXX,12064033.7300000000,0.0612088471,SSC GOVERNMENT MM GVMXX,BBG000BQBCL7,US,USD,XNAS,1.0000000000,USD,
2025-12-26,NSIT,148791.0000000000,0.0611557012,INSIGHT ENTERPRISES INC,BBG000DY3VG1,US,USD,XNGS,1.0000000000,USD,Information Technology
2025-12-26,MCY,127290.0000000000,0.0611339478,MERCURY GENERAL CORP,BBG000F1C943,US,USD,XNYS,1.0000000000,USD,Financials
2025-12-26,CVBF,616074.0000000000,0.0610771966,CVB FINANCIAL CORP,BBG000JTYS97,US,USD,XNGS,1.0000000000,USD,Financials
2025-12-26,TOWN,351459.0000000000,0.0606639428,TOWNEBANK,BBG000BBSPV2,US,USD,XNGS,1.0000000000,USD,Financials
2025-12-26,GT,1368913.0000000000,0.0606333755,GOODYEAR TIRE & RUBBER,BBG000BKP8N2,US,USD,XNGS,1.0000000000,USD,Consumer Discretionary
2025-12-26,SPHR,126743.0000000000,0.0604403941,SPHERE ENTERTAINMENT CLASS A,BBG00R73DWH3,US,USD,XNYS,1.0000000000,USD,Communication Services
2025-12-26,MPW,2356555.0000000000,0.0603796531,MEDICAL PROPERTIES TRUST REIT INC,BBG000BGRDL0,US,USD,XNYS,1.0000000000,USD,Real Estate
2025-12-26,FCPT,506997.0000000000,0.0602440188,FOUR CORNERS PROPERTY INC TRUST,BBG009H33QS4,US,USD,XNYS,1.0000000000,USD,Real Estate
2025-12-26,HOG,565971.0000000000,0.0600153192,HARLEY DAVIDSON INC,BBG000BKZWW8,US,USD,XNYS,1.0000000000,USD,Consumer Discretionary
2025-12-26,AAP,287541.0000000000,0.0599894030,ADVANCE AUTO PARTS INC,BBG000F7RFH6,US,USD,XNYS,1.0000000000,USD,Consumer Discretionary
2025-12-26,DBD,171824.0000000000,0.0599695499,DIEBOLD NIXDORF INC,BBG01HVHYBY0,US,USD,XNYS,1.0000000000,USD,Information Technology
2025-12-26,VICR,108837.0000000000,0.0598918623,VICOR CORP,BBG000C3VQG0,US,USD,XNGS,1.0000000000,USD,Industrials
2025-12-26,PTON,1925678.0000000000,0.0596961790,PELOTON INTERACTIVE CLASS A INC,BBG00Q40B1Z4,US,USD,XNGS,1.0000000000,USD,Consumer Discretionary
2025-12-26,RELY,822003.0000000000,0.0596391019,REMITLY GLOBAL INC,BBG012C7JTC8,US,USD,XNGS,1.0000000000,USD,Financials
2025-12-26,LQDA,327991.0000000000,0.0595587097,LIQUIDIA CORP,BBG00LBBYLK0,US,USD,XNCM,1.0000000000,USD,Health Care
2025-12-26,LOAR,170279.0000000000,0.0592834487,LOAR HOLDINGS INC,BBG01M86F5G3,US,USD,XNYS,1.0000000000,USD,Industrials
2025-12-26,UE,601303.0000000000,0.0591856955,URBAN EDGE PROPERTIES,BBG006BFYQT4,US,USD,XNYS,1.0000000000,USD,Real Estate
2025-12-26,OII,479199.0000000000,0.0590804551,OCEANEERING INTERNATIONAL INC,BBG000CPBGD8,US,USD,XNYS,1.0000000000,USD,Energy
2025-12-26,CUBI,152227.0000000000,0.0590614947,CUSTOMERS BANCORP INC,BBG002CPX964,US,USD,XNYS,1.0000000000,USD,Financials
2025-12-26,KSS,536907.0000000000,0.0588402450,KOHLS CORP,BBG000CS8H44,US,USD,XNYS,1.0000000000,USD,Consumer Discretionary
2025-12-26,SMR,720715.0000000000,0.0587991788,NUSCALE POWER CORP CLASS A,BBG00YG48NR1,US,USD,XNYS,1.0000000000,USD,Industrials
2025-12-26,KLIC,249491.0000000000,0.0587979598,KULICKE AND SOFFA INDUSTRIES INC,BBG000BMV4D1,SG,USD,XNGS,1.0000000000,USD,Information Technology
2025-12-26,TRMK,287235.0000000000,0.0587159755,TRUSTMARK CORP,BBG000C3SLW7,US,USD,XNGS,1.0000000000,USD,Financials
2025-12-26,HHH,146968.0000000000,0.0586913841,HOWARD HUGHES HOLDINGS INC,BBG01HTMMBB0,US,USD,XNYS,1.0000000000,USD,Real Estate
2025-12-26,KMPR,280475.0000000000,0.0583160052,KEMPER CORP,BBG000H3HJ95,US,USD,XNYS,1.0000000000,USD,Financials
2025-12-26,SLNO,233277.0000000000,0.0581605800,SOLENO THERAPEUTICS INC,BBG006MJGV31,US,USD,XNCM,1.0000000000,USD,Health Care
2025-12-26,CXT,236229.0000000000,0.0580815605,CRANE NXT,BBG017BY2KX3,US,USD,XNYS,1.0000000000,USD,Information Technology
2025-12-26,ATEC,549144.0000000000,0.0578687890,ALPHATEC HOLDNGS INC,BBG000BBMM63,US,USD,XNGS,1.0000000000,USD,Health Care
2025-12-26,DNLI,670103.0000000000,0.0577639118,DENALI THERAPEUTICS INC,BBG00J7CBX90,US,USD,XNGS,1.0000000000,USD,Health Care
2025-12-26,CON,572485.0000000000,0.0576562349,CONCENTRA GROUP HOLDINGS PARENT IN,BBG01NBZ7QJ3,US,USD,XNYS,1.0000000000,USD,Health Care
2025-12-26,MGNI,686157.0000000000,0.0575115664,MAGNITE INC,BBG005YZ3NW4,US,USD,XNGS,1.0000000000,USD,Communication Services
2025-12-26,CAKE,218951.0000000000,0.0573771423,CHEESECAKE FACTORY INC,BBG000CSC8K1,US,USD,XNGS,1.0000000000,USD,Consumer Discretionary
2025-12-26,PHIN,184165.0000000000,0.0572968701,PHINIA INC,BBG01H0F3HP9,US,USD,XNYS,1.0000000000,USD,Consumer Discretionary
2025-12-26,PLUS,125795.0000000000,0.0571928201,EPLUS,BBG000HNBJS6,US,USD,XNGS,1.0000000000,USD,Information Technology
2025-12-26,OLN,546713.0000000000,0.0571687962,OLIN CORP,BBG000BQHX53,US,USD,XNYS,1.0000000000,USD,Materials
2025-12-26,WVE,616695.0000000000,0.0571024775,WAVE LIFE SCIENCES LTD,BBG00B642VD5,SG,USD,XNMS,1.0000000000,USD,Health Care
2025-12-26,SPNT,496622.0000000000,0.0570962408,SIRIUSPOINT LTD,BBG004TYNYC2,BM,USD,XNYS,1.0000000000,USD,Financials
2025-12-26,JOE,190877.0000000000,0.0570898714,ST JOE,BBG000D6VGB9,US,USD,XNYS,1.0000000000,USD,Real Estate
2025-12-26,COCO,210086.0000000000,0.0569300212,THE VITA COCO COMPANY INC,BBG012QFVT40,US,USD,XNGS,1.0000000000,USD,Consumer Staples
2025-12-26,CNK,493879.0000000000,0.0568811113,CINEMARK HOLDINGS INC,BBG000QDVT13,US,USD,XNYS,1.0000000000,USD,Communication Services
2025-12-26,SRPT,501993.0000000000,0.0568477796,SAREPTA THERAPEUTICS INC,BBG000BCJC58,US,USD,XNGS,1.0000000000,USD,Health Care
2025-12-26,TDW,220262.0000000000,0.0567484403,TIDEWATER INC,BBG00HBQ35V3,US,USD,XNYS,1.0000000000,USD,Energy
2025-12-26,BLKB,176146.0000000000,0.0566251818,BLACKBAUD INC,BBG000BGH7H9,US,USD,XNGS,1.0000000000,USD,Information Technology
2025-12-26,DIOD,221968.0000000000,0.0565798321,DIODES INC,BBG000G262B4,US,USD,XNGS,1.0000000000,USD,Information Technology
2025-12-26,DJT,775257.0000000000,0.0562868552,TRUMP MEDIA TECHNOLOGY GROUP CORP,BBG011744LN4,US,USD,XNMS,1.0000000000,USD,Communication Services
2025-12-26,GTX,633550.0000000000,0.0560273314,GARRETT MOTION INC,BBG00HY28PT5,CH,USD,XNGS,1.0000000000,USD,Consumer Discretionary
2025-12-26,FBK,193354.0000000000,0.0559569884,FB FINANCIAL CORP,BBG00DM451H2,US,USD,XNYS,1.0000000000,USD,Financials
2025-12-26,OI,735812.0000000000,0.0558869388,O I GLASS INC,BBG00R40T593,US,USD,XNYS,1.0000000000,USD,Materials
2025-12-26,CHEF,173470.0000000000,0.0558617494,CHEFS WAREHOUSE INC,BBG001MFW708,US,USD,XNGS,1.0000000000,USD,Consumer Staples
2025-12-26,FLO,1011670.0000000000,0.0557943305,FLOWERS FOODS INC,BBG000BB4FW9,US,USD,XNYS,1.0000000000,USD,Consumer Staples
2025-12-26,NUVB,1154191.0000000000,0.0557488980,NUVATION BIO INC CLASS A,BBG00WRF04L4,US,USD,XNYS,1.0000000000,USD,Health Care
2025-12-26,GOLF,132166.0000000000,0.0554557918,ACUSHNET HOLDINGS CORP,BBG00D5L3TF6,US,USD,XNYS,1.0000000000,USD,Consumer Discretionary
2025-12-26,LC,553120.0000000000,0.0554253083,LENDINGCLUB CORP,BBG0074JGF52,US,USD,XNYS,1.0000000000,USD,Financials
2025-12-26,BBT,403095.0000000000,0.0553218043,BEACON FINANCIAL CORP,BBG000BB02N2,US,USD,XNYS,1.0000000000,USD,Financials
2025-12-26,RXRX,2466661.0000000000,0.0550660340,RECURSION PHARMACEUTICALS INC CLAS,BBG00ZS43GL1,US,USD,XNGS,1.0000000000,USD,Health Care
2025-12-26,DBRG,796358.0000000000,0.0550309626,DIGITALBRIDGE GROUP INC CLASS A,BBG00D32ML39,US,USD,XNYS,1.0000000000,USD,Financials
2025-12-26,PRK,68440.0000000000,0.0549891680,PARK NATIONAL CORP,BBG000DCV496,US,USD,XASE,1.0000000000,USD,Financials
2025-12-26,BANF,98854.0000000000,0.0549650755,BANCFIRST CORP,BBG000BGJV39,US,USD,XNGS,1.0000000000,USD,Financials
2025-12-26,GEO,654985.0000000000,0.0549320571,GEO GROUP INC,BBG000GC1YQ1,US,USD,XNYS,1.0000000000,USD,Industrials
2025-12-26,SYRE,327107.0000000000,0.0548507988,SPYRE THERAPEUTICS INC,BBG009DXJ5Q3,US,USD,XNGS,1.0000000000,USD,Health Care
2025-12-26,CURB,463807.0000000000,0.0547119144,CURBLINE PROPERTIES,BBG01JZB98Z9,US,USD,XNYS,1.0000000000,USD,Real Estate
2025-12-26,BATRK,273194.0000000000,0.0545982588,ATLANTA BRAVES HOLDINGS INC SERIES,BBG01HCX3YR8,US,USD,XNGS,1.0000000000,USD,Communication Services
2025-12-26,RNG,367727.0000000000,0.0545910560,RINGCENTRAL INC CLASS A,BBG00562KGZ1,US,USD,XNYS,1.0000000000,USD,Information Technology
2025-12-26,AMR,51742.0000000000,0.0545755933,ALPHA METALLURGICAL RESOURCE INC,BBG00DM0B9H6,US,USD,XNYS,1.0000000000,USD,Materials
2025-12-26,EYE,378545.0000000000,0.0543532609,NATIONAL VISION HOLDINGS INC,BBG00HVQFBV5,US,USD,XNGS,1.0000000000,USD,Consumer Discretionary
2025-12-26,NBTB,250620.0000000000,0.0543083930,NBT BANCORP INC,BBG000CJPPS1,US,USD,XNGS,1.0000000000,USD,Financials
2025-12-26,XRAY,953812.0000000000,0.0542971824,DENTSPLY SIRONA INC,BBG000BX5KG7,US,USD,XNGS,1.0000000000,USD,Health Care
2025-12-26,HI,337685.0000000000,0.0542944782,HILLENBRAND INC,BBG000KT0KS8,US,USD,XNYS,1.0000000000,USD,Industrials
2025-12-26,EXTR,636952.0000000000,0.0542599085,EXTREME NETWORKS INC,BBG000BFRDJ5,US,USD,XNGS,1.0000000000,USD,Information Technology
2025-12-26,TRN,384115.0000000000,0.0542175699,TRINITY INDUSTRIES INC,BBG000BVL406,US,USD,XNYS,1.0000000000,USD,Industrials
2025-12-26,IVT,371842.0000000000,0.0542020514,INVENTRUST PROPERTIES CORP,BBG0060N2LP9,US,USD,XNYS,1.0000000000,USD,Real Estate
2025-12-26,KMT,364531.0000000000,0.0541165926,KENNAMETAL INC,BBG000BMWNG5,US,USD,XNYS,1.0000000000,USD,Industrials
2025-12-26,BANR,163292.0000000000,0.0540588844,BANNER CORP,BBG000MW1Z96,US,USD,XNGS,1.0000000000,USD,Financials
2025-12-26,CAR,80716.0000000000,0.0539836934,AVIS BUDGET GROUP INC,BBG000FLRB48,US,USD,XNGS,1.0000000000,USD,Industrials
2025-12-26,FRME,276100.0000000000,0.0537221555,FIRST MERCHANTS CORP,BBG000BBSV76,US,USD,XNGS,1.0000000000,USD,Financials
2025-12-26,MSGE,193373.0000000000,0.0534508467,MADISON SQUARE GARDEN ENTERTAINMEN,BBG01G3NYFQ0,US,USD,XNYS,1.0000000000,USD,Communication Services
2025-12-26,PBF,395037.0000000000,0.0531536325,PBF ENERGY INC CLASS A,BBG002832GZ4,US,USD,XNYS,1.0000000000,USD,Energy
2025-12-26,OSW,488411.0000000000,0.0531042479,ONESPAWORLD HOLDINGS LTD,BBG00MRGVSG3,BS,USD,XNCM,1.0000000000,USD,Consumer Discretionary
2025-12-26,ATKR,160684.0000000000,0.0530813531,ATKORE INC,BBG00CG8MD78,US,USD,XNYS,1.0000000000,USD,Industrials
2025-12-26,CTRI,400716.0000000000,0.0530638609,CENTURI HOLDINGS INC,BBG01M4ZP929,US,USD,XNYS,1.0000000000,USD,Industrials
2025-12-26,AMRX,810349.0000000000,0.0529142083,AMNEAL PHARMACEUTICALS INC CLASS A,BBG00JPC9DP9,US,USD,XNGS,1.0000000000,USD,Health Care
2025-12-26,QUBT,912631.0000000000,0.0528789686,QUANTUM COMPUTING INC,BBG000PP42C4,US,USD,XNCM,1.0000000000,USD,Information Technology
2025-12-26,PK,957632.0000000000,0.0528140958,PARK HOTELS RESORTS INC,BBG00FGXCK17,US,USD,XNYS,1.0000000000,USD,Real Estate
2025-12-26,OCUL,818416.0000000000,0.0527765889,OCULAR THERAPEUTIX INC,BBG006NXR963,US,USD,XNMS,1.0000000000,USD,Health Care
2025-12-26,SM,549123.0000000000,0.0527123553,SM ENERGY,BBG000BFV311,US,USD,XNYS,1.0000000000,USD,Energy
2025-12-26,SONO,577762.0000000000,0.0526180904,SONOS INC,BBG00LD41Z47,US,USD,XNGS,1.0000000000,USD,Consumer Discretionary
2025-12-26,NGVT,172289.0000000000,0.0524307013,INGEVITY CORP,BBG009LM28P1,US,USD,XNYS,1.0000000000,USD,Materials
2025-12-26,FBNC,198189.0000000000,0.0524089681,FIRST BANCORP,BBG000BJB0D8,US,USD,XNGS,1.0000000000,USD,Financials
2025-12-26,BUSE,423532.0000000000,0.0523891781,FIRST BUSEY CORP,BBG000JNDQ42,US,USD,XNGS,1.0000000000,USD,Financials
2025-12-26,CRVL,149641.0000000000,0.0522956295,CORVEL CORP,BBG000CVM930,US,USD,XNGS,1.0000000000,USD,Health Care
2025-12-26,GEF,148402.0000000000,0.0522165140,GREIF INC CLASS A,BBG000BLFQH8,US,USD,XNYS,1.0000000000,USD,Materials
2025-12-26,ASGN,204559.0000000000,0.0517374965,ASGN INC,BBG000CRNBZ8,US,USD,XNYS,1.0000000000,USD,Information Technology
2025-12-26,EPAC,253816.0000000000,0.0516656116,ENERPAC TOOL GROUP CORP CLASS A,BBG000B9X091,US,USD,XNYS,1.0000000000,USD,Industrials
2025-12-26,ACMR,253906.0000000000,0.0516581669,ACM RESEARCH CLASS A INC,BBG00HPSG9G9,US,USD,XNMS,1.0000000000,USD,Information Technology
2025-12-26,AVDL,468192.0000000000,0.0512621815,AVADEL PHARMACEUTICALS PLC,BBG00FPFXBG7,IE,USD,XNMS,1.0000000000,USD,Health Care
2025-12-26,BELFB,57244.0000000000,0.0511662493,BEL FUSE INC CLASS B,BBG000DYGQB3,US,USD,XNGS,1.0000000000,USD,Information Technology
2025-12-26,CSGS,130132.0000000000,0.0508059275,CSG SYSTEMS INTERNATIONAL INC,BBG000G3W483,US,USD,XNGS,1.0000000000,USD,Industrials
2025-12-26,HCI,51347.0000000000,0.0506810543,HCI GROUP INC,BBG000F4DX89,US,USD,XNYS,1.0000000000,USD,Financials
2025-12-26,RXO,784133.0000000000,0.0506453749,RXO INC,BBG0160DYCM8,US,USD,XNYS,1.0000000000,USD,Industrials
2025-12-26,CIVI,367787.0000000000,0.0505880043,CIVITAS RESOURCES INC,BBG00GLNJ045,US,USD,XNYS,1.0000000000,USD,Energy
2025-12-26,CENX,253501.0000000000,0.0505596869,CENTURY ALUMINUM,BBG000BW1W95,US,USD,XNGS,1.0000000000,USD,Materials
2025-12-26,NOG,463928.0000000000,0.0504893217,NORTHERN OIL AND GAS INC,BBG000DRTF19,US,USD,XNYS,1.0000000000,USD,Energy
2025-12-26,MLYS,265390.0000000000,0.0503994778,MINERALYS THERAPEUTICS INC,BBG01DZ9DK94,US,USD,XNGS,1.0000000000,USD,Health Care
2025-12-26,WD,162982.0000000000,0.0503674423,WALKER & DUNLOP INC,BBG0014GYCF7,US,USD,XNYS,1.0000000000,USD,Financials
2025-12-26,SEI,219763.0000000000,0.0502532077,SOLARIS OILFIELD INFRASTRUCTURE IN,BBG00G7D6C32,US,USD,XNYS,1.0000000000,USD,Energy
2025-12-26,POWI,265768.0000000000,0.0501071900,POWER INTEGRATIONS INC,BBG000BTTCQ7,US,USD,XNGS,1.0000000000,USD,Information Technology
2025-12-26,OMCL,215535.0000000000,0.0500628128,OMNICELL INC,BBG000BTNR35,US,USD,XNGS,1.0000000000,USD,Health Care
2025-12-26,LEVI,464240.0000000000,0.0498873194,LEVI STRAUSS CLASS A,BBG00NBFGH62,US,USD,XNYS,1.0000000000,USD,Consumer Discretionary
2025-12-26,TPB,91362.0000000000,0.0498676374,TURNING POINT BRANDS INC,BBG00BDCXBX7,US,USD,XNYS,1.0000000000,USD,Consumer Staples
2025-12-26,EFSC,176942.0000000000,0.0498248007,ENTERPRISE FINANCIAL SERVICES CORP,BBG000DZQG03,US,USD,XNGS,1.0000000000,USD,Financials
2025-12-26,HE,824472.0000000000,0.0498206429,HAWAIIAN ELECTRIC INDUSTRIES INC,BBG000BL0QT1,US,USD,XNYS,1.0000000000,USD,Utilities
2025-12-26,DX,703366.0000000000,0.0497825609,DYNEX CAPITAL REIT INC,BBG000FBJSP9,US,USD,XNYS,1.0000000000,USD,Financials
2025-12-26,UNFI,289179.0000000000,0.0495912559,UNITED NATURAL FOODS INC,BBG000BXB430,US,USD,XNYS,1.0000000000,USD,Consumer Staples
2025-12-26,PTEN,1653285.0000000000,0.0495743309,PATTERSON UTI ENERGY INC,BBG000BKXQ08,US,USD,XNGS,1.0000000000,USD,Energy
2025-12-26,SDRL,296991.0000000000,0.0495597169,SEADRILL LTD,BBG017YB59V2,BM,USD,XNYS,1.0000000000,USD,Energy
2025-12-26,PGNY,382710.0000000000,0.0495338317,PROGYNY INC,BBG00QFT9TZ1,US,USD,XNGS,1.0000000000,USD,Health Care
2025-12-26,LION,1096677.0000000000,0.0495211130,LIONSGATE STUDIOS CORP,BBG01TT3J4J8,US,USD,XNYS,1.0000000000,USD,Communication Services
2025-12-26,ADUS,87641.0000000000,0.0493707039,ADDUS HOMECARE CORP,BBG000NJKB87,US,USD,XNGS,1.0000000000,USD,Health Care
2025-12-26,EWTX,355730.0000000000,0.0492544737,EDGEWISE THERAPEUTICS INC,BBG00ZKH1V48,US,USD,XNGS,1.0000000000,USD,Health Care
2025-12-26,CRGY,1161104.0000000000,0.0490724541,CRESCENT ENERGY CLASS A,BBG013XM1700,US,USD,XNYS,1.0000000000,USD,Energy
2025-12-26,TWST,287986.0000000000,0.0490652168,TWIST BIOSCIENCE CORP,BBG00M595HD9,US,USD,XNGS,1.0000000000,USD,Health Care
2025-12-26,ATRC,237434.0000000000,0.0488489713,ATRICURE INC,BBG000BL6FK8,US,USD,XNMS,1.0000000000,USD,Health Care
2025-12-26,STC,133804.0000000000,0.0487365413,STEWART INFO SERVICES CORP,BBG000D6YG35,US,USD,XNYS,1.0000000000,USD,Financials
2025-12-26,LASR,243534.0000000000,0.0485841676,NLIGHT INC,BBG00KHD9687,US,USD,XNGS,1.0000000000,USD,Information Technology
2025-12-26,CXW,501025.0000000000,0.0485528155,CORECIVIC REIT INC,BBG000BJSN13,US,USD,XNYS,1.0000000000,USD,Industrials
2025-12-26,PLAB,283389.0000000000,0.0484114132,PHOTRONICS INC,BBG000BR9Z37,US,USD,XNGS,1.0000000000,USD,Information Technology
2025-12-26,RCUS,408988.0000000000,0.0479755597,ARCUS BIOSCIENCES INC,BBG00K2T8C13,US,USD,XNYS,1.0000000000,USD,Health Care
2025-12-26,NSA,339592.0000000000,0.0478298003,NATIONAL STORAGE AFFILIATES TRUST,BBG008417VT8,US,USD,XNYS,1.0000000000,USD,Real Estate
2025-12-26,ARR,536059.0000000000,0.0477593886,ARMOUR RESIDENTIAL REIT INC,BBG000PRZQR7,US,USD,XNYS,1.0000000000,USD,Financials
2025-12-26,ADPT,564046.0000000000,0.0477344832,ADAPTIVE BIOTECHNOLOGIES CORP,BBG00PBGPJ25,US,USD,XNGS,1.0000000000,USD,Health Care
2025-12-26,CHH,98689.0000000000,0.0476680462,CHOICE HOTELS INTERNATIONAL INC,BBG000BPBWF2,US,USD,XNYS,1.0000000000,USD,Consumer Discretionary
2025-12-26,AORT,200288.0000000000,0.0476493321,ARTIVION INC,BBG000BMLXZ4,US,USD,XNYS,1.0000000000,USD,Health Care
2025-12-26,NWN,199356.0000000000,0.0476298986,NORTHWEST NATURAL HOLDING COMPANY,BBG00KXKRL17,US,USD,XNYS,1.0000000000,USD,Utilities
2025-12-26,QDEL,323989.0000000000,0.0475225802,QUIDELORTHO CORP,BBG017TH37N0,US,USD,XNGS,1.0000000000,USD,Health Care
2025-12-26,KWR,65529.0000000000,0.0475202360,QUAKER HOUGHTON CORP,BBG000DZT6B0,US,USD,XNYS,1.0000000000,USD,Materials
2025-12-26,TXG,559301.0000000000,0.0473612970,10X GENOMICS INC CLASS A,BBG00Q21JKK0,US,USD,XNGS,1.0000000000,USD,Health Care
2025-12-26,SKWD,179644.0000000000,0.0471403592,SKYWARD SPECIALTY INSURANCE GROUP,BBG01BHYCCT0,US,USD,XNGS,1.0000000000,USD,Financials
2025-12-26,GRBK,146092.0000000000,0.0470972230,GREEN BRICK PARTNERS INC,BBG000QGYLR2,US,USD,XNYS,1.0000000000,USD,Consumer Discretionary
2025-12-26,INSW,193332.0000000000,0.0470930810,INTERNATIONAL SEAWAYS INC,BBG00DGT2043,US,USD,XNYS,1.0000000000,USD,Energy
2025-12-26,IOSP,118614.0000000000,0.0470132031,INNOSPEC INC,BBG000BMFZJ4,US,USD,XNGS,1.0000000000,USD,Materials
2025-12-26,MTX,149151.0000000000,0.0468498957,MINERALS TECHNOLOGIES INC,BBG000BB6434,US,USD,XNYS,1.0000000000,USD,Materials
2025-12-26,NTCT,329396.0000000000,0.0465942951,NETSCOUT SYSTEMS INC,BBG000C13MJ1,US,USD,XNGS,1.0000000000,USD,Information Technology
2025-12-26,TIC,866424.0000000000,0.0465530445,TIC SOLUTIONS INC,BBG01JQNXZC1,US,USD,XNYS,1.0000000000,USD,Industrials
2025-12-26,ADEA,527374.0000000000,0.0464237105,ADEIA INC,BBG00RC6DKS4,US,USD,XNGS,1.0000000000,USD,Information Technology
2025-12-26,VCEL,243407.0000000000,0.0463852928,VERICEL CORP,BBG000BDCTD7,US,USD,XNMS,1.0000000000,USD,Health Care
2025-12-26,NNI,66703.0000000000,0.0463850201,NELNET INC CLASS A,BBG000PYK031,US,USD,XNYS,1.0000000000,USD,Financials
2025-12-26,DDS,14470.0000000000,0.0463313125,DILLARDS INC CLASS A,BBG000BS4P78,US,USD,XNYS,1.0000000000,USD,Consumer Discretionary
2025-12-26,AVPT,671943.0000000000,0.0463311997,AVEPOINT INC CLASS A,BBG00QRNFPL7,US,USD,XNGS,1.0000000000,USD,Information Technology
2025-12-26,IMNM,408592.0000000000,0.0462913917,IMMUNOME INC,BBG00X7L3TT5,US,USD,XNCM,1.0000000000,USD,Health Care
2025-12-26,RAMP,304917.0000000000,0.0461174483,LIVERAMP HOLDINGS INC,BBG000BB4L10,US,USD,XNYS,1.0000000000,USD,Information Technology
2025-12-26,HMN,194266.0000000000,0.0460589713,HORACE MANN EDUCATORS CORP,BBG000BL7X00,US,USD,XNYS,1.0000000000,USD,Financials
2025-12-26,CECO,145216.0000000000,0.0460559372,CECO ENVIRONMENTAL CORP,BBG000BFGDJ7,US,USD,XNGS,1.0000000000,USD,Industrials
2025-12-26,GSHD,119329.0000000000,0.0459040957,GOOSEHEAD INSURANCE INC CLASS A,BBG00KHKBGT3,US,USD,XNGS,1.0000000000,USD,Financials
2025-12-26,MQ,1833846.0000000000,0.0458702848,MARQETA INC CLASS A,BBG0112Z87Y5,US,USD,XNGS,1.0000000000,USD,Financials
2025-12-26,PRGO,656446.0000000000,0.0457955585,PERRIGO PLC,BBG000CNGTY7,IE,USD,XNYS,1.0000000000,USD,Health Care
2025-12-26,KN,408968.0000000000,0.0457944994,KNOWLES CORP,BBG005CFR3T4,US,USD,XNYS,1.0000000000,USD,Information Technology
2025-12-26,IPGP,120835.0000000000,0.0457906555,IPG PHOTONICS CORP,BBG000DCK5D0,US,USD,XNGS,1.0000000000,USD,Information Technology
2025-12-26,RSI,469057.0000000000,0.0457404739,RUSH STREET INTERACTIVE INC CLASS,BBG00SYPRN14,US,USD,XNYS,1.0000000000,USD,Consumer Discretionary
2025-12-26,DRH,975860.0000000000,0.0456994394,DIAMONDROCK HOSPITALITY,BBG000JKHHW3,US,USD,XNGS,1.0000000000,USD,Real Estate
2025-12-26,KALU,76913.0000000000,0.0456023568,KAISER ALUMINIUM CORP,BBG000PKZQK9,US,USD,XNGS,1.0000000000,USD,Materials
2025-12-26,STRA,111343.0000000000,0.0455887945,STRATEGIC EDUCATION INC,BBG000GS10J8,US,USD,XNGS,1.0000000000,USD,Consumer Discretionary
2025-12-26,DEI,802410.0000000000,0.0455562612,DOUGLAS EMMETT REIT INC,BBG000PN1TY9,US,USD,XNYS,1.0000000000,USD,Real Estate
2025-12-26,SNDX,415304.0000000000,0.0455136348,SYNDAX PHARMACEUTICALS INC,BBG0068BPVQ9,US,USD,XNGS,1.0000000000,USD,Health Care
2025-12-26,EVTC,305321.0000000000,0.0454969494,EVERTEC INC,BBG0043R5HN0,PR,USD,XNYS,1.0000000000,USD,Financials
2025-12-26,PENN,611975.0000000000,0.0454565439,PENN ENTERTAINMENT INC,BBG000CF0Z04,US,USD,XNGS,1.0000000000,USD,Consumer Discretionary
2025-12-26,ALG,51451.0000000000,0.0453200325,ALAMO GROUP INC,BBG000BJV206,US,USD,XNYS,1.0000000000,USD,Industrials
2025-12-26,LUNR,533894.0000000000,0.0452640224,INTUITIVE MACHINES INC CLASS A,BBG013GMY9T8,US,USD,XNMS,1.0000000000,USD,Industrials
2025-12-26,FIGS,746559.0000000000,0.0449610567,FIGS INC CLASS A,BBG010WX5GG2,US,USD,XNYS,1.0000000000,USD,Consumer Discretionary
2025-12-26,NRIX,457466.0000000000,0.0449351121,NURIX THERAPEUTICS INC,BBG00VVTHYQ2,US,USD,XNMS,1.0000000000,USD,Health Care
2025-12-26,OFG,210571.0000000000,0.0448713881,OFG BANCORP,BBG000F5VPN6,PR,USD,XNYS,1.0000000000,USD,Financials
2025-12-26,VSH,588757.0000000000,0.0448670661,VISHAY INTERTECHNOLOGY INC,BBG000BWKCJ7,US,USD,XNYS,1.0000000000,USD,Information Technology
2025-12-26,CNXC,211756.0000000000,0.0447908470,CONCENTRIX CORP,BBG00Y61NXR9,US,USD,XNGS,1.0000000000,USD,Industrials
2025-12-26,PRCT,268332.0000000000,0.0447636954,PROCEPT BIOROBOTICS CORP,BBG009KD84H4,US,USD,XNMS,1.0000000000,USD,Health Care
2025-12-26,PRGS,205754.0000000000,0.0447113740,PROGRESS SOFTWARE CORP,BBG000C4R3P4,US,USD,XNGS,1.0000000000,USD,Information Technology
2025-12-26,MD,404304.0000000000,0.0446773668,PEDIATRIX MEDICAL GROUP INC,BBG000H8LJM4,US,USD,XNYS,1.0000000000,USD,Health Care
2025-12-26,SEDG,286418.0000000000,0.0446710156,SOLAREDGE TECHNOLOGIES INC,BBG0084BC0J9,IL,USD,XNGS,1.0000000000,USD,Information Technology
2025-12-26,OGN,1240287.0000000000,0.0446159435,ORGANON,BBG00ZQRJV05,US,USD,XNYS,1.0000000000,USD,Health Care
2025-12-26,SYBT,130926.0000000000,0.0446093513,STOCK YARDS BANCORP INC,BBG000FLM5R1,US,USD,XNGS,1.0000000000,USD,Financials
2025-12-26,WERN,286622.0000000000,0.0444701565,WERNER ENTERPRISES INC,BBG000BWQ0P0,US,USD,XNGS,1.0000000000,USD,Industrials
2025-12-26,HLIO,158150.0000000000,0.0444690010,HELIOS TECHNOLOGIES INC,BBG000HL61X9,US,USD,XNYS,1.0000000000,USD,Industrials
2025-12-26,IRDM,501796.0000000000,0.0442994259,IRIDIUM COMMUNICATIONS INC,BBG000VC0KH5,US,USD,XNGS,1.0000000000,USD,Communication Services
2025-12-26,CRK,377354.0000000000,0.0442456478,COMSTOCK RESOURCES INC,BBG000DNBMJ3,US,USD,XNYS,1.0000000000,USD,Energy
2025-12-26,UFPT,36923.0000000000,0.0441248565,UFP TECHNOLOGIES INC,BBG000BJC5G3,US,USD,XNCM,1.0000000000,USD,Health Care
2025-12-26,SMPL,440109.0000000000,0.0441233873,THE SIMPLY GOOD FOODS COMPANY,BBG00H3T9L18,US,USD,XNCM,1.0000000000,USD,Consumer Staples
2025-12-26,ANDE,160945.0000000000,0.0440300347,ANDERSONS INC,BBG000BF8NS4,US,USD,XNGS,1.0000000000,USD,Consumer Staples
2025-12-26,MNKD,1463314.0000000000,0.0440264711,MANNKIND CORP,BBG000PPL627,US,USD,XNMS,1.0000000000,USD,Health Care
2025-12-26,SBET,942278.0000000000,0.0439833732,SHARPLINK GAMING INC,BBG01KJQVTQ0,US,USD,XNCM,1.0000000000,USD,Consumer Discretionary
2025-12-26,ALKT,376516.0000000000,0.0439563588,ALKAMI TECHNOLOGY INC,BBG00ZLJQND4,US,USD,XNGS,1.0000000000,USD,Information Technology
2025-12-26,CC,721222.0000000000,0.0439108523,CHEMOURS,BBG009CL69X8,US,USD,XNYS,1.0000000000,USD,Materials
2025-12-26,BWIN,343943.0000000000,0.0438880333,BALDWIN INSURANCE GROUP INC CLASS,BBG00QDCHFR0,US,USD,XNGS,1.0000000000,USD,Financials
2025-12-26,YELP,279854.0000000000,0.0436898617,YELP INC,BBG0028BGPW4,US,USD,XNYS,1.0000000000,USD,Communication Services
2025-12-26,PRDO,289653.0000000000,0.0436765666,PERDOCEO EDUCATION CORP,BBG000BDD183,US,USD,XNGS,1.0000000000,USD,Consumer Discretionary
2025-12-26,IMVT,319088.0000000000,0.0435172448,IMMUNOVANT INC,BBG00PGVV879,US,USD,XNGS,1.0000000000,USD,Health Care
2025-12-26,PARR,241538.0000000000,0.0435168843,PAR PACIFIC HOLDINGS INC,BBG003C5DL52,US,USD,XNYS,1.0000000000,USD,Energy
2025-12-26,CHCO,69028.0000000000,0.0434769116,CITY HOLDING,BBG000BFJQP8,US,USD,XNGS,1.0000000000,USD,Financials
2025-12-26,NWBI,697193.0000000000,0.0434736952,NORTHWEST BANCSHARES INC,BBG000BG8ZP8,US,USD,XNGS,1.0000000000,USD,Financials
2025-12-26,DK,287080.0000000000,0.0432740203,DELEK US HOLDINGS INC,BBG00FZYJDX8,US,USD,XNYS,1.0000000000,USD,Energy
2025-12-26,IE,509483.0000000000,0.0432719838,IVANHOE ELECTRIC INC,BBG017RRM4Z3,CA,USD,XASE,1.0000000000,USD,Materials
2025-12-26,FCF,495473.0000000000,0.0432384478,FIRST COMMONWEALTH FINANCIAL CORP,BBG000CND9X5,US,USD,XNYS,1.0000000000,USD,Financials
2025-12-26,CLDX,316633.0000000000,0.0431021073,CELLDEX THERAPEUTICS INC,BBG000FW8SW7,US,USD,XNCM,1.0000000000,USD,Health Care
2025-12-26,HLMN,941955.0000000000,0.0429646722,HILLMAN SOLUTIONS CORP,BBG00YC6Q2B3,US,USD,XNMS,1.0000000000,USD,Industrials
2025-12-26,VECO,288253.0000000000,0.0428512121,VEECO INSTRUMENTS INC,BBG000BDCML3,US,USD,XNGS,1.0000000000,USD,Information Technology
2025-12-26,AGM,47338.0000000000,0.0427947521,FEDERAL AGRICULTURAL MORTGAGE NON,BBG000G8ZNL2,US,USD,XNYS,1.0000000000,USD,Financials
2025-12-26,LMAT,99406.0000000000,0.0425370973,LEMAITRE VASCULAR INC,BBG000LY1QM8,US,USD,XNMS,1.0000000000,USD,Health Care
2025-12-26,ATRO,151640.0000000000,0.0425230978,ASTRONICS CORP,BBG000BCLLH2,US,USD,XNGS,1.0000000000,USD,Industrials
2025-12-26,SMA,265227.0000000000,0.0424828819,SMARTSTOP SELF STORAGE REIT INC,BBG01T1Z99L4,US,USD,XNYS,1.0000000000,USD,Real Estate
2025-12-26,CNS,131156.0000000000,0.0420692054,COHEN & STEERS INC,BBG000BB0YC4,US,USD,XNYS,1.0000000000,USD,Financials
2025-12-26,ARCB,107841.0000000000,0.0420593389,ARCBEST CORP,BBG000C1PQS8,US,USD,XNGS,1.0000000000,USD,Industrials
2025-12-26,TNET,142657.0000000000,0.0419293636,TRINET GROUP INCINARY,BBG0065XKWZ7,US,USD,XNYS,1.0000000000,USD,Industrials
2025-12-26,AI,585692.0000000000,0.0417213214,C3 AI INC CLASS A,BBG00Y6G6X77,US,USD,XNYS,1.0000000000,USD,Information Technology
2025-12-26,SHO,904404.0000000000,0.0417107513,SUNSTONE HOTEL INVESTORS REIT INC,BBG000Q3TTW4,US,USD,XNYS,1.0000000000,USD,Real Estate
2025-12-26,NHC,59175.0000000000,0.0416034301,NATIONAL HEALTHCARE CORP,BBG000BY3V64,US,USD,XASE,1.0000000000,USD,Health Care
2025-12-26,AGIO,280308.0000000000,0.0414852371,AGIOS PHARMACEUTICALS INC,BBG004P6MJ59,US,USD,XNGS,1.0000000000,USD,Health Care
2025-12-26,INOD,152691.0000000000,0.0414620909,INNODATA INC,BBG000BJ02C7,US,USD,XNMS,1.0000000000,USD,Industrials
2025-12-26,CASH,109096.0000000000,0.0411262675,PATHWARD FINANCIAL INC,BBG000BKM3K9,US,USD,XNGS,1.0000000000,USD,Financials
2025-12-26,GNL,944495.0000000000,0.0404928204,GLOBAL NET LEASE INC,BBG008P7QD48,US,USD,XNYS,1.0000000000,USD,Real Estate
2025-12-26,TRIP,559901.0000000000,0.0404806766,TRIPADVISOR INC,BBG0024CH3W4,US,USD,XNGS,1.0000000000,USD,Communication Services
2025-12-26,FMC,595669.0000000000,0.0402862463,FMC CORP,BBG000BJPBC0,US,USD,XNYS,1.0000000000,USD,Materials
2025-12-26,STOK,246262.0000000000,0.0401948228,STOKE THERAPEUTICS INC,BBG00P8TXZN3,US,USD,XNGS,1.0000000000,USD,Health Care
2025-12-26,HROW,157671.0000000000,0.0401264745,HARROW INC,BBG000QXX001,US,USD,XNMS,1.0000000000,USD,Health Care
2025-12-26,WOR,149573.0000000000,0.0401221475,WORTHINGTON ENTERPRISES INC,BBG000HL78W4,US,USD,XNYS,1.0000000000,USD,Industrials
2025-12-26,DGII,178885.0000000000,0.0400706409,DIGI INTERNATIONAL INC,BBG000BZ5986,US,USD,XNGS,1.0000000000,USD,Information Technology
2025-12-26,MODG,665215.0000000000,0.0400621643,TOPGOLF CALLAWAY BRANDS CORP,BBG000CPCY75,US,USD,XNYS,1.0000000000,USD,Consumer Discretionary
2025-12-26,TILE,277924.0000000000,0.0398915264,INTERFACE INC,BBG000BLV2J1,US,USD,XNGS,1.0000000000,USD,Industrials
2025-12-26,NIC,63098.0000000000,0.0398763912,NICOLET BANKSHARES INC,BBG004HFS6G8,US,USD,XNYS,1.0000000000,USD,Financials
2025-12-26,HTO,159026.0000000000,0.0398581135,H2O AMERICA,BBG000BT21X2,US,USD,XNGS,1.0000000000,USD,Utilities
2025-12-26,SEM,529206.0000000000,0.0398455949,SELECT MEDICAL HOLDINGS CORP,BBG000QCHP00,US,USD,XNYS,1.0000000000,USD,Health Care
2025-12-26,FTRE,443289.0000000000,0.0398090557,FORTREA HOLDINGS INC,BBG01H05XT90,US,USD,XNGS,1.0000000000,USD,Health Care
2025-12-26,BLBD,151102.0000000000,0.0397426535,BLUE BIRD CORP,BBG006427T24,US,USD,XNMS,1.0000000000,USD,Industrials
2025-12-26,PAYO,1383125.0000000000,0.0397191108,PAYONEER GLOBAL INC,BBG00ZHSJFB6,US,USD,XNMS,1.0000000000,USD,Financials
2025-12-26,BKE,143335.0000000000,0.0396996794,BUCKLE INC,BBG000BD98J1,US,USD,XNYS,1.0000000000,USD,Consumer Discretionary
2025-12-26,LTC,228100.0000000000,0.0396376151,LTC PROPERTIES REIT INC,BBG000BGCFK2,US,USD,XNYS,1.0000000000,USD,Real Estate
2025-12-26,BCRX,1011724.0000000000,0.0395252324,BIOCRYST PHARMACEUTICALS INC,BBG000BLZ7C3,US,USD,XNGS,1.0000000000,USD,Health Care
2025-12-26,PACS,208681.0000000000,0.0395029759,PACS GROUP INC,BBG01LYPSDP3,US,USD,XNYS,1.0000000000,USD,Health Care
2025-12-26,KNTK,217777.0000000000,0.0394790490,KINETIK HOLDINGS INC CLASS A,BBG00GKQZSC1,US,USD,XNYS,1.0000000000,USD,Energy
2025-12-26,VAC,133348.0000000000,0.0394300842,MARRIOTT VACATIONS WORLDWIDE CORP,BBG002769G90,US,USD,XNYS,1.0000000000,USD,Consumer Discretionary
2025-12-26,SLVM,158703.0000000000,0.0394228666,SYLVAMO CORP,BBG0129GG742,US,USD,XNYS,1.0000000000,USD,Materials
2025-12-26,MBLY,763256.0000000000,0.0393833663,MOBILEYE GLOBAL INC CLASS A,BBG019X46ZN5,IL,USD,XNGS,1.0000000000,USD,Consumer Discretionary
2025-12-26,HUN,778292.0000000000,0.0390930375,HUNTSMAN CORP,BBG000NS28G5,US,USD,XNYS,1.0000000000,USD,Materials
2025-12-26,ENVX,930500.0000000000,0.0390430325,ENOVIX CORP,BBG00YR12MT1,US,USD,XNGS,1.0000000000,USD,Industrials
2025-12-26,BHE,170911.0000000000,0.0389174628,BENCHMARK ELECTRONICS INC,BBG000C4K040,US,USD,XNYS,1.0000000000,USD,Information Technology
2025-12-26,PAY,242294.0000000000,0.0388710418,PAYMENTUS HOLDINGS INC CLASS A,BBG010MW0ND8,US,USD,XNYS,1.0000000000,USD,Financials
2025-12-26,NEO,622333.0000000000,0.0388373507,NEOGENOMICS INC,BBG000BKH6K8,US,USD,XNCM,1.0000000000,USD,Health Care
2025-12-26,WLDN,67245.0000000000,0.0385326996,WILLDAN GROUP INC,BBG000Q1CNR5,US,USD,XNMS,1.0000000000,USD,Industrials
2025-12-26,ICFI,87730.0000000000,0.0384933284,ICF INTERNATIONAL INC,BBG000BBY683,US,USD,XNGS,1.0000000000,USD,Industrials
2025-12-26,REAL,466560.0000000000,0.0384309792,THE REALREAL INC,BBG00PBK8DS0,US,USD,XNGS,1.0000000000,USD,Consumer Discretionary
2025-12-26,FLYW,521635.0000000000,0.0382963082,FLYWIRE CORP,BBG00ZMJVV21,US,USD,XNGS,1.0000000000,USD,Financials
2025-12-26,PBI,709222.0000000000,0.0382864837,PITNEY BOWES INC,BBG000BQTPS2,US,USD,XNYS,1.0000000000,USD,Industrials
2025-12-26,ROG,80117.0000000000,0.0382219438,ROGERS CORP,BBG000BS9KW6,US,USD,XNYS,1.0000000000,USD,Information Technology
2025-12-26,QURE,298416.0000000000,0.0381392306,UNIQURE NV,BBG005SSK316,NL,USD,XNGS,1.0000000000,USD,Health Care
2025-12-26,COLL,151611.0000000000,0.0381380857,COLLEGIUM PHARMACEUTICAL INC,BBG008G2NTG4,US,USD,XNGS,1.0000000000,USD,Health Care
2025-12-26,TCBK,155263.0000000000,0.0381350843,TRICO BANCSHARES,BBG000BGYT91,US,USD,XNGS,1.0000000000,USD,Financials
2025-12-26,LZB,197245.0000000000,0.0379786426,LA-Z-BOY INC,BBG000BNLD86,US,USD,XNYS,1.0000000000,USD,Consumer Discretionary
2025-12-26,NEOG,1045757.0000000000,0.0378835481,NEOGEN CORP,BBG000C1BPB3,US,USD,XNGS,1.0000000000,USD,Health Care
2025-12-26,ABR,938392.0000000000,0.0377554055,ARBOR REALTY TRUST REIT INC,BBG000KMVGS8,US,USD,XNYS,1.0000000000,USD,Financials
2025-12-26,IPAR,87115.0000000000,0.0376886741,INTERPARFUMS INC,BBG000GCWFP9,US,USD,XNGS,1.0000000000,USD,Consumer Staples
2025-12-26,STBA,182771.0000000000,0.0376769523,S AND T BANCORP INC,BBG000CKBB59,US,USD,XNGS,1.0000000000,USD,Financials
2025-12-26,ARRY,726380.0000000000,0.0375543039,ARRAY TECHNOLOGIES INC,BBG00XK4JQH0,US,USD,XNMS,1.0000000000,USD,Industrials
2025-12-26,DVAX,480811.0000000000,0.0375190977,DYNAVAX TECHNOLOGIES CORP,BBG000BFXDN3,US,USD,XNGS,1.0000000000,USD,Health Care
2025-12-26,ELME,424093.0000000000,0.0375042208,ELME,BBG000BWYY68,US,USD,XNYS,1.0000000000,USD,Real Estate
2025-12-26,ADNT,379416.0000000000,0.0372878134,ADIENT PLC,BBG00BL29G48,IE,USD,XNYS,1.0000000000,USD,Consumer Discretionary
2025-12-26,FIVN,372527.0000000000,0.0372534102,FIVE9 INC,BBG0067FVMY5,US,USD,XNMS,1.0000000000,USD,Information Technology
2025-12-26,NWL,1993560.0000000000,0.0372219212,NEWELL BRANDS INC,BBG000BQCKD7,US,USD,XNGS,1.0000000000,USD,Consumer Discretionary
2025-12-26,SHLS,796306.0000000000,0.0371293336,SHOALS TECHNOLOGIES GROUP INC CLAS,BBG00YQ822F6,US,USD,XNMS,1.0000000000,USD,Industrials
2025-12-26,TNDM,325532.0000000000,0.0371288629,TANDEM DIABETES CARE INC,BBG005D27CM1,US,USD,XNMS,1.0000000000,USD,Health Care
2025-12-26,ENOV,272432.0000000000,0.0371266516,ENOVIS CORP,BBG000C606W3,US,USD,XNYS,1.0000000000,USD,Health Care
2025-12-26,CENTA,247281.0000000000,0.0370614916,CENTRAL GARDEN AND PET CLASS A,BBG000KTZWN9,US,USD,XNGS,1.0000000000,USD,Consumer Staples
2025-12-26,HRMY,189447.0000000000,0.0369962153,HARMONY BIOSCIENCES HLDG INC,BBG00WBPG4K3,US,USD,XNMS,1.0000000000,USD,Health Care
2025-12-26,PAR,195673.0000000000,0.0369512324,PAR TECHNOLOGY CORP,BBG000BRPC76,US,USD,XNYS,1.0000000000,USD,Information Technology
2025-12-26,DV,640594.0000000000,0.0368892974,DOUBLEVERIFY HOLDINGS INC,BBG00ZNRRJR7,US,USD,XNYS,1.0000000000,USD,Communication Services
2025-12-26,NVTS,946567.0000000000,0.0367876278,NAVITAS SEMICONDUCTOR CORP,BBG00YVJSVC7,US,USD,XNMS,1.0000000000,USD,Information Technology
2025-12-26,OS,384870.0000000000,0.0367693570,ONESTREAM INC CLASS A,BBG01NL2JBR6,US,USD,XNGS,1.0000000000,USD,Information Technology
2025-12-26,AXGN,221836.0000000000,0.0367370121,AXOGEN INC,BBG000BN4F53,US,USD,XNCM,1.0000000000,USD,Health Care
2025-12-26,CLVT,2123010.0000000000,0.0367306043,CLARIVATE PLC,BBG00P1LNSR0,US,USD,XNYS,1.0000000000,USD,Industrials
2025-12-26,SAM,36850.0000000000,0.0367030006,BOSTON BEER INC CLASS A,BBG000BCZFG1,US,USD,XNYS,1.0000000000,USD,Consumer Staples
2025-12-26,CCS,122467.0000000000,0.0366662377,CENTURY COMMUNITIES INC,BBG006G412V0,US,USD,XNYS,1.0000000000,USD,Consumer Discretionary
2025-12-26,ALEX,349755.0000000000,0.0366442336,ALEXANDER AND BALDWIN INC,BBG00HS2H302,US,USD,XNYS,1.0000000000,USD,Real Estate
2025-12-26,NN,423687.0000000000,0.0366299549,NEXTNAV INC,BBG00Y1CRR35,US,USD,XNCM,1.0000000000,USD,Information Technology
2025-12-26,CCB,62005.0000000000,0.0365933998,COASTAL FINANCIAL CORP,BBG00L7PQ145,US,USD,XNGS,1.0000000000,USD,Financials
2025-12-26,LKFN,121639.0000000000,0.0364800526,LAKELAND FINANCIAL CORP,BBG000BHRBS5,US,USD,XNGS,1.0000000000,USD,Financials
2025-12-26,GTY,254494.0000000000,0.0363735802,GETTY REALTY REIT CORP,BBG000BB9734,US,USD,XNYS,1.0000000000,USD,Real Estate
2025-12-26,NSSC,170858.0000000000,0.0363567789,NAPCO SECURITY TECHNOLOGIES INC,BBG000BQ6PD3,US,USD,XNGS,1.0000000000,USD,Information Technology
2025-12-26,GABC,178966.0000000000,0.0362569691,GERMAN AMERICAN BANCORP INC,BBG000BH7QN9,US,USD,XNGS,1.0000000000,USD,Financials
2025-12-26,HTH,205662.0000000000,0.0361767502,HILLTOP HOLDINGS INC,BBG000GM7657,US,USD,XNYS,1.0000000000,USD,Financials
2025-12-26,LEG,651386.0000000000,0.0361557519,LEGGETT & PLATT INC,BBG000BN55D5,US,USD,XNYS,1.0000000000,USD,Consumer Discretionary
2025-12-26,EFC,514108.0000000000,0.0361264918,ELLINGTON FINANCIAL INC,BBG000M1KG40,US,USD,XNYS,1.0000000000,USD,Financials
2025-12-26,VERX,354235.0000000000,0.0360172741,VERTEX INC CLASS A,BBG00VVT2F89,US,USD,XNMS,1.0000000000,USD,Information Technology
2025-12-26,ROCK,141526.0000000000,0.0359745701,GIBRALTAR INDUSTRIES INC,BBG000BKQP71,US,USD,XNGS,1.0000000000,USD,Industrials
2025-12-26,NVRI,388732.0000000000,0.0359352210,ENVIRI CORP,BBG000BLH582,US,USD,XNYS,1.0000000000,USD,Industrials
2025-12-26,SBH,467074.0000000000,0.0359258084,SALLY BEAUTY HOLDINGS INC,BBG000LR8873,US,USD,XNYS,1.0000000000,USD,Consumer Discretionary
2025-12-26,ANIP,86123.0000000000,0.0359093002,ANI PHARMACEUTICALS INC,BBG000KK1PX9,US,USD,XNMS,1.0000000000,USD,Health Care
2025-12-26,NBHC,180816.0000000000,0.0358703216,NATIONAL BANK HOLDINGS CORP CLASS,BBG003D8Y879,US,USD,XNYS,1.0000000000,USD,Financials
2025-12-26,ARLO,503089.0000000000,0.0358116349,ARLO TECHNOLOGIES INC,BBG00LD5QR27,US,USD,XNYS,1.0000000000,USD,Information Technology
2025-12-26,HLF,496892.0000000000,0.0357486701,HERBALIFE LTD,BBG000MM5YX0,KY,USD,XNYS,1.0000000000,USD,Consumer Staples
2025-12-26,FSLY,668122.0000000000,0.0357287678,FASTLY INC CLASS A,BBG00NZ1XXV5,US,USD,XNGS,1.0000000000,USD,Information Technology
2025-12-26,AIN,137490.0000000000,0.0357159929,ALBANY INTERNATIONAL CORP CLASS A,BBG000BRWZ68,US,USD,XNYS,1.0000000000,USD,Industrials
2025-12-26,NTST,402347.0000000000,0.0356423772,NETSTREIT CORP,BBG00W5FQPZ8,US,USD,XNYS,1.0000000000,USD,Real Estate
2025-12-26,APPN,191854.0000000000,0.0355486639,APPIAN CORP CLASS A,BBG00GLNT2Q6,US,USD,XNMS,1.0000000000,USD,Information Technology
2025-12-26,TFIN,108540.0000000000,0.0355033344,TRIUMPH FINANCIAL INC,BBG0074VHM77,US,USD,XNYS,1.0000000000,USD,Financials
2025-12-26,FUN,487305.0000000000,0.0354792494,SIX FLAGS ENTERTAINMENT CORP,BBG01K8PCFW8,US,USD,XNYS,1.0000000000,USD,Consumer Discretionary
2025-12-26,ARDX,1162212.0000000000,0.0353210685,ARDELYX INC,BBG006JJTZS5,US,USD,XNMS,1.0000000000,USD,Health Care
2025-12-26,HOPE,616759.0000000000,0.0352976872,HOPE BANCORP INC,BBG000DXKRQ2,US,USD,XNGS,1.0000000000,USD,Financials
2025-12-26,VYX,666417.0000000000,0.0352656612,NCR VOYIX CORP,BBG000BMXM30,US,USD,XNYS,1.0000000000,USD,Information Technology
2025-12-26,DXPE,60427.0000000000,0.0352574200,DXP ENTERPRISES INC,BBG000HV0SK8,US,USD,XNGS,1.0000000000,USD,Industrials
2025-12-26,WWW,391933.0000000000,0.0352368603,WOLVERINE WORLD WIDE INC,BBG000BX31D4,US,USD,XNYS,1.0000000000,USD,Consumer Discretionary
2025-12-26,SPB,115966.0000000000,0.0352082077,SPECTRUM BRANDS HOLDINGS INC,BBG000DS57T1,US,USD,XNYS,1.0000000000,USD,Consumer Staples
2025-12-26,MXL,394528.0000000000,0.0351098582,MAXLINEAR INC,BBG000BB6TW7,US,USD,XNGS,1.0000000000,USD,Information Technology
2025-12-26,WT,550405.0000000000,0.0350467501,WISDOMTREE INC,BBG000KLG930,US,USD,XNYS,1.0000000000,USD,Financials
2025-12-26,GBX,148672.0000000000,0.0350453212,GREENBRIER INC,BBG000CF51V0,US,USD,XNYS,1.0000000000,USD,Industrials
2025-12-26,STEL,220302.0000000000,0.0349740284,STELLAR BANCORP INC,BBG00HZ69L68,US,USD,XNYS,1.0000000000,USD,Financials
2025-12-26,FIGR,151853.0000000000,0.0348552039,FIGURE TECHNOLOGY SOLUTIONS INC CL,BBG01X1K6YD5,US,USD,XNGS,1.0000000000,USD,Financials
2025-12-26,IIPR,134933.0000000000,0.0348326835,INNOVATIVE INDUSTRIAL PROPERTIES I,BBG00F0SW7T2,US,USD,XNYS,1.0000000000,USD,Real Estate
2025-12-26,ACVA,829326.0000000000,0.0347557755,ACV AUCTIONS INC CLASS A,BBG00ZGYN380,US,USD,XNYS,1.0000000000,USD,Industrials
2025-12-26,QCRH,80569.0000000000,0.0346522797,QCR HOLDINGS INC,BBG000BYZVJ5,US,USD,XNMS,1.0000000000,USD,Financials
2025-12-26,AMSC,217894.0000000000,0.0346470225,AMERICAN SUPERCONDUCTOR CORP,BBG000CP4TM8,US,USD,XNGS,1.0000000000,USD,Industrials
2025-12-26,MBC,607348.0000000000,0.0345433834,MASTERBRAND INC,BBG01B9G4326,US,USD,XNYS,1.0000000000,USD,Industrials
2025-12-26,EYPT,372804.0000000000,0.0345384618,EYEPOINT INC,BBG000F90NB0,US,USD,XNMS,1.0000000000,USD,Health Care
2025-12-26,JJSF,74944.0000000000,0.0344764182,J AND J SNACK FOODS CORP,BBG000BMGZP6,US,USD,XNGS,1.0000000000,USD,Consumer Staples
2025-12-26,COLM,121336.0000000000,0.0342468309,COLUMBIA SPORTSWEAR,BBG000BKL160,US,USD,XNGS,1.0000000000,USD,Consumer Discretionary
2025-12-26,INVA,340279.0000000000,0.0341321364,INNOVIVA INC,BBG000CGCBG5,US,USD,XNGS,1.0000000000,USD,Health Care
2025-12-26,UAA,1449556.0000000000,0.0339780639,UNDER ARMOUR INC CLASS A,BBG000BXM875,US,USD,XNYS,1.0000000000,USD,Consumer Discretionary
2025-12-26,XHR,454010.0000000000,0.0339765356,XENIA HOTELS RESORTS REIT INC,BBG006YP1LB3,US,USD,XNYS,1.0000000000,USD,Real Estate
2025-12-26,AZTA,194023.0000000000,0.0339718994,AZENTA INC,BBG000DXBWC6,US,USD,XNGS,1.0000000000,USD,Health Care
2025-12-26,HOUS,468701.0000000000,0.0339345042,ANYWHERE REAL ESTATE INC,BBG0033B9H17,US,USD,XNYS,1.0000000000,USD,Real Estate
2025-12-26,ZD,189253.0000000000,0.0338280583,ZIFF DAVIS INC,BBG000F3F7H6,US,USD,XNGS,1.0000000000,USD,Communication Services
2025-12-26,JBLU,1401801.0000000000,0.0337121431,JETBLUE AIRWAYS CORP,BBG000BRQHD7,US,USD,XNGS,1.0000000000,USD,Industrials
2025-12-26,TALO,602619.0000000000,0.0336934956,TALOS ENERGY INC,BBG00JPH4HT0,US,USD,XNYS,1.0000000000,USD,Energy
2025-12-26,NSP,172508.0000000000,0.0336445152,INSPERITY INC,BBG000BJ4466,US,USD,XNYS,1.0000000000,USD,Industrials
2025-12-26,HCSG,337527.0000000000,0.0336334686,HEALTHCARE SERVICES GROUP INC,BBG000BKZ806,US,USD,XNGS,1.0000000000,USD,Industrials
2025-12-26,NVCR,490495.0000000000,0.0334468720,NOVOCURE LTD,BBG009XW8QJ7,JE,USD,XNGS,1.0000000000,USD,Health Care
2025-12-26,UTI,241420.0000000000,0.0333903331,UNIVERSAL TECHNICAL INSTITUTE INC,BBG000BJSQB5,US,USD,XNYS,1.0000000000,USD,Consumer Discretionary
2025-12-26,CMPO,335865.0000000000,0.0332633678,COMPOSECURE INC CLASS A,BBG00XTTT297,US,USD,XNYS,1.0000000000,USD,Information Technology
2025-12-26,USAR,451149.0000000000,0.0332588531,USA RARE EARTH INC CLASS A,BBG01HFW5Y22,US,USD,XNMS,1.0000000000,USD,Materials
2025-12-26,TNC,86834.0000000000,0.0332054964,TENNANT,BBG000JCZM32,US,USD,XNYS,1.0000000000,USD,Industrials
2025-12-26,MAN,222888.0000000000,0.0331907028,MANPOWER INC,BBG000BNML41,US,USD,XNYS,1.0000000000,USD,Industrials
2025-12-26,XPRO,485411.0000000000,0.0331740782,EXPRO GROUP HOLDINGS NV,BBG004K27P47,NL,USD,XNYS,1.0000000000,USD,Energy
2025-12-26,CRAI,31358.0000000000,0.0331325621,CRA INTERNATIONAL INC,BBG000C1MCQ4,US,USD,XNGS,1.0000000000,USD,Industrials
2025-12-26,DCO,66252.0000000000,0.0329383929,DUCOMMUN INC,BBG000BH04P3,US,USD,XNYS,1.0000000000,USD,Industrials
2025-12-26,TGLS,124776.0000000000,0.0328374150,TECNOGLASS INC,BBG002Z3L541,CO,USD,XNYS,1.0000000000,USD,Industrials
2025-12-26,SNDR,237436.0000000000,0.0327549869,SCHNEIDER NATIONAL INC CLASS B,BBG00FN1X4F7,US,USD,XNYS,1.0000000000,USD,Industrials
2025-12-26,TRVI,497582.0000000000,0.0327435899,TREVI THERAPEUTICS INC,BBG00NZ6DBC5,US,USD,XNMS,1.0000000000,USD,Health Care
2025-12-26,CNOB,239072.0000000000,0.0326531757,CONNECTONE BANCORP INC,BBG000BD2PK8,US,USD,XNGS,1.0000000000,USD,Financials
2025-12-26,OUST,287460.0000000000,0.0326115075,OUSTER INC,BBG00XS15142,US,USD,XNGS,1.0000000000,USD,Information Technology
2025-12-26,USLM,50200.0000000000,0.0324103084,UNITED STATES LIME AND MINERALS IN,BBG000D7RF60,US,USD,XNGS,1.0000000000,USD,Materials
2025-12-26,PCT,686282.0000000000,0.0323126249,PURECYCLE TECHNOLOGIES INC,BBG00Z192J52,US,USD,XNCM,1.0000000000,USD,Materials
2025-12-26,MNMD,471917.0000000000,0.0321560940,MIND MEDICINE SUBORDINATE VOTING I,BBG00F13HZ20,CA,USD,XNGS,1.0000000000,USD,Health Care
2025-12-26,UVV,118958.0000000000,0.0321331540,UNIVERSAL CORP,BBG000BW94W3,US,USD,XNYS,1.0000000000,USD,Consumer Staples
2025-12-26,WEN,760882.0000000000,0.0320032066,WENDYS,BBG000D54L11,US,USD,XNGS,1.0000000000,USD,Consumer Discretionary
2025-12-26,PEB,544193.0000000000,0.0319177626,PEBBLEBROOK HOTEL TRUST REIT,BBG000PNC0Q9,US,USD,XNYS,1.0000000000,USD,Real Estate
2025-12-26,TSHA,1062355.0000000000,0.0318550875,TAYSHA GENE THERAPIES INC,BBG00X3J3598,US,USD,XNGS,1.0000000000,USD,Health Care
2025-12-26,WKC,266839.0000000000,0.0318155050,WORLD KINECT CORP,BBG000BM3DW1,US,USD,XNYS,1.0000000000,USD,Energy
2025-12-26,ARI,628278.0000000000,0.0318129578,APOLLO COMMERCIAL REAL ESTATE FINA,BBG000NFPHS5,US,USD,XNYS,1.0000000000,USD,Financials
2025-12-26,ACHC,438457.0000000000,0.0318115405,ACADIA HEALTHCARE COMPANY INC,BBG0027GFCF3,US,USD,XNGS,1.0000000000,USD,Health Care
2025-12-26,XPEL,121216.0000000000,0.0317898249,XPEL INC,BBG000R5XKK5,US,USD,XNCM,1.0000000000,USD,Consumer Discretionary
2025-12-26,WLY,198374.0000000000,0.0315129800,JOHN WILEY AND SONS INC CLASS A,BBG000DPRG86,US,USD,XNYS,1.0000000000,USD,Communication Services
2025-12-26,PZZA,157929.0000000000,0.0314742231,PAPA JOHNS INTERNATIONAL INC,BBG000BFWPQ4,US,USD,XNGS,1.0000000000,USD,Consumer Discretionary
2025-12-26,UMH,390114.0000000000,0.0314313974,UMH PROPERTIES INC,BBG000D6MSZ7,US,USD,XNYS,1.0000000000,USD,Real Estate
2025-12-26,CTS,139531.0000000000,0.0314180813,CTS CORP,BBG000BGMF67,US,USD,XNYS,1.0000000000,USD,Information Technology
2025-12-26,UNIT,861974.0000000000,0.0313570340,UNITI GROUP INC,BBG007Z9Y5W2,US,USD,XNGS,1.0000000000,USD,Communication Services
2025-12-26,GLIBK,165773.0000000000,0.0313553285,GCI LIBERTY INC SERIES C,BBG01VW71H28,US,USD,XNGS,1.0000000000,USD,Communication Services
2025-12-26,ATEN,343139.0000000000,0.0313374924,A10 NETWORKS INC,BBG0060K2384,US,USD,XNYS,1.0000000000,USD,Information Technology
2025-12-26,TDOC,850897.0000000000,0.0312994463,TELADOC HEALTH INC,BBG008LTMFD3,US,USD,XNYS,1.0000000000,USD,Health Care
2025-12-26,DCOM,196782.0000000000,0.0311602400,DIME COMMUNITY BANCSHARES INC,BBG000BGDDR9,US,USD,XNGS,1.0000000000,USD,Financials
2025-12-26,LNN,51574.0000000000,0.0310470409,LINDSAY CORP,BBG000FJS448,US,USD,XNYS,1.0000000000,USD,Industrials
2025-12-26,DNTH,141727.0000000000,0.0310280905,DIANTHUS THERAPEUTICS INC,BBG00L158FQ0,US,USD,XNCM,1.0000000000,USD,Health Care
2025-12-26,LOB,170276.0000000000,0.0310234791,LIVE OAK BANCSHARES INC,BBG006BKS5X1,US,USD,XNYS,1.0000000000,USD,Financials
2025-12-26,AAMI,125823.0000000000,0.0309041479,ACADIAN ASSET MANAGEMENT INC,BBG00P2S3HD5,US,USD,XNYS,1.0000000000,USD,Financials
2025-12-26,REYN,261494.0000000000,0.0308332644,REYNOLDS CONSUMER PRODUCTS INC,BBG00QVJVYW2,US,USD,XNGS,1.0000000000,USD,Consumer Staples
2025-12-26,SILA,261963.0000000000,0.0307157805,SILA RLTY TR INC TRUST,BBG005NB8P04,US,USD,XNYS,1.0000000000,USD,Real Estate
2025-12-26,TRUP,161723.0000000000,0.0307123658,TRUPANION INC,BBG006S43GQ0,US,USD,XNMS,1.0000000000,USD,Financials
2025-12-26,FLNC,305207.0000000000,0.0307071040,FLUENCE ENERGY INC CLASS A,BBG012QSDT33,US,USD,XNGS,1.0000000000,USD,Industrials
2025-12-26,SEZL,82026.0000000000,0.0306469294,SEZZLE INC,BBG01J1R8CZ3,US,USD,XNCM,1.0000000000,USD,Financials
2025-12-26,TTI,644410.0000000000,0.0306353973,TETRA TECHNOLOGIES INC,BBG000BVRRZ1,US,USD,XNYS,1.0000000000,USD,Energy
2025-12-26,ORKA,187846.0000000000,0.0306125243,ORUKA THERAPEUTICS INC,BBG000BWNTJ7,US,USD,XNMS,1.0000000000,USD,Health Care
2025-12-26,LADR,531088.0000000000,0.0305563305,LADDER CAPITAL CORP CLASS A,BBG005RVGZ96,US,USD,XNYS,1.0000000000,USD,Financials
2025-12-26,PRLB,113204.0000000000,0.0304927191,PROTO LABS INC,BBG001Y33W81,US,USD,XNYS,1.0000000000,USD,Industrials
2025-12-26,CLMT,304842.0000000000,0.0304847812,CALUMET INC,BBG01NQ83DQ2,US,USD,XNGS,1.0000000000,USD,Energy
2025-12-26,THR,157323.0000000000,0.0304355167,THERMON GROUP HOLDINGS INC,BBG001HNSYY6,US,USD,XNYS,1.0000000000,USD,Industrials
2025-12-26,CNMD,149128.0000000000,0.0303936376,CONMED CORP,BBG000BFZWR5,US,USD,XNYS,1.0000000000,USD,Health Care
2025-12-26,ASAN,435692.0000000000,0.0303067032,ASANA INC CLASS A,BBG00X2857T5,US,USD,XNYS,1.0000000000,USD,Information Technology
2025-12-26,LFST,842366.0000000000,0.0303018204,LIFESTANCE HEALTH GROUP INC,BBG01138DHJ3,US,USD,XNGS,1.0000000000,USD,Health Care
2025-12-26,PRA,247914.0000000000,0.0302760210,PROASSURANCE CORP,BBG000FBY2R7,US,USD,XNYS,1.0000000000,USD,Financials
2025-12-26,ENR,293005.0000000000,0.0302227560,ENERGIZER HOLDINGS INC,BBG006FCB073,US,USD,XNYS,1.0000000000,USD,Consumer Staples
2025-12-26,BBNX,190782.0000000000,0.0300939901,BETA BIONICS INC,BBG01RMPS632,US,USD,XNMS,1.0000000000,USD,Health Care
2025-12-26,BHVN,546664.0000000000,0.0299824987,BIOHAVEN LTD,BBG017BXV600,US,USD,XNYS,1.0000000000,USD,Health Care
2025-12-26,MLKN,326378.0000000000,0.0299723715,MILLERKNOLL INC,BBG000BP4HR0,US,USD,XNGS,1.0000000000,USD,Industrials
2025-12-26,ORC,803681.0000000000,0.0299704108,ORCHID ISLAND CAPITAL INC,BBG001P2KSH3,US,USD,XNYS,1.0000000000,USD,Financials
2025-12-26,WINA,14199.0000000000,0.0299654320,WINMARK CORP,BBG000BQ5KX3,US,USD,XNMS,1.0000000000,USD,Consumer Discretionary
2025-12-26,FA,385425.0000000000,0.0299585163,FIRST ADVANTAGE CORP,BBG011J0CVM9,US,USD,XNGS,1.0000000000,USD,Industrials
2025-12-26,CDRE,139226.0000000000,0.0299366330,CADRE HOLDINGS INC,BBG011RK3NC5,US,USD,XNYS,1.0000000000,USD,Industrials
2025-12-26,DFIN,127128.0000000000,0.0298701670,DONNELLEY FINANCIAL SOLUTIONS INC,BBG009R0CTB1,US,USD,XNYS,1.0000000000,USD,Financials
2025-12-26,ZBIO,136292.0000000000,0.0298520437,ZENAS BIOPHARMA INC,BBG01PFTL456,US,USD,XNGS,1.0000000000,USD,Health Care
2025-12-26,USPH,73236.0000000000,0.0298151632,US PHYSICAL THERAPY INC,BBG000CSRV60,US,USD,XNYS,1.0000000000,USD,Health Care
2025-12-26,ECPG,106850.0000000000,0.0298058092,ENCORE CAPITAL GROUP INC,BBG000F37Q01,US,USD,XNGS,1.0000000000,USD,Financials
2025-12-26,VITL,178905.0000000000,0.0296637588,VITAL FARMS INC,BBG00VZRJNW7,US,USD,XNMS,1.0000000000,USD,Consumer Staples
2025-12-26,LILAK,762712.0000000000,0.0296422390,LIBERTY LATIN AMERICA LTD CLASS C,BBG00JKWHZT8,US,USD,XNGS,1.0000000000,USD,Communication Services
2025-12-26,WABC,119444.0000000000,0.0296161317,WESTAMERICA BANCORPORATION,BBG000DD6018,US,USD,XNGS,1.0000000000,USD,Financials
2025-12-26,LGN,131742.0000000000,0.0296040813,LEGENCE CORP CLASS A,BBG01WRYRQL4,US,USD,XNGS,1.0000000000,USD,Industrials
2025-12-26,SOC,590287.0000000000,0.0295298873,SABLE OFFSHORE CORP CLASS A,BBG00ZYZ4V40,US,USD,XNYS,1.0000000000,USD,Energy
2025-12-26,VRE,390313.0000000000,0.0295067203,VERIS RESIDENTIAL INC,BBG000CL1KW8,US,USD,XNYS,1.0000000000,USD,Real Estate
2025-12-26,PRG,190478.0000000000,0.0294855128,PROG HOLDINGS INC,BBG00VSHBX62,US,USD,XNYS,1.0000000000,USD,Financials
2025-12-26,RVLV,194590.0000000000,0.0294605596,REVOLVE GROUP CLASS A INC,BBG00M4RHBJ4,US,USD,XNYS,1.0000000000,USD,Consumer Discretionary
2025-12-26,PD,444231.0000000000,0.0293905767,PAGERDUTY INC,BBG00NRY4DR3,US,USD,XNYS,1.0000000000,USD,Information Technology
2025-12-26,MCRI,58895.0000000000,0.0292359039,MONARCH CASINO AND RESORT INC,BBG000BJ0NL1,US,USD,XNGS,1.0000000000,USD,Consumer Discretionary
2025-12-26,WGO,134823.0000000000,0.0291335415,WINNEBAGO INDUSTRIES INC,BBG000BWS4Z9,US,USD,XNYS,1.0000000000,USD,Consumer Discretionary
2025-12-26,XERS,794876.0000000000,0.0290774491,XERIS BIOPHARMA HOLDINGS INC,BBG012V1P358,US,USD,XNGS,1.0000000000,USD,Health Care
2025-12-26,UCTT,218231.0000000000,0.0289872983,ULTRA CLEAN HOLDINGS INC,BBG000HSM870,US,USD,XNGS,1.0000000000,USD,Information Technology
2025-12-26,WS,156768.0000000000,0.0288884947,WORTHINGTON STEEL INC,BBG01K4M1RH2,US,USD,XNYS,1.0000000000,USD,Materials
2025-12-26,SAFT,71685.0000000000,0.0287800213,SAFETY INSURANCE GROUP INC,BBG000BF7CC6,US,USD,XNGS,1.0000000000,USD,Financials
2025-12-26,SGRY,361824.0000000000,0.0286931351,SURGERY PARTNERS INC,BBG009T0TM53,US,USD,XNGS,1.0000000000,USD,Health Care
2025-12-26,EZPW,279228.0000000000,0.0286741880,EZCORP NON VOTING INC CLASS A,BBG000C94W83,US,USD,XNGS,1.0000000000,USD,Financials
2025-12-26,STAA,238972.0000000000,0.0286505125,STAAR SURGICAL,BBG000C4QDM6,US,USD,XNMS,1.0000000000,USD,Health Care
2025-12-26,FDP,156945.0000000000,0.0286424113,FRESH DEL MONTE PRODUCE INC,BBG000JLQJS2,US,USD,XNYS,1.0000000000,USD,Consumer Staples
2025-12-26,SRCE,87552.0000000000,0.0285715474,1ST SOURCE CORP,BBG000BTHCT7,US,USD,XNGS,1.0000000000,USD,Financials
2025-12-26,KW,576488.0000000000,0.0284593362,KENNEDY WILSON HOLDINGS INC,BBG000CTY610,US,USD,XNYS,1.0000000000,USD,Real Estate
2025-12-26,CSTL,139814.0000000000,0.0284386104,CASTLE BIOSCIENCES INC,BBG00PKS73L3,US,USD,XNMS,1.0000000000,USD,Health Care
2025-12-26,ACT,138349.0000000000,0.0282599540,ENACT HOLDINGS INC,BBG0105XBXM1,US,USD,XNGS,1.0000000000,USD,Financials
2025-12-26,TWO,501466.0000000000,0.0282159511,TWO HARBORS INVESTMENT CORP,BBG000MG3ZM4,US,USD,XNYS,1.0000000000,USD,Financials
2025-12-26,CRI,175265.0000000000,0.0281976616,CARTERS INC,BBG000CTM6D0,US,USD,XNYS,1.0000000000,USD,Consumer Discretionary
2025-12-26,RLJ,719549.0000000000,0.0281837858,RLJ LODGING TRUST REIT,BBG001HPC9K8,US,USD,XNYS,1.0000000000,USD,Real Estate
2025-12-26,BFC,43222.0000000000,0.0281485626,BANK FIRST CORP,BBG000BG2F14,US,USD,XNCM,1.0000000000,USD,Financials
2025-12-26,LZ,551999.0000000000,0.0280625846,LEGALZOOM COM INC,BBG002Z8MJS3,US,USD,XNGS,1.0000000000,USD,Industrials
2025-12-26,TRS,154813.0000000000,0.0279862625,TRIMAS CORP,BBG000C1NQM6,US,USD,XNGS,1.0000000000,USD,Materials
2025-12-26,ALGT,64883.0000000000,0.0278630229,ALLEGIANT TRAVEL,BBG000LJTKK6,US,USD,XNGS,1.0000000000,USD,Industrials
2025-12-26,PWP,313066.0000000000,0.0277333159,PERELLA WEINBERG PARTNERS CLASS A,BBG00Y528WX0,US,USD,XNGS,1.0000000000,USD,Financials
2025-12-26,RLAY,630251.0000000000,0.0276599446,RELAY THERAPEUTICS INC,BBG00VPN5KC0,US,USD,XNMS,1.0000000000,USD,Health Care
2025-12-26,THRM,147251.0000000000,0.0276502456,GENTHERM INC,BBG000BQLX85,US,USD,XNGS,1.0000000000,USD,Consumer Discretionary
2025-12-26,OCFC,275763.0000000000,0.0275908170,OCEANFIRST FINANCIAL CORP,BBG000GYMZP8,US,USD,XNGS,1.0000000000,USD,Financials
2025-12-26,PMT,416864.0000000000,0.0275799604,PENNYMAC MORTGAGE INVESTMENT TRUST,BBG000DKG066,US,USD,XNYS,1.0000000000,USD,Financials
2025-12-26,NVAX,782591.0000000000,0.0275559872,NOVAVAX INC,BBG000NVSR05,US,USD,XNGS,1.0000000000,USD,Health Care
2025-12-26,VVX,97599.0000000000,0.0275074978,V2X INC,BBG0064LTSY5,US,USD,XNYS,1.0000000000,USD,Industrials
2025-12-26,SEB,1234.0000000000,0.0274540495,SEABOARD CORP,BBG000BSPWV3,US,USD,XASE,1.0000000000,USD,Consumer Staples
2025-12-26,ECVT,550092.0000000000,0.0274074400,ECOVYST INC,BBG00GX8YKD4,US,USD,XNYS,1.0000000000,USD,Materials
2025-12-26,PFBC,54341.0000000000,0.0273970985,PREFERRED BANK,BBG000BRFJ81,US,USD,XNGS,1.0000000000,USD,Financials
2025-12-26,NNE,178139.0000000000,0.0273856651,NANO NUCLEAR ENERGY INC,BBG01MRWFZ06,US,USD,XNCM,1.0000000000,USD,Industrials
2025-12-26,CSR,80545.0000000000,0.0273801009,CENTERSPACE,BBG000BVJ8B8,US,USD,XNYS,1.0000000000,USD,Real Estate
2025-12-26,GIII,177967.0000000000,0.0273050466,G III APPAREL GROUP LTD,BBG000C2ZCC3,US,USD,XNGS,1.0000000000,USD,Consumer Discretionary
2025-12-26,PCRX,206621.0000000000,0.0272774273,PACIRA BIOSCIENCES INC,BBG0018FQPG4,US,USD,XNGS,1.0000000000,USD,Health Care
2025-12-26,COTY,1754318.0000000000,0.0272365064,COTY INC CLASS A,BBG0035Q1NX2,US,USD,XNYS,1.0000000000,USD,Consumer Staples
2025-12-26,HLIT,538099.0000000000,0.0272194282,HARMONIC INC,BBG000BTY8C5,US,USD,XNGS,1.0000000000,USD,Information Technology
2025-12-26,AMPL,448449.0000000000,0.0271668348,AMPLITUDE INC CLASS A,BBG012G3RQ30,US,USD,XNCM,1.0000000000,USD,Information Technology
2025-12-26,OLMA,194559.0000000000,0.0270966330,OLEMA PHARMACEUTICALS INC,BBG00Y1T96S7,US,USD,XNGS,1.0000000000,USD,Health Care
2025-12-26,OBK,138886.0000000000,0.0270801153,ORIGIN BANCORP INC,BBG00KK8G178,US,USD,XNYS,1.0000000000,USD,Financials
2025-12-26,UWMC,1147420.0000000000,0.0270705465,UWM HOLDINGS CORP CLASS A,BBG00SGFWV58,US,USD,XNYS,1.0000000000,USD,Financials
2025-12-26,AMPX,625097.0000000000,0.0270531662,AMPRIUS TECHNOLOGIES INC,BBG019MBDCB7,US,USD,XNYS,1.0000000000,USD,Industrials
2025-12-26,NTLA,554895.0000000000,0.0269992111,INTELLIA THERAPEUTICS INC,BBG00CV481N4,US,USD,XNMS,1.0000000000,USD,Health Care
2025-12-26,XNCR,343269.0000000000,0.0269082048,XENCOR INC,BBG005DNJ2W3,US,USD,XNMS,1.0000000000,USD,Health Care
2025-12-26,COHU,224527.0000000000,0.0268275579,COHU INC,BBG000DKMTR3,US,USD,XNGS,1.0000000000,USD,Information Technology
2025-12-26,AHCO,515981.0000000000,0.0268074387,ADAPTHEALTH CORP,BBG00KL71SF7,US,USD,XNCM,1.0000000000,USD,Health Care
2025-12-26,KDK,503492.0000000000,0.0266694911,KODIAK AI INC,BBG01GWQM2P4,US,USD,XNMS,1.0000000000,USD,Consumer Discretionary
2025-12-26,JAMF,403294.0000000000,0.0265798525,JAMF HOLDING CORP,BBG00VSYYYS4,US,USD,XNGS,1.0000000000,USD,Information Technology
2025-12-26,OMER,339654.0000000000,0.0264697357,OMEROS CORP,BBG000JLP6X5,US,USD,XNMS,1.0000000000,USD,Health Care
2025-12-26,ASTH,207610.0000000000,0.0264599829,ASTRANA HEALTH INC,BBG000H80TH1,US,USD,XNCM,1.0000000000,USD,Health Care
2025-12-26,PEBO,168755.0000000000,0.0262598403,PEOPLES BANCORP INC,BBG000BDQ0P2,US,USD,XNGS,1.0000000000,USD,Financials
2025-12-26,COUR,687249.0000000000,0.0260817885,COURSERA INC,BBG00ZKH27X8,US,USD,XNYS,1.0000000000,USD,Consumer Discretionary
2025-12-26,DHC,1046950.0000000000,0.0259750538,DIVERSIFIED HEALTHCARE TRUST,BBG000BM2TS2,US,USD,XNGS,1.0000000000,USD,Real Estate
2025-12-26,CIM,396321.0000000000,0.0259393119,CHIMERA INVESTMENT CORP,BBG000PFLJQ5,US,USD,XNYS,1.0000000000,USD,Financials
2025-12-26,CCOI,229029.0000000000,0.0258548574,COGENT COMMUNICATIONS HOLDINGS INC,BBG000D0SXY4,US,USD,XNGS,1.0000000000,USD,Communication Services
2025-12-26,IDT,99142.0000000000,0.0258448152,IDT CORP CLASS B,BBG000NRVSW3,US,USD,XNYS,1.0000000000,USD,Communication Services
2025-12-26,OSBC,252867.0000000000,0.0258260261,OLD SECOND BANCORP INC,BBG000BLG495,US,USD,XNGS,1.0000000000,USD,Financials
2025-12-26,VRTS,30526.0000000000,0.0257965880,VIRTUS INVESTMENT PARTNERS INC,BBG000DMH276,US,USD,XNYS,1.0000000000,USD,Financials
2025-12-26,CERT,570136.0000000000,0.0257737626,CERTARA INC,BBG00Y7BR593,US,USD,XNGS,1.0000000000,USD,Health Care
2025-12-26,THS,212644.0000000000,0.0256019194,TREEHOUSE FOODS INC,BBG000GQGLZ2,US,USD,XNYS,1.0000000000,USD,Consumer Staples
2025-12-26,ASTE,110097.0000000000,0.0254998674,ASTEC INDUSTRIES INC,BBG000BCJ8N7,US,USD,XNGS,1.0000000000,USD,Industrials
2025-12-26,WTTR,469395.0000000000,0.0254587936,SELECT WATER SOLUTIONS INC CLASS A,BBG00G4Y2DG7,US,USD,XNYS,1.0000000000,USD,Energy
2025-12-26,GCT,123560.0000000000,0.0254020632,GIGACLOUD TECHNOLOGY INC CLASS A,BBG018PWQDJ6,HK,USD,XNMS,1.0000000000,USD,Consumer Discretionary
2025-12-26,CMPR,70896.0000000000,0.0253662163,CIMPRESS PLC,BBG00R0TNGZ7,IE,USD,XNGS,1.0000000000,USD,Industrials
2025-12-26,AMLX,399839.0000000000,0.0253378200,AMYLYX PHARMACEUTICALS INC,BBG014DBVXN9,US,USD,XNGS,1.0000000000,USD,Health Care
2025-12-26,GRC,100164.0000000000,0.0253082816,GORMAN-RUPP,BBG000BKN364,US,USD,XNYS,1.0000000000,USD,Industrials
2025-12-26,PDM,597520.0000000000,0.0252836723,PIEDMONT REALTY TRUST INC CLASS A,BBG000JVJCG6,US,USD,XNYS,1.0000000000,USD,Real Estate
2025-12-26,NPKI,407397.0000000000,0.0252173422,NPK INTERNATIONAL INC,BBG000C2HYW3,US,USD,XNYS,1.0000000000,USD,Industrials
2025-12-26,SDGR,270301.0000000000,0.0252066316,SCHRODINGER INC,BBG00RCR5Y98,US,USD,XNGS,1.0000000000,USD,Health Care
2025-12-26,UPB,163235.0000000000,0.0250695974,UPSTREAM BIO INC,BBG01PXLYM04,US,USD,XNGS,1.0000000000,USD,Health Care
2025-12-26,KOD,158695.0000000000,0.0250245288,KODIAK SCIENCES INC,BBG00LY1F6X7,US,USD,XNMS,1.0000000000,USD,Health Care
2025-12-26,SCL,103674.0000000000,0.0247696689,STEPAN,BBG000BSMJ63,US,USD,XNYS,1.0000000000,USD,Materials
2025-12-26,ROOT,65707.0000000000,0.0247664439,ROOT INC CLASS A,BBG00XRTJJX6,US,USD,XNGS,1.0000000000,USD,Financials
2025-12-26,PNTG,166738.0000000000,0.0247277760,PENNANT GROUP INC,BBG00P33SYT8,US,USD,XNGS,1.0000000000,USD,Health Care
2025-12-26,CDNA,247022.0000000000,0.0247277371,CAREDX INC,BBG006LCXWZ1,US,USD,XNMS,1.0000000000,USD,Health Care
2025-12-26,NTSK,263339.0000000000,0.0247177289,NETSKOPE INC CLASS A,BBG01WX2CL25,US,USD,XNGS,1.0000000000,USD,Information Technology
2025-12-26,GO,473091.0000000000,0.0246271243,GROCERY OUTLET HOLDING CORP,BBG00P4R30S6,US,USD,XNGS,1.0000000000,USD,Consumer Staples
2025-12-26,JBGS,283513.0000000000,0.0245543337,JBG SMITH PROPERTIES,BBG00GD4K035,US,USD,XNYS,1.0000000000,USD,Real Estate
2025-12-26,CLOV,1904252.0000000000,0.0244436804,CLOVER HEALTH INVESTMENTS CORP CLA,BBG00V77XS19,US,USD,XNGS,1.0000000000,USD,Health Care
2025-12-26,DLX,215812.0000000000,0.0244394504,DELUXE CORP,BBG000BH65S1,US,USD,XNYS,1.0000000000,USD,Industrials
2025-12-26,MBIN,142006.0000000000,0.0243886085,MERCHANTS BANCORP,BBG00HTHQSS3,US,USD,XNCM,1.0000000000,USD,Financials
2025-12-26,MFA,489580.0000000000,0.0242931694,MFA FINANCIAL INC,BBG000BL62Z1,US,USD,XNYS,1.0000000000,USD,Financials
2025-12-26,BLFS,187894.0000000000,0.0242236304,BIOLIFE SOLUTIONS INC,BBG000HRKKY7,US,USD,XNCM,1.0000000000,USD,Health Care
2025-12-26,BY,158830.0000000000,0.0240385044,BYLINE BANCORP INC,BBG00GZYYYR0,US,USD,XNYS,1.0000000000,USD,Financials
2025-12-26,PLYM,214860.0000000000,0.0238737885,PLYMOUTH INDUSTRIAL REIT INC,BBG0021H6Y41,US,USD,XNYS,1.0000000000,USD,Real Estate
2025-12-26,ANAB,93415.0000000000,0.0237025531,ANAPTYSBIO INC,BBG009ZHBP97,US,USD,XNGS,1.0000000000,USD,Health Care
2025-12-26,REX,136552.0000000000,0.0236459087,REX AMERICAN RESOURCES CORP,BBG000D2ZLC2,US,USD,XNYS,1.0000000000,USD,Energy
2025-12-26,PENG,229885.0000000000,0.0235721178,PENGUIN SOLUTIONS INC,BBG00GLTQDF4,US,USD,XNGS,1.0000000000,USD,Information Technology
2025-12-26,IMKTA,65148.0000000000,0.0235112409,INGLES MARKETS INC CLASS A,BBG000BLXQP9,US,USD,XNGS,1.0000000000,USD,Consumer Staples
2025-12-26,EIG,107688.0000000000,0.0234503149,EMPLOYERS HOLDINGS INC,BBG000DJXBX6,US,USD,XNYS,1.0000000000,USD,Financials
2025-12-26,KURA,417750.0000000000,0.0234419233,KURA ONCOLOGY INC,BBG009W9FYV0,US,USD,XNGS,1.0000000000,USD,Health Care
2025-12-26,PRKS,129661.0000000000,0.0234262620,UNITED PARKS AND RESORTS INC,BBG003RYCC36,US,USD,XNYS,1.0000000000,USD,Consumer Discretionary
2025-12-26,SAH,71669.0000000000,0.0233919567,SONIC AUTOMOTIVE INC CLASS A,BBG000BBMQ73,US,USD,XNYS,1.0000000000,USD,Consumer Discretionary
2025-12-26,IOVA,1597441.0000000000,0.0232609999,IOVANCE BIOTHERAPEUTICS INC,BBG000FTLFR3,US,USD,XNMS,1.0000000000,USD,Health Care
2025-12-26,RCAT,504117.0000000000,0.0232496747,RED CAT HOLDINGS INC,BBG000BQRL12,PR,USD,XNCM,1.0000000000,USD,Information Technology
2025-12-26,PHR,272558.0000000000,0.0232460037,PHREESIA INC,BBG00PH8WPD3,US,USD,XNYS,1.0000000000,USD,Health Care
2025-12-26,TMP,61429.0000000000,0.0231228026,TOMPKINS FINANCIAL CORP,BBG000F61HF4,US,USD,XASE,1.0000000000,USD,Financials
2025-12-26,UVSP,135646.0000000000,0.0231036176,UNIVEST FINANCIAL CORP,BBG000BRTXF7,US,USD,XNGS,1.0000000000,USD,Financials
2025-12-26,AMPH,168721.0000000000,0.0229502600,AMPHASTAR PHARMACEUTICALS INC,BBG006JMQVQ2,US,USD,XNGS,1.0000000000,USD,Health Care
2025-12-26,JBI,668932.0000000000,0.0228751275,JANUS INTERNATIONAL GROUP INC,BBG010FXGH31,US,USD,XNYS,1.0000000000,USD,Industrials
2025-12-26,MSEX,86716.0000000000,0.0227551346,MIDDLESEX WATER,BBG000BPH0Z4,US,USD,XNGS,1.0000000000,USD,Utilities
2025-12-26,AMRC,147226.0000000000,0.0226632268,AMERESCO INC CLASS A,BBG000BD1SQ7,US,USD,XNYS,1.0000000000,USD,Industrials
2025-12-26,GBTG,576841.0000000000,0.0226526355,GLOBAL BUSINESS TRAVEL GROUP INC C,BBG00Y52B8N0,US,USD,XNYS,1.0000000000,USD,Consumer Discretionary
2025-12-26,GLDD,328746.0000000000,0.0225673170,GREAT LAKES DREDGE AND DOCK CORP,BBG000QT4FF3,US,USD,XNGS,1.0000000000,USD,Industrials
2025-12-26,BETA,147406.0000000000,0.0225263996,BETA TECHNOLOGIES INC CLASS A,,US,USD,XNYS,1.0000000000,USD,Industrials
2025-12-26,CXM,575851.0000000000,0.0225261078,SPRINKLR INC CLASS A,BBG011J2WP82,US,USD,XNYS,1.0000000000,USD,Information Technology
2025-12-26,UPBD,251389.0000000000,0.0225246797,UPBOUND GROUP INC,BBG000BHQVF6,US,USD,XNGS,1.0000000000,USD,Consumer Discretionary
2025-12-26,DEA,208113.0000000000,0.0224905703,EASTERLY GOVERNMENT PROPERTIES INC,BBG007SV9201,US,USD,XNYS,1.0000000000,USD,Real Estate
2025-12-26,FUBO,1651506.0000000000,0.0224562174,FUBOTV INC CLASS A,BBG002CV4QC8,US,USD,XNYS,1.0000000000,USD,Communication Services
2025-12-26,PDFS,153853.0000000000,0.0224343963,PDF SOLUTIONS INC,BBG000CYCVF3,US,USD,XNGS,1.0000000000,USD,Information Technology
2025-12-26,EVLV,662987.0000000000,0.0224027275,EVOLV TECHNOLOGIES HOLDINGS INC CL,BBG00XJFF5H7,US,USD,XNCM,1.0000000000,USD,Information Technology
2025-12-26,VTOL,121246.0000000000,0.0223549652,BRISTOW GROUP INC,BBG001YH8PW3,US,USD,XNYS,1.0000000000,USD,Energy
2025-12-26,BBSI,121642.0000000000,0.0223045443,BARRETT BUSINESS SERVICES INC,BBG000BHK3F4,US,USD,XNGS,1.0000000000,USD,Industrials
2025-12-26,ALIT,2230091.0000000000,0.0222900204,ALIGHT INC CLASS A,BBG00NBPFSZ5,US,USD,XNYS,1.0000000000,USD,Industrials
2025-12-26,BV,338041.0000000000,0.0221591729,BRIGHTVIEW HOLDINGS INC,BBG00L1LT6J0,US,USD,XNYS,1.0000000000,USD,Industrials
2025-12-26,CHYM,163283.0000000000,0.0220614368,CHIME FINANCIAL INC CLASS A,BBG01TZ012D6,US,USD,XNGS,1.0000000000,USD,Financials
2025-12-26,HBNC,245360.0000000000,0.0219097835,HORIZON BANCORP INC,BBG000BJ3WF5,US,USD,XNGS,1.0000000000,USD,Financials
2025-12-26,ESRT,659929.0000000000,0.0217971572,EMPIRE STATE REALTY REIT INC TRUST,BBG002N8HPF2,US,USD,XNYS,1.0000000000,USD,Real Estate
2025-12-26,MUX,218289.0000000000,0.0217850152,MCEWEN INC,BBG000BW6FX0,US,USD,XNYS,1.0000000000,USD,Materials
2025-12-26,GLUE,243324.0000000000,0.0217773576,MONTE ROSA THERAPEUTICS INC,BBG011K2GSW5,US,USD,XNGS,1.0000000000,USD,Health Care
2025-12-26,NKTR,97450.0000000000,0.0217251884,NEKTAR THERAPEUTICS,BBG000BHD5D9,US,USD,XNCM,1.0000000000,USD,Health Care
2025-12-26,CRMD,351025.0000000000,0.0217101792,CORMEDIX INC,BBG000Q4BSC5,US,USD,XNMS,1.0000000000,USD,Health Care
2025-12-26,LPG,177253.0000000000,0.0217096347,DORIAN LPG LTD,BBG006476H75,US,USD,XNYS,1.0000000000,USD,Energy
2025-12-26,CTBI,73357.0000000000,0.0216762716,COMMUNITY TRUST BANCORP INC,BBG000F4LJ81,US,USD,XNGS,1.0000000000,USD,Financials
2025-12-26,PRCH,473091.0000000000,0.0216747497,PORCH GROUP INC,BBG00RC9HCX6,US,USD,XNCM,1.0000000000,USD,Information Technology
2025-12-26,MAZE,101428.0000000000,0.0216548534,MAZE THERAPEUTICS INC,BBG01RN5SN29,US,USD,XNMS,1.0000000000,USD,Health Care
2025-12-26,LMB,53453.0000000000,0.0215795855,LIMBACH HOLDINGS INC,BBG006G0NGR8,US,USD,XNCM,1.0000000000,USD,Industrials
2025-12-26,RPD,277342.0000000000,0.0215714557,RAPID7 INC,BBG009DFHWP6,US,USD,XNMS,1.0000000000,USD,Information Technology
2025-12-26,DRVN,285113.0000000000,0.0215683200,DRIVEN BRANDS HOLDINGS INC,BBG00YN8NCY3,US,USD,XNGS,1.0000000000,USD,Consumer Discretionary
2025-12-26,AAT,225486.0000000000,0.0215537150,AMERICAN ASSETS TRUST REIT INC,BBG00161BCW4,US,USD,XNYS,1.0000000000,USD,Real Estate
2025-12-26,SBSI,135767.0000000000,0.0215261270,SOUTHSIDE BANCSHARES INC,BBG000BGVQ27,US,USD,XNYS,1.0000000000,USD,Financials
2025-12-26,RAPP,136995.0000000000,0.0214984076,RAPPORT THERAPEUTICS INC,BBG01MYSNXB1,US,USD,XNMS,1.0000000000,USD,Health Care
2025-12-26,CPF,129928.0000000000,0.0213518425,CENTRAL PACIFIC FINANCIAL CORP,BBG000BG4NC3,US,USD,XNYS,1.0000000000,USD,Financials
2025-12-26,LGIH,97888.0000000000,0.0213361169,LGI HOMES INC,BBG0056656D5,US,USD,XNGS,1.0000000000,USD,Consumer Discretionary
2025-12-26,FMBH,104570.0000000000,0.0212857858,FIRST MID BANCSHARES INC,BBG000BD90N3,US,USD,XNMS,1.0000000000,USD,Financials
2025-12-26,SVRA,653072.0000000000,0.0212061922,SAVARA INC,BBG000MS1TK6,US,USD,XNGS,1.0000000000,USD,Health Care
2025-12-26,NAVI,322311.0000000000,0.0211934561,NAVIENT CORP,BBG006BR91G5,US,USD,XNGS,1.0000000000,USD,Financials
2025-12-26,MEG,158690.0000000000,0.0211510186,MONTROSE ENVIRONMENTAL GRP INC,BBG00VSYV8C1,US,USD,XNYS,1.0000000000,USD,Industrials
2025-12-26,BJRI,101249.0000000000,0.0211286188,BJS RESTAURANTS INC,BBG000H9N5S4,US,USD,XNGS,1.0000000000,USD,Consumer Discretionary
2025-12-26,UTL,85527.0000000000,0.0211283055,UNITIL CORP,BBG000BW7Z56,US,USD,XNYS,1.0000000000,USD,Utilities
2025-12-26,HLX,657777.0000000000,0.0210919832,HELIX ENERGY SOLUTIONS GROUP INC,BBG000J7R4M1,US,USD,XNYS,1.0000000000,USD,Energy
2025-12-26,AMC,2470952.0000000000,0.0210617884,AMC ENTERTAINMENT HOLDINGS INC CLA,BBG000TDCWW0,US,USD,XNYS,1.0000000000,USD,Communication Services
2025-12-26,CFFN,586388.0000000000,0.0210044556,CAPITOL FEDERAL FINANCIAL INC,BBG000C34JW8,US,USD,XNGS,1.0000000000,USD,Financials
2025-12-26,UVE,119593.0000000000,0.0209519280,UNIVERSAL INSURANCE HOLDINGS INC,BBG000B9YZY5,US,USD,XNYS,1.0000000000,USD,Financials
2025-12-26,EXPI,432375.0000000000,0.0208842642,EXP WORLD HOLDINGS INC,BBG001DCTGD5,US,USD,XNMS,1.0000000000,USD,Real Estate
2025-12-26,YEXT,501440.0000000000,0.0208619299,YEXT INC,BBG00G6QZWL8,US,USD,XNYS,1.0000000000,USD,Information Technology
2025-12-26,TNGX,470694.0000000000,0.0207768436,TANGO THERAPEUTICS INC,BBG00WFDDS44,US,USD,XNMS,1.0000000000,USD,Health Care
2025-12-26,INVX,186008.0000000000,0.0207623238,INNOVEX INTERNATIONAL INC,BBG000BVDFM6,US,USD,XNYS,1.0000000000,USD,Energy
2025-12-26,IART,322922.0000000000,0.0207421129,INTEGRA LIFESCIENCES HOLDINGS CORP,BBG000BZK1C1,US,USD,XNGS,1.0000000000,USD,Health Care
2025-12-26,BHRB,63950.0000000000,0.0206324608,BURKE HERBERT FINANCIAL SERVICES C,BBG019X34R75,US,USD,XNCM,1.0000000000,USD,Financials
2025-12-26,FBRT,386338.0000000000,0.0205619629,FRANKLIN BSP REALTY TRUST INC,BBG0131739N7,US,USD,XNYS,1.0000000000,USD,Financials
2025-12-26,ALNT,71810.0000000000,0.0205560499,ALLIENT INC,BBG000BKW1S4,US,USD,XNMS,1.0000000000,USD,Industrials
2025-12-26,QNST,274563.0000000000,0.0204080397,QUINSTREET INC,BBG000S9Y4B1,US,USD,XNGS,1.0000000000,USD,Communication Services
2025-12-26,HFWA,163474.0000000000,0.0203454778,HERITAGE FINANCIAL CORP,BBG000BY3CF6,US,USD,XNGS,1.0000000000,USD,Financials
2025-12-26,NIQ,240896.0000000000,0.0203256055,NIQ GLOBAL INTELLIGENCE PLC,BBG01VV3KTR4,US,USD,XNYS,1.0000000000,USD,Communication Services
2025-12-26,MDXG,562796.0000000000,0.0202164974,MIMEDX GROUP INC,BBG000RJ6KK5,US,USD,XNCM,1.0000000000,USD,Health Care
2025-12-26,MATW,148376.0000000000,0.0200397992,MATTHEWS INTERNATIONAL CORP CLASS,BBG000CJW1N1,US,USD,XNGS,1.0000000000,USD,Consumer Discretionary
2025-12-26,HAFC,140486.0000000000,0.0200290810,HANMI FINANCIAL CORP,BBG000M4PQC8,US,USD,XNGS,1.0000000000,USD,Financials
2025-12-26,UFCS,106034.0000000000,0.0198891513,UNITED FIRE GROUP INC,BBG000BVYGV1,US,USD,XNGS,1.0000000000,USD,Financials
2025-12-26,NBBK,188458.0000000000,0.0198788255,NB BANCORP INC,BBG01KS1NKF5,US,USD,XNCM,1.0000000000,USD,Financials
2025-12-26,BFLY,991319.0000000000,0.0198669949,BUTTERFLY NETWORK INC CLASS A,BBG00VSHL6R7,US,USD,XNYS,1.0000000000,USD,Health Care
2025-12-26,METC,214928.0000000000,0.0198247871,RAMACO RESOURCES INC CLASS A,BBG00FP308Q6,US,USD,XNGS,1.0000000000,USD,Materials
2025-12-26,APOG,103406.0000000000,0.0197372292,APOGEE ENTERPRISES INC,BBG000BC6XJ1,US,USD,XNGS,1.0000000000,USD,Industrials
2025-12-26,MBX,120881.0000000000,0.0196933684,MBX BIOSCIENCES INC,BBG01PGTK9N5,US,USD,XNGS,1.0000000000,USD,Health Care
2025-12-26,EPC,222460.0000000000,0.0196843042,EDGEWELL PERSONAL CARE,BBG000BRW7M2,US,USD,XNYS,1.0000000000,USD,Consumer Staples
2025-12-26,PHAT,219520.0000000000,0.0196691888,PHATHOM PHARMACEUTICALS INC,BBG00QG3ZQT1,US,USD,XNGS,1.0000000000,USD,Health Care
2025-12-26,ALH,179676.0000000000,0.0196544313,ALLIANCE LAUNDRY HOLDINGS INC,BBG01XMM5454,US,USD,XNYS,1.0000000000,USD,Industrials
2025-12-26,MOFG,98611.0000000000,0.0196475281,MIDWESTONE FINANCIAL GROUP INC,BBG000BQW3T6,US,USD,XNGS,1.0000000000,USD,Financials
2025-12-26,UTZ,375117.0000000000,0.0196412037,UTZ BRANDS INC CLASS A,BBG00MMND2N2,US,USD,XNYS,1.0000000000,USD,Consumer Staples
2025-12-26,SCSC,96957.0000000000,0.0195491864,SCANSOURCE INC,BBG000BHV1H4,US,USD,XNGS,1.0000000000,USD,Information Technology
2025-12-26,RIGL,86253.0000000000,0.0195352984,RIGEL PHARMACEUTICALS INC,BBG000BPX2D6,US,USD,XNGS,1.0000000000,USD,Health Care
2025-12-26,SLDP,851061.0000000000,0.0194741668,SOLID POWER INC CLASS A,BBG0112HCTH1,US,USD,XNGS,1.0000000000,USD,Consumer Discretionary
2025-12-26,MBWM,78281.0000000000,0.0194733161,MERCANTILE BANK CORP,BBG000BP35N1,US,USD,XNGS,1.0000000000,USD,Financials
2025-12-26,CVI,145410.0000000000,0.0194400129,CVR ENERGY INC,BBG000QHVBB2,US,USD,XNYS,1.0000000000,USD,Energy
2025-12-26,AMWD,69832.0000000000,0.0194123197,AMERICAN WOODMARK CORP,BBG000BBXGX4,US,USD,XNGS,1.0000000000,USD,Industrials
2025-12-26,BFST,141874.0000000000,0.0193199937,BUSINESS FIRST BANCSHARES INC,BBG00KK07157,US,USD,XNGS,1.0000000000,USD,Financials
2025-12-26,TRST,88262.0000000000,0.0191887306,TRUSTCO BANK CORP,BBG000BVP4W7,US,USD,XNGS,1.0000000000,USD,Financials
2025-12-26,RUM,542881.0000000000,0.0191430486,RUMBLE INC CLASS A,BBG00ZYYHVJ3,US,USD,XNMS,1.0000000000,USD,Communication Services
2025-12-26,SMP,100876.0000000000,0.0191366085,STANDARD MOTOR PRODUCTS INC,BBG000BT69H9,US,USD,XNYS,1.0000000000,USD,Consumer Discretionary
2025-12-26,SIBN,184977.0000000000,0.0191080848,SI BONE INC,BBG00M1737P8,US,USD,XNMS,1.0000000000,USD,Health Care
2025-12-26,IRMD,38790.0000000000,0.0191021267,IRADIMED CORP,BBG006NM9397,US,USD,XNMS,1.0000000000,USD,Health Care
2025-12-26,CCNE,140005.0000000000,0.0190867888,CNB FINANCIAL CORP,BBG000BKQ7P1,US,USD,XNGS,1.0000000000,USD,Financials
2025-12-26,ARVN,308455.0000000000,0.0190460117,ARVINAS INC,BBG00LW7YKT9,US,USD,XNGS,1.0000000000,USD,Health Care
2025-12-26,AIV,629622.0000000000,0.0190391611,APARTMENT INVESTMENT AND MANAGEMEN,BBG000DD3805,US,USD,XNYS,1.0000000000,USD,Real Estate
2025-12-26,AMTB,184852.0000000000,0.0189732484,AMERANT BANCORP INC CLASS A,BBG00LMYWZX5,US,USD,XNYS,1.0000000000,USD,Financials
2025-12-26,AD,69194.0000000000,0.0189049616,ARRAY DIGITAL INFRASTRUCTURE INC,BBG000BW6QW7,US,USD,XNYS,1.0000000000,USD,Communication Services
2025-12-26,PLOW,110885.0000000000,0.0188806268,DOUGLAS DYNAMICS INC,BBG000Q90GN0,US,USD,XNYS,1.0000000000,USD,Industrials
2025-12-26,NBN,34486.0000000000,0.0188618045,NORTHEAST BANK,BBG00N2THXD8,US,USD,XNMS,1.0000000000,USD,Financials
2025-12-26,HTBK,295178.0000000000,0.0188102809,HERITAGE COMMERCE CORP,BBG000C48F50,US,USD,XNGS,1.0000000000,USD,Financials
2025-12-26,PAHC,98106.0000000000,0.0187853426,PHIBRO ANIMAL HEALTH CORP CLASS A,BBG0064MZFL8,US,USD,XNMS,1.0000000000,USD,Health Care
2025-12-26,NBR,69756.0000000000,0.0187364436,NABORS INDUSTRIES LTD,BBG000BZTXK3,BM,USD,XNYS,1.0000000000,USD,Energy
2025-12-26,CLB,223055.0000000000,0.0187071002,CORE LABORATORIES INC,BBG01GG2V328,US,USD,XNYS,1.0000000000,USD,Energy
2025-12-26,AXL,571199.0000000000,0.0186635804,AMERICAN AXLE AND MANUFACTURING HO,BBG000BPZ1R1,US,USD,XNYS,1.0000000000,USD,Consumer Discretionary
2025-12-26,BRSP,623531.0000000000,0.0186335241,BRIGHTSPIRE CAPITAL INC CLASS A,BBG00JVRRQJ7,US,USD,XNYS,1.0000000000,USD,Financials
2025-12-26,NEXT,669516.0000000000,0.0185470677,NEXTDECADE CORP,BBG008GC7W73,US,USD,XNCM,1.0000000000,USD,Energy
2025-12-26,VSTS,541784.0000000000,0.0185271120,VESTIS CORP,BBG01J7FC084,US,USD,XNYS,1.0000000000,USD,Industrials
2025-12-26,CAC,81383.0000000000,0.0184901076,CAMDEN NATIONAL CORP,BBG000BB1XM4,US,USD,XNGS,1.0000000000,USD,Financials
2025-12-26,DAKT,196440.0000000000,0.0184583367,DAKTRONICS INC,BBG000BMCJS3,US,USD,XNGS,1.0000000000,USD,Information Technology
2025-12-26,SNCY,249652.0000000000,0.0184170943,SUN COUNTRY AIRLINES HOLDINGS INC,BBG00Z6F8CW2,US,USD,XNGS,1.0000000000,USD,Industrials
2025-12-26,FIZZ,112306.0000000000,0.0183761418,NATIONAL BEVERAGE CORP,BBG000BF8P18,US,USD,XNGS,1.0000000000,USD,Consumer Staples
2025-12-26,GERN,2579993.0000000000,0.0183260226,GERON CORP,BBG000GX2QD5,US,USD,XNGS,1.0000000000,USD,Health Care
2025-12-26,SPRY,314011.0000000000,0.0182897768,ARS PHARMACEUTICALS INC,BBG00Y4S17K0,US,USD,XNMS,1.0000000000,USD,Health Care
2025-12-26,INDI,956073.0000000000,0.0182389803,INDIE SEMICONDUCTOR INC CLASS A,BBG00ZHZVS73,US,USD,XNCM,1.0000000000,USD,Information Technology
2025-12-26,SG,512008.0000000000,0.0182362490,SWEETGREEN INC CLASS A,BBG0135W9QQ1,US,USD,XNYS,1.0000000000,USD,Consumer Discretionary
2025-12-26,THFF,57313.0000000000,0.0181916268,FIRST FINANCIAL CORPORATION CORP,BBG000CDHD46,US,USD,XNGS,1.0000000000,USD,Financials
2025-12-26,ELVN,213756.0000000000,0.0181441200,ENLIVEN THERAPEUTICS INC,BBG00RRGWB14,US,USD,XNGS,1.0000000000,USD,Health Care
2025-12-26,AESI,371425.0000000000,0.0180910603,ATLAS ENERGY SOLUTIONS INC,BBG01JFZFYV8,US,USD,XNYS,1.0000000000,USD,Energy
2025-12-26,FOXF,201286.0000000000,0.0180251934,FOX FACTORY HOLDING CORP,BBG004T7VSS8,US,USD,XNGS,1.0000000000,USD,Consumer Discretionary
2025-12-26,ABUS,741475.0000000000,0.0180199541,ARBUTUS BIOPHARMA CORP,BBG000RR94D8,US,USD,XNGS,1.0000000000,USD,Health Care
2025-12-26,PGEN,847515.0000000000,0.0180170246,PRECIGEN INC,BBG004TDDJ32,US,USD,XNGS,1.0000000000,USD,Health Care
2025-12-26,PRSU,103257.0000000000,0.0180009039,PURSUIT ATTRACTIONS AND HOSPITALIT,BBG000D79FZ8,US,USD,XNYS,1.0000000000,USD,Consumer Discretionary
2025-12-26,ERII,256181.0000000000,0.0179889022,ENERGY RECOVERY INC,BBG000VFBG76,US,USD,XNGS,1.0000000000,USD,Industrials
2025-12-26,LQDT,114799.0000000000,0.0179744530,LIQUIDITY SERVICES INC,BBG000QXXTR9,US,USD,XNGS,1.0000000000,USD,Industrials
2025-12-26,TR,94600.0000000000,0.0179604236,TOOTSIE ROLL INDUSTRIES INC,BBG000BVJQF4,US,USD,XNYS,1.0000000000,USD,Consumer Staples
2025-12-26,RDVT,63072.0000000000,0.0179523422,RED VIOLET INC,BBG00HNGGZL3,US,USD,XNCM,1.0000000000,USD,Information Technology
2025-12-26,PUMP,378148.0000000000,0.0179388696,PROPETRO HOLDING CORP,BBG00FYCQ398,US,USD,XNYS,1.0000000000,USD,Energy
2025-12-26,AMSF,91412.0000000000,0.0179117136,AMERISAFE INC,BBG000Q0JWB7,US,USD,XNGS,1.0000000000,USD,Financials
2025-12-26,SANA,778393.0000000000,0.0178903476,SANA BIOTECHNOLOGY INC,BBG00YVSTZ28,US,USD,XNGS,1.0000000000,USD,Health Care
2025-12-26,MIAX,74680.0000000000,0.0178879250,MIAMI INTERNATIONAL HOLDINGS INC,BBG01W7FH7K1,US,USD,XNYS,1.0000000000,USD,Financials
2025-12-26,ERAS,1026302.0000000000,0.0178603905,ERASCA INC,BBG011M1RT88,US,USD,XNGS,1.0000000000,USD,Health Care
2025-12-26,EVER,131260.0000000000,0.0178346515,EVERQUOTE INC CLASS A,BBG00L2P7TZ6,US,USD,XNMS,1.0000000000,USD,Communication Services
2025-12-26,LINC,141384.0000000000,0.0177755571,LINCOLN EDUCATIONAL SERVICES CORP,BBG000GM3205,US,USD,XNGS,1.0000000000,USD,Consumer Discretionary
2025-12-26,GHM,49500.0000000000,0.0177334431,GRAHAM CORP,BBG000BKB9K8,US,USD,XNYS,1.0000000000,USD,Industrials
2025-12-26,FWRG,220203.0000000000,0.0176411550,FIRST WATCH RESTAURANT GROUP INC,BBG012F6M107,US,USD,XNGS,1.0000000000,USD,Consumer Discretionary
2025-12-26,MYE,179845.0000000000,0.0175559805,MYERS INDUSTRIES INC,BBG000BPQ2D4,US,USD,XNYS,1.0000000000,USD,Materials
2025-12-26,REPL,341979.0000000000,0.0175070213,REPLIMUNE GROUP INC,BBG00L91XLQ0,US,USD,XNGS,1.0000000000,USD,Health Care
2025-12-26,MCB,43978.0000000000,0.0174777393,METROPOLITAN BANK HOLDING CORP,BBG00HXGPY26,US,USD,XNYS,1.0000000000,USD,Financials
2025-12-26,RYI,131427.0000000000,0.0174572524,RYERSON HOLDING CORP,BBG000Q7V3X8,US,USD,XNYS,1.0000000000,USD,Materials
2025-12-26,TFSL,243782.0000000000,0.0174398363,TFS FINANCIAL CORP,BBG000F7H3L9,US,USD,XNGS,1.0000000000,USD,Financials
2025-12-26,GOSS,996389.0000000000,0.0173903780,GOSSAMER BIO INC,BBG00MVWLM59,US,USD,XNGS,1.0000000000,USD,Health Care
2025-12-26,TRTX,374917.0000000000,0.0173290664,TPG RE FINANCE TRUST INC,BBG00GKJ8CB3,US,USD,XNYS,1.0000000000,USD,Financials
2025-12-26,ESQ,32179.0000000000,0.0173216443,ESQUIRE FINANCIAL HOLDINGS INC,BBG00GV160H2,US,USD,XNCM,1.0000000000,USD,Financials
2025-12-26,BBW,57161.0000000000,0.0173139359,BUILD A BEAR WORKSHOP INC,BBG000H8XTM9,US,USD,XNYS,1.0000000000,USD,Consumer Discretionary
2025-12-26,KE,117625.0000000000,0.0172949644,KIMBALL ELECTRONICS INC,BBG00748ML74,US,USD,XNGS,1.0000000000,USD,Information Technology
2025-12-26,CCO,1514309.0000000000,0.0172869620,CLEAR CHANNEL OUTDOOR HOLDINGS INC,BBG00NZMF167,US,USD,XNYS,1.0000000000,USD,Communication Services
2025-12-26,EMBC,281937.0000000000,0.0172798777,EMBECTA CORP,BBG0165ZPVR7,US,USD,XNGS,1.0000000000,USD,Health Care
2025-12-26,ORRF,93940.0000000000,0.0172250448,ORRSTOWN FINANCIAL SERVICES INC,BBG000BRRTY7,US,USD,XNCM,1.0000000000,USD,Financials
2025-12-26,GNK,181667.0000000000,0.0171439402,GENCO SHIPPING AND TRADING LTD,BBG006TBN8G0,US,USD,XNYS,1.0000000000,USD,Industrials
2025-12-26,CNNE,212494.0000000000,0.0171421563,CANNAE HOLDINGS INC,BBG00GXWXNG3,US,USD,XNYS,1.0000000000,USD,Financials
2025-12-26,HNGE,70084.0000000000,0.0171390827,HINGE HEALTH INC CLASS A,BBG01SWJM4X1,US,USD,XNYS,1.0000000000,USD,Health Care
2025-12-26,CARS,266482.0000000000,0.0171168262,CARS.COM INC,BBG00F5RGH88,US,USD,XNYS,1.0000000000,USD,Communication Services
2025-12-26,CMP,166430.0000000000,0.0170570781,COMPASS MINERALS INTERNATIONAL INC,BBG000C42YN5,US,USD,XNYS,1.0000000000,USD,Materials
2025-12-26,NX,219387.0000000000,0.0170414967,QUANEX BUILDING PRODUCTS CORP,BBG000TXVNY3,US,USD,XNYS,1.0000000000,USD,Industrials
2025-12-26,RWT,604834.0000000000,0.0170314190,REDWOOD TRUST REIT INC,BBG000JNJRP1,US,USD,XNYS,1.0000000000,USD,Financials
2025-12-26,GPRE,334552.0000000000,0.0170249646,GREEN PLAINS INC,BBG000KYRC06,US,USD,XNGS,1.0000000000,USD,Energy
2025-12-26,IBCP,99745.0000000000,0.0169686129,INDEPENDENT BANK CORP,BBG000BLNL44,US,USD,XNGS,1.0000000000,USD,Financials
2025-12-26,AMAL,101885.0000000000,0.0169553105,AMALGAMATED FINANCIAL CORP,BBG00XRT8DS7,US,USD,XNMS,1.0000000000,USD,Financials
2025-12-26,ANNX,643990.0000000000,0.0169250725,ANNEXON INC,BBG00VVV8CW8,US,USD,XNGS,1.0000000000,USD,Health Care
2025-12-26,NTGR,135731.0000000000,0.0168926682,NETGEAR INC,BBG000C4GMD7,US,USD,XNGS,1.0000000000,USD,Information Technology
2025-12-26,DAWN,346380.0000000000,0.0168711892,DAY ONE BIOPHARMACEUTICALS INC,BBG010S6B0T0,US,USD,XNGS,1.0000000000,USD,Health Care
2025-12-26,ALMS,291116.0000000000,0.0168380805,ALUMIS INC,BBG01N8B5036,US,USD,XNGS,1.0000000000,USD,Health Care
2025-12-26,GOLD,95248.0000000000,0.0168124865,GOLD INC,BBG005ZVDKR3,US,USD,XNYS,1.0000000000,USD,Consumer Discretionary
2025-12-26,JANX,231559.0000000000,0.0168121383,JANUX THERAPEUTICS INC,BBG0113S83G9,US,USD,XNMS,1.0000000000,USD,Health Care
2025-12-26,EQBK,72306.0000000000,0.0167579962,EQUITY BANCSHARES INC CLASS A,BBG00B641WQ0,US,USD,XNYS,1.0000000000,USD,Financials
2025-12-26,BTBT,1548362.0000000000,0.0167329981,BIT DIGITAL INC,BBG00JM2HW00,US,USD,XNCM,1.0000000000,USD,Information Technology
2025-12-26,PRAA,187965.0000000000,0.0167083185,PRA GROUP INC,BBG000BNV476,US,USD,XNGS,1.0000000000,USD,Financials
2025-12-26,FG,104193.0000000000,0.0167050308,F&G ANNUITIES AND LIFE INC,BBG01BGVGGF9,US,USD,XNYS,1.0000000000,USD,Financials
2025-12-26,MCHB,231959.0000000000,0.0166764165,MECHANICS BANCORP CLASS A,BBG001P71850,US,USD,XNGS,1.0000000000,USD,Financials
2025-12-26,RGNX,227160.0000000000,0.0166656328,REGENXBIO INC,BBG009T0LKT9,US,USD,XNGS,1.0000000000,USD,Health Care
2025-12-26,CNXN,55150.0000000000,0.0166628367,PC CONNECTION INC,BBG000BX7FW8,US,USD,XNGS,1.0000000000,USD,Information Technology
2025-12-26,TBPH,175141.0000000000,0.0166435995,THERAVANCE BIOPHARMA INC,BBG006H5S0W0,KY,USD,XNMS,1.0000000000,USD,Health Care
2025-12-26,BKV,119536.0000000000,0.0165995063,BKV CORP,BBG01PSQVBF0,US,USD,XNYS,1.0000000000,USD,Energy
2025-12-26,HNRG,167733.0000000000,0.0165863952,HALLADOR ENERGY,BBG000DP9Z66,US,USD,XNCM,1.0000000000,USD,Utilities
2025-12-26,MATV,264348.0000000000,0.0165773900,MATIV HOLDINGS INC,BBG000C3CYX5,US,USD,XNYS,1.0000000000,USD,Materials
2025-12-26,RBCAA,46198.0000000000,0.0164801791,REPUBLIC BANCORP INC CLASS A,BBG000BJMSG2,US,USD,XNGS,1.0000000000,USD,Financials
2025-12-26,EE,115196.0000000000,0.0164059531,EXCELERATE ENERGY INC CLASS A,BBG014GJSRK9,US,USD,XNYS,1.0000000000,USD,Energy
2025-12-26,MRTN,279856.0000000000,0.0163997890,MARTEN TRANSPORT LTD,BBG000BPDTK1,US,USD,XNGS,1.0000000000,USD,Industrials
2025-12-26,BLND,1072361.0000000000,0.0163768044,BLEND LABS INC CLASS A,BBG011K4SBC7,US,USD,XNYS,1.0000000000,USD,Information Technology
2025-12-26,MMI,115619.0000000000,0.0163312751,MARCUS & MILLICHAP INC,BBG005GBRSX9,US,USD,XNYS,1.0000000000,USD,Real Estate
2025-12-26,SEPN,109176.0000000000,0.0163240896,SEPTERNA INC,BBG01QG03S35,US,USD,XNMS,1.0000000000,USD,Health Care
2025-12-26,AVBP,144283.0000000000,0.0163172470,ARRIVENT BIOPHARMA INC,BBG01KXBT369,US,USD,XNMS,1.0000000000,USD,Health Care
2025-12-26,GDOT,245199.0000000000,0.0162722682,GREEN DOT CORP CLASS A,BBG000QDJVQ5,US,USD,XNYS,1.0000000000,USD,Financials
2025-12-26,CSV,75763.0000000000,0.0162714811,CARRIAGE SERVICES INC,BBG000J06HJ4,US,USD,XNYS,1.0000000000,USD,Consumer Discretionary
2025-12-26,HRTG,107390.0000000000,0.0162259521,HERITAGE INSURANCE HOLDINGS INC,BBG006D4PFH4,US,USD,XNYS,1.0000000000,USD,Financials
2025-12-26,HTZ,598619.0000000000,0.0161882298,HERTZ GLOBAL HLDGS INC,BBG011N571K7,US,USD,XNGS,1.0000000000,USD,Industrials
2025-12-26,TDAY,594335.0000000000,0.0161628429,USA TODAY INC,BBG005C9FQX5,US,USD,XNYS,1.0000000000,USD,Communication Services
2025-12-26,ACEL,276520.0000000000,0.0161060889,ACCEL ENTERTAINMENT INC CLASS A,BBG00GX23063,US,USD,XNYS,1.0000000000,USD,Consumer Discretionary
2025-12-26,EBS,250033.0000000000,0.0160222070,EMERGENT BIOSOLUTIONS INC,BBG000GW09K9,US,USD,XNYS,1.0000000000,USD,Health Care
2025-12-26,HIPO,100128.0000000000,0.0159923365,HIPPO HOLDINGS INC,BBG00YRW91K1,US,USD,XNYS,1.0000000000,USD,Financials
2025-12-26,SCHL,108322.0000000000,0.0159655712,SCHOLASTIC CORP,BBG000BSDVZ4,US,USD,XNGS,1.0000000000,USD,Communication Services
2025-12-26,IBRX,1462758.0000000000,0.0158820994,IMMUNITYBIO INC,BBG009FBSBC1,US,USD,XNGS,1.0000000000,USD,Health Care
2025-12-26,ICHR,165976.0000000000,0.0158568628,ICHOR HOLDINGS LTD,BBG00F9VSD27,US,USD,XNGS,1.0000000000,USD,Information Technology
2025-12-26,ADTN,353813.0000000000,0.0158150784,ADTRAN HOLDINGS INC,BBG016R0PMV5,US,USD,XNGS,1.0000000000,USD,Information Technology
2025-12-26,ORIC,369427.0000000000,0.0158007559,ORIC PHARMACEUTICALS INC,BBG00S2L1TY7,US,USD,XNGS,1.0000000000,USD,Health Care
2025-12-26,MPB,97892.0000000000,0.0157643395,MID PENN BANCORP INC,BBG000BB7H70,US,USD,XNMS,1.0000000000,USD,Financials
2025-12-26,FISI,97330.0000000000,0.0157528472,FINANCIAL INSTITUTIONS INC,BBG000BY1X99,US,USD,XNGS,1.0000000000,USD,Financials
2025-12-26,AIOT,566614.0000000000,0.0157252038,POWERFLEET INC,BBG00PG9L8R7,US,USD,XNMS,1.0000000000,USD,Information Technology
2025-12-26,JBSS,42781.0000000000,0.0156844951,JOHN B SANFILIPPO AND SON INC,BBG000CHPYB4,US,USD,XNGS,1.0000000000,USD,Consumer Staples
2025-12-26,MTUS,172501.0000000000,0.0156575430,METALLUS INC,BBG006N4NZL6,US,USD,XNYS,1.0000000000,USD,Materials
2025-12-26,CWH,301108.0000000000,0.0156285823,CAMPING WORLD HOLDINGS INC CLASS A,BBG00D2Z7XF5,US,USD,XNYS,1.0000000000,USD,Consumer Discretionary
2025-12-26,BKSY,145150.0000000000,0.0156273045,BLACKSKY TECHNOLOGY INC CLASS A,BBG00R2NH507,US,USD,XNYS,1.0000000000,USD,Industrials
2025-12-26,NXRT,105500.0000000000,0.0155817532,NEXPOINT RESIDENTIAL TRUST INC,BBG0077Q6QN0,US,USD,XNYS,1.0000000000,USD,Real Estate
2025-12-26,SERV,285455.0000000000,0.0154968378,SERVE ROBOTICS INC,BBG01LTZ9806,US,USD,XNCM,1.0000000000,USD,Consumer Discretionary
2025-12-26,ARHS,260402.0000000000,0.0154447357,ARHAUS INC CLASS A,BBG012TKHZL9,US,USD,XNGS,1.0000000000,USD,Consumer Discretionary
2025-12-26,PX,301213.0000000000,0.0153742291,P10 INC CLASS A,BBG012QFRJV7,US,USD,XNYS,1.0000000000,USD,Financials
2025-12-26,SAFE,220776.0000000000,0.0153011550,SAFEHOLD INC,BBG000H35M64,US,USD,XNYS,1.0000000000,USD,Real Estate
2025-12-26,IIIN,93333.0000000000,0.0152716724,INSTEEL INDUSTRIES INC,BBG000KFLJK6,US,USD,XNYS,1.0000000000,USD,Industrials
2025-12-26,CTLP,282610.0000000000,0.0152563558,CANTALOUPE INC,BBG000H83Q39,US,USD,XNGS,1.0000000000,USD,Financials
2025-12-26,AEHR,135630.0000000000,0.0151872713,AEHR TEST SYSTEMS,BBG000BWM7Q8,US,USD,XNCM,1.0000000000,USD,Information Technology
2025-12-26,WMK,45363.0000000000,0.0151719227,WEIS MARKETS INC,BBG000BWW6X1,US,USD,XNYS,1.0000000000,USD,Consumer Staples
2025-12-26,MNRO,143921.0000000000,0.0151663935,MONRO INC,BBG000C0C911,US,USD,XNGS,1.0000000000,USD,Consumer Discretionary
2025-12-26,SION,67875.0000000000,0.0151611053,SIONNA THERAPEUTICS INC,BBG01RW3B317,US,USD,XNMS,1.0000000000,USD,Health Care
2025-12-26,AVAH,341755.0000000000,0.0151027032,AVEANNA HEALTHCARE HOLDINGS INC,BBG00ZWY5L28,US,USD,XNGS,1.0000000000,USD,Health Care
2025-12-26,WSR,217058.0000000000,0.0150875256,WHITESTONE REIT,BBG000Q2BYJ9,US,USD,XNYS,1.0000000000,USD,Real Estate
2025-12-26,KALV,187534.0000000000,0.0150239387,KALVISTA PHARMACEUTICALS INC,BBG007TGGFT5,US,USD,XNMS,1.0000000000,USD,Health Care
2025-12-26,AMN,184899.0000000000,0.0150192259,AMN HEALTHCARE INC,BBG000BCT3F6,US,USD,XNYS,1.0000000000,USD,Health Care
2025-12-26,FSBC,80410.0000000000,0.0149685395,FIVE STAR BANCORP,BBG00ZZMTC89,US,USD,XNGS,1.0000000000,USD,Financials
2025-12-26,GCMG,255514.0000000000,0.0149474002,GCM GROSVENOR INC CLASS A,BBG00Y73FFS1,US,USD,XNMS,1.0000000000,USD,Financials
2025-12-26,SFIX,570702.0000000000,0.0149410373,STITCH FIX INC CLASS A,BBG00J058WZ9,US,USD,XNGS,1.0000000000,USD,Consumer Discretionary
2025-12-26,ADAM,403519.0000000000,0.0149249599,ADAMAS INC TRUST,BBG000GZ9G90,US,USD,XNGS,1.0000000000,USD,Financials
2025-12-26,MYGN,448016.0000000000,0.0148886897,MYRIAD GENETICS INC,BBG000D9HMX2,US,USD,XNGS,1.0000000000,USD,Health Care
2025-12-26,IVR,339874.0000000000,0.0148816263,INVESCO MORTGAGE CAPITAL REIT INC,BBG000GGM2M3,US,USD,XNYS,1.0000000000,USD,Financials
2025-12-26,FCBC,86521.0000000000,0.0148813689,FIRST COMMUNITY BANKSHARES INC,BBG000BND1Y2,US,USD,XNGS,1.0000000000,USD,Financials
2025-12-26,GDYN,316267.0000000000,0.0148749416,GRID DYNAMICS HOLDINGS INC CLASS A,BBG00MDLZNN6,US,USD,XNCM,1.0000000000,USD,Information Technology
2025-12-26,SXC,409340.0000000000,0.0148702703,SUNCOKE ENERGY INC,BBG001LMHLF4,US,USD,XNYS,1.0000000000,USD,Materials
2025-12-26,TYRA,112479.0000000000,0.0148605226,TYRA BIOSCIENCES INC,BBG01282S0X4,US,USD,XNGS,1.0000000000,USD,Health Care
2025-12-26,TDUP,463243.0000000000,0.0148541429,THREDUP INC CLASS A,BBG00ZJ0FY00,US,USD,XNGS,1.0000000000,USD,Consumer Discretionary
2025-12-26,TREE,53856.0000000000,0.0147881395,LENDINGTREE INC,BBG000TVRHK0,US,USD,XNGS,1.0000000000,USD,Financials
2025-12-26,RDW,371851.0000000000,0.0147535782,REDWIRE CORP,BBG00YGLXDB4,US,USD,XNYS,1.0000000000,USD,Industrials
2025-12-26,GRND,212397.0000000000,0.0146988854,GRINDR INC,BBG00YV3H746,US,USD,XNYS,1.0000000000,USD,Communication Services
2025-12-26,OFIX,190947.0000000000,0.0146870203,ORTHOFIX MEDICAL INC,BBG000G1FLY9,US,USD,XNGS,1.0000000000,USD,Health Care
2025-12-26,SBGI,189211.0000000000,0.0146014925,SINCLAIR INC CLASS A,BBG01GJ4C6H9,US,USD,XNGS,1.0000000000,USD,Communication Services
2025-12-26,MVST,955634.0000000000,0.0145941815,MICROVAST HOLDINGS INC,BBG00NQ6CGW3,US,USD,XNCM,1.0000000000,USD,Industrials
2025-12-26,VTYX,310930.0000000000,0.0144819473,VENTYX BIOSCIENCES INC,BBG012R76155,US,USD,XNGS,1.0000000000,USD,Health Care
2025-12-26,HTB,65461.0000000000,0.0144608132,HOMETRUST BANCSHARES INC,BBG002CV5WT6,US,USD,XNYS,1.0000000000,USD,Financials
2025-12-26,ATXS,219025.0000000000,0.0144241436,ASTRIA THERAPEUTICS INC,BBG008P328Z0,US,USD,XNMS,1.0000000000,USD,Health Care
2025-12-26,LYTS,149581.0000000000,0.0144195494,LSI INDUSTRIES INC,BBG000BNKZG9,US,USD,XNGS,1.0000000000,USD,Industrials
2025-12-26,CCBG,66157.0000000000,0.0143863170,CAPITAL CITY BANK INC,BBG000BM9GY6,US,USD,XNGS,1.0000000000,USD,Financials
2025-12-26,CBRL,107265.0000000000,0.0143730221,CRACKER BARREL OLD COUNTRY STORE I,BBG000BF3DG4,US,USD,XNGS,1.0000000000,USD,Consumer Discretionary
2025-12-26,NAVN,178530.0000000000,0.0143478900,NAVAN INC CLASS A,BBG01XG3PBH2,US,USD,XNGS,1.0000000000,USD,Consumer Discretionary
2025-12-26,SPT,253163.0000000000,0.0142960827,SPROUT SOCIAL INC CLASS A,BBG00QPVQL56,US,USD,XNCM,1.0000000000,USD,Information Technology
2025-12-26,NPK,25629.0000000000,0.0142724133,NATIONAL PRESTO INDUSTRIES INC,BBG000BQ4HB5,US,USD,XNYS,1.0000000000,USD,Industrials
2025-12-26,EGBN,132776.0000000000,0.0142479246,EAGLE BANCORP INC,BBG000C3HLL1,US,USD,XNCM,1.0000000000,USD,Financials
2025-12-26,SMBC,45804.0000000000,0.0142225177,SOUTHERN MISSOURI BANCORP INC,BBG000C3ZRN6,US,USD,XNMS,1.0000000000,USD,Financials
2025-12-26,BBOT,229354.0000000000,0.0141967131,BRIDGEBIO ONCOLOGY THERAPEUTICS IN,BBG01L3GYVB5,US,USD,XNMS,1.0000000000,USD,Health Care
2025-12-26,ASPI,467513.0000000000,0.0141608616,ASP ISOTOPES INC,BBG019LXM883,US,USD,XNCM,1.0000000000,USD,Materials
2025-12-26,VIR,456731.0000000000,0.0141586992,VIR BIOTECHNOLOGY INC,BBG00Q5FZ969,US,USD,XNGS,1.0000000000,USD,Health Care
2025-12-26,CBL,75010.0000000000,0.0141193509,CBL ASSOCIATES PROPERTIES INC,BBG01396RNP2,US,USD,XNYS,1.0000000000,USD,Real Estate
2025-12-26,FFIC,161367.0000000000,0.0140492669,FLUSHING FINANCIAL CORP,BBG000BZS4K8,US,USD,XNGS,1.0000000000,USD,Financials
2025-12-26,SENEA,24987.0000000000,0.0140467396,SENECA FOODS CORP CLASS A,BBG000DQ3432,US,USD,XNGS,1.0000000000,USD,Consumer Staples
2025-12-26,WASH,91716.0000000000,0.0140438440,WASHINGTON TRUST BANCORP INC,BBG000BWM9P5,US,USD,XNGS,1.0000000000,USD,Financials
2025-12-26,SABR,1907321.0000000000,0.0139350309,SABRE CORP,BBG005WQVZ21,US,USD,XNGS,1.0000000000,USD,Consumer Discretionary
2025-12-26,HIFS,9233.0000000000,0.0138848979,HINGHAM INSTITUTION FOR SAVINGS,BBG000C03C87,US,USD,XNMS,1.0000000000,USD,Financials
2025-12-26,HSTM,114654.0000000000,0.0138622877,HEALTHSTREAM INC,BBG000BVK9Z8,US,USD,XNGS,1.0000000000,USD,Health Care
2025-12-26,MCW,474631.0000000000,0.0138225970,MISTER CAR WASH INC,BBG011HV08W6,US,USD,XNGS,1.0000000000,USD,Consumer Discretionary
2025-12-26,PACB,1448912.0000000000,0.0138204287,PACIFIC BIOSCIENCES OF CALIFORNIA,BBG001776SS6,US,USD,XNGS,1.0000000000,USD,Health Care
2025-12-26,ALRS,122788.0000000000,0.0137555085,ALERUS FINANCIAL CORP,BBG000BTXY57,US,USD,XNCM,1.0000000000,USD,Financials
2025-12-26,NRGV,540171.0000000000,0.0136758228,ENERGY VAULT HOLDINGS INC,BBG00YXTKKM4,US,USD,XNYS,1.0000000000,USD,Industrials
2025-12-26,FWRD,105739.0000000000,0.0136535203,FORWARD AIR CORP,BBG000BRCSD8,US,USD,XNGS,1.0000000000,USD,Industrials
2025-12-26,OPK,2064431.0000000000,0.0136164965,OPKO HEALTH INC,BBG000N4BHX9,US,USD,XNGS,1.0000000000,USD,Health Care
2025-12-26,FLY,99178.0000000000,0.0136064142,FIREFLY AEROSPACE INC,BBG01W6SHNK9,US,USD,XNMS,1.0000000000,USD,Industrials
2025-12-26,MBUU,92197.0000000000,0.0136029420,MALIBU BOATS CLASS A INC,BBG005PXTRF1,US,USD,XNMS,1.0000000000,USD,Consumer Discretionary
2025-12-26,BZH,131758.0000000000,0.0135972035,BEAZER HOMES INC,BBG000BDLS76,US,USD,XNYS,1.0000000000,USD,Consumer Discretionary
2025-12-26,HPP,260251.0000000000,0.0135607749,HUDSON PACIFIC PROPERTIES REIT INC,BBG000QC4VR2,US,USD,XNYS,1.0000000000,USD,Real Estate
2025-12-26,FIP,552936.0000000000,0.0135501359,FTAI INFRASTRUCTURE INC,BBG018R31BQ1,US,USD,XNGS,1.0000000000,USD,Industrials
2025-12-26,SMBK,69934.0000000000,0.0134725754,SMARTFINANCIAL INC,BBG000BP0F16,US,USD,XNYS,1.0000000000,USD,Financials
2025-12-26,NABL,361746.0000000000,0.0134533167,N ABLE INC,BBG011MGQ2Y6,US,USD,XNYS,1.0000000000,USD,Information Technology
2025-12-26,LIND,181626.0000000000,0.0134356041,LINDBLAD EXPEDITIONS HOLDINGS INC,BBG004S61JQ6,US,USD,XNCM,1.0000000000,USD,Consumer Discretionary
2025-12-26,IIIV,100565.0000000000,0.0134293316,I3 VERTICALS INC CLASS A,BBG00L4PDD73,US,USD,XNGS,1.0000000000,USD,Information Technology
2025-12-26,FLGT,97679.0000000000,0.0133858959,FULGENT GENETICS INC,BBG00DR7LV40,US,USD,XNMS,1.0000000000,USD,Health Care
2025-12-26,BCAX,152704.0000000000,0.0133802555,BICARA THERAPEUTICS INC,BBG01PMKPYW7,US,USD,XNMS,1.0000000000,USD,Health Care
2025-12-26,CABO,22235.0000000000,0.0133660732,CABLE ONE INC,BBG009CHNRY7,US,USD,XNYS,1.0000000000,USD,Communication Services
2025-12-26,PLPC,12199.0000000000,0.0133646894,PREFORMED LINE PRODUCTS,BBG000M6C6H6,US,USD,XNGS,1.0000000000,USD,Industrials
2025-12-26,LYEL,68103.0000000000,0.0133375237,LYELL IMMUNOPHARMA INC,BBG011CH35H2,US,USD,XNGS,1.0000000000,USD,Health Care
2025-12-26,NP,86106.0000000000,0.0133202536,NEPTUNE INSURANCE HOLDINGS INC CLA,BBG01X1D5ZJ3,US,USD,XNYS,1.0000000000,USD,Financials
2025-12-26,IHRT,581277.0000000000,0.0133009094,IHEARTMEDIA INC CLASS A,BBG00P3154P7,US,USD,XNGS,1.0000000000,USD,Communication Services
2025-12-26,CTKB,516890.0000000000,0.0132962063,CYTEK BIOSCIENCES INC,BBG011PFLFZ0,US,USD,XNGS,1.0000000000,USD,Health Care
2025-12-26,TRNS,44910.0000000000,0.0132613487,TRANSCAT INC,BBG000BVLZ34,US,USD,XNMS,1.0000000000,USD,Industrials
2025-12-26,VTS,135762.0000000000,0.0132527178,VITESSE ENERGY INC,BBG01B9G0H01,US,USD,XNYS,1.0000000000,USD,Energy
2025-12-26,UDMY,439375.0000000000,0.0132416908,UDEMY INC,BBG012TW1WJ0,US,USD,XNGS,1.0000000000,USD,Consumer Discretionary
2025-12-26,HTFL,85672.0000000000,0.0132313820,HEARTFLOW INC,BBG01WJ072M1,US,USD,XNGS,1.0000000000,USD,Health Care
2025-12-26,ETD,111898.0000000000,0.0131884327,ETHAN ALLEN INTERIORS INC,BBG000BBVHG3,US,USD,XNYS,1.0000000000,USD,Consumer Discretionary
2025-12-26,STGW,518682.0000000000,0.0131580895,STAGWELL INC CLASS A,BBG00ZV0LFK8,US,USD,XNGS,1.0000000000,USD,Communication Services
2025-12-26,SES,1265699.0000000000,0.0131003307,SES AI CORP CLASS A,BBG00YMWPMT3,US,USD,XNYS,1.0000000000,USD,Industrials
2025-12-26,ANGO,195690.0000000000,0.0130661060,ANGIODYNAMICS INC,BBG000BB5J41,US,USD,XNGS,1.0000000000,USD,Health Care
2025-12-26,KOP,94308.0000000000,0.0130387722,KOPPERS HOLDINGS INC,BBG000QDQTD6,US,USD,XNYS,1.0000000000,USD,Materials
2025-12-26,AVNS,223853.0000000000,0.0129476045,AVANOS MEDICAL INC,BBG006G41J34,US,USD,XNYS,1.0000000000,USD,Health Care
2025-12-26,GDEN,94853.0000000000,0.0129456841,GOLDEN ENTERTAINMENT INC,BBG000BCV5C1,US,USD,XNMS,1.0000000000,USD,Consumer Discretionary
2025-12-26,CGEM,248488.0000000000,0.0129352384,CULLINAN THERAPEUTICS INC,BBG00YM46LX3,US,USD,XNGS,1.0000000000,USD,Health Care
2025-12-26,AHH,386716.0000000000,0.0129103997,ARMADA HOFFLER PROPERTIES REIT INC,BBG004CYX1S4,US,USD,XNYS,1.0000000000,USD,Real Estate
2025-12-26,SEMR,214346.0000000000,0.0128871056,SEMRUSH HOLDINGS INC CLASS A,BBG00ZHF75N6,US,USD,XNYS,1.0000000000,USD,Information Technology
2025-12-26,APPS,472023.0000000000,0.0128844858,DIGITAL TURBINE INC,BBG000HZ4H74,US,USD,XNCM,1.0000000000,USD,Information Technology
2025-12-26,GSBC,40404.0000000000,0.0128819673,GREAT SOUTHERN BANCORP INC,BBG000C2WF75,US,USD,XNGS,1.0000000000,USD,Financials
2025-12-26,CEVA,114981.0000000000,0.0127292402,CEVA INC,BBG000BN3ZF9,US,USD,XNGS,1.0000000000,USD,Information Technology
2025-12-26,GRPN,138076.0000000000,0.0127290145,GROUPON INC,BBG001QQGXW6,US,USD,XNGS,1.0000000000,USD,Consumer Discretionary
2025-12-26,SHEN,219198.0000000000,0.0126894818,SHENANDOAH TELECOMMUNICATIONS,BBG000BTCBR6,US,USD,XNGS,1.0000000000,USD,Communication Services
2025-12-26,MCBS,92046.0000000000,0.0126419722,METROCITY BANKSHARES INC,BBG00CM82VJ0,US,USD,XNGS,1.0000000000,USD,Financials
2025-12-26,INN,507275.0000000000,0.0126370763,SUMMIT HOTEL PROPERTIES REIT INC,BBG0014KPS54,US,USD,XNYS,1.0000000000,USD,Real Estate
2025-12-26,GES,148432.0000000000,0.0126293866,GUESS INC,BBG000BC29D4,US,USD,XNYS,1.0000000000,USD,Consumer Discretionary
2025-12-26,DFH,138665.0000000000,0.0126003932,DREAM FINDERS HOMES INC CLASS A,BBG00YN8LV28,US,USD,XNYS,1.0000000000,USD,Consumer Discretionary
2025-12-26,ODC,49963.0000000000,0.0125987237,OIL DRI CORPORATION OF AMERICA,BBG000D61NX3,US,USD,XNYS,1.0000000000,USD,Consumer Staples
2025-12-26,TROX,574833.0000000000,0.0125701545,TRONOX HOLDINGS PLC,BBG00MRYWGF0,US,USD,XNYS,1.0000000000,USD,Materials
2025-12-26,CMCO,138581.0000000000,0.0124943243,COLUMBUS MCKINNON CORP,BBG000BCX753,US,USD,XNGS,1.0000000000,USD,Industrials
2025-12-26,FFWM,397401.0000000000,0.0124202782,FIRST FOUNDATION INC,BBG006D40M95,US,USD,XNYS,1.0000000000,USD,Financials
2025-12-26,UHT,61602.0000000000,0.0123925209,UNIVERSAL HEALTH REALTY INCOME TRU,BBG000BW0D25,US,USD,XNYS,1.0000000000,USD,Real Estate
2025-12-26,GOOD,233861.0000000000,0.0123873941,GLADSTONE COMMERCIAL REIT CORP,BBG000M2QCC2,US,USD,XNGS,1.0000000000,USD,Real Estate
2025-12-26,RGR,75056.0000000000,0.0123839049,STURM RUGER INC,BBG000C4FRW6,US,USD,XNYS,1.0000000000,USD,Consumer Discretionary
2025-12-26,VREX,199646.0000000000,0.0122970505,VAREX IMAGING CORP,BBG00FQY3SB6,US,USD,XNGS,1.0000000000,USD,Health Care
2025-12-26,BDN,839767.0000000000,0.0122281950,BRANDYWINE REALTY TRUST REIT,BBG000CL6V13,US,USD,XNYS,1.0000000000,USD,Real Estate
2025-12-26,NXDR,1103284.0000000000,0.0122029679,NEXTDOOR HOLDINGS INC CLASS A,BBG00Z8MSWZ6,US,USD,XNYS,1.0000000000,USD,Communication Services
2025-12-26,AOSL,118990.0000000000,0.0122010844,ALPHA AND OMEGA SEMICONDUCTOR LTD,BBG000QLW9Y2,US,USD,XNGS,1.0000000000,USD,Information Technology
2025-12-26,SKYT,134474.0000000000,0.0121990916,SKYWATER TECHNOLOGY INC,BBG00ZS44M00,US,USD,XNCM,1.0000000000,USD,Information Technology
2025-12-26,CASS,56876.0000000000,0.0121920691,CASS INFORMATION SYSTEMS INC,BBG000BCXXV7,US,USD,XNGS,1.0000000000,USD,Financials
2025-12-26,KFRC,77308.0000000000,0.0121632003,KFORCE INC,BBG000LK0LM0,US,USD,XNYS,1.0000000000,USD,Industrials
2025-12-26,BLMN,366293.0000000000,0.0121542460,BLOOMIN BRANDS INC,BBG002VZ69K5,US,USD,XNGS,1.0000000000,USD,Consumer Discretionary
2025-12-26,OXM,67491.0000000000,0.0121492965,OXFORD INDUSTRIES INC,BBG000BQPST9,US,USD,XNYS,1.0000000000,USD,Consumer Discretionary
2025-12-26,AVO,203578.0000000000,0.0121467424,MISSION PRODUCE INC,BBG00XKKV4R8,US,USD,XNGS,1.0000000000,USD,Consumer Staples
2025-12-26,HGTY,176541.0000000000,0.0121458224,HAGERTY INC CLASS A,BBG00Z9FKMG1,US,USD,XNYS,1.0000000000,USD,Financials
2025-12-26,NUS,238051.0000000000,0.0121382961,NU SKIN ENTERPRISES INC CLASS A,BBG000HG2681,US,USD,XNYS,1.0000000000,USD,Consumer Staples
2025-12-26,BWMN,68746.0000000000,0.0120299074,BOWMAN CONSULTING GROUP LTD,BBG00ZXQD138,US,USD,XNMS,1.0000000000,USD,Industrials
2025-12-26,BXC,37897.0000000000,0.0120095979,BLUELINX HOLDINGS INC,BBG000GZH3P2,US,USD,XNYS,1.0000000000,USD,Industrials
2025-12-26,OSPN,185328.0000000000,0.0120075275,ONESPAN INC,BBG000BJ3ZH6,US,USD,XNCM,1.0000000000,USD,Information Technology
2025-12-26,CYRX,240347.0000000000,0.0119139267,CRYOPORT INC,BBG000PNV239,US,USD,XNCM,1.0000000000,USD,Health Care
2025-12-26,BOW,81651.0000000000,0.0118771121,BOWHEAD SPECIALTY HOLDINGS INC,BBG01MF58H33,US,USD,XNYS,1.0000000000,USD,Financials
2025-12-26,SPFI,58917.0000000000,0.0118523774,SOUTH PLAINS FINANCIAL INC,BBG00NWC9D27,US,USD,XNGS,1.0000000000,USD,Financials
2025-12-26,DJCO,4405.0000000000,0.0118441109,DAILY JOURNAL CORP,BBG000BH5P99,US,USD,XNCM,1.0000000000,USD,Information Technology
2025-12-26,IMSR,329394.0000000000,0.0117654894,TERRESTRIAL ENERGY INC,BBG01Q79WY04,US,USD,XNGS,1.0000000000,USD,Industrials
2025-12-26,NRDS,165101.0000000000,0.0117357134,NERDWALLET INC CLASS A,BBG012X3JFC4,US,USD,XNMS,1.0000000000,USD,Financials
2025-12-26,RES,420812.0000000000,0.0116574192,RPC INC,BBG000BS31M5,US,USD,XNYS,1.0000000000,USD,Energy
2025-12-26,ALX,10413.0000000000,0.0115258416,ALEXANDERS REIT INC,BBG000BBNNW1,US,USD,XNYS,1.0000000000,USD,Real Estate
2025-12-26,HELE,110988.0000000000,0.0115044549,HELEN OF TROY LTD,BBG000BL2G48,BM,USD,XNGS,1.0000000000,USD,Consumer Discretionary
2025-12-26,LBRX,103018.0000000000,0.0114989305,LB PHARMACEUTICALS INC,BBG01WX44RH1,US,USD,XNMS,1.0000000000,USD,Health Care
2025-12-26,HZO,91358.0000000000,0.0114906545,MARINEMAX INC,BBG000C1SVC1,US,USD,XNYS,1.0000000000,USD,Consumer Discretionary
2025-12-26,DIN,69100.0000000000,0.0114397564,DINE BRANDS GLOBAL INC,BBG000GZ96Q3,US,USD,XNYS,1.0000000000,USD,Consumer Discretionary
2025-12-26,PKST,158144.0000000000,0.0114337644,PEAKSTONE REALTY TRUST CLASS E,BBG00XTVX8B1,US,USD,XNYS,1.0000000000,USD,Real Estate
2025-12-26,ABSI,629605.0000000000,0.0113720778,ABSCI CORP,BBG011N54D24,US,USD,XNGS,1.0000000000,USD,Health Care
2025-12-26,FOR,91047.0000000000,0.0113406721,FORESTAR GROUP INC,BBG000BB20W4,US,USD,XNYS,1.0000000000,USD,Real Estate
2025-12-26,WEAV,317473.0000000000,0.0113074731,WEAVE COMMUNICATIONS INC,BBG0132W49P8,US,USD,XNYS,1.0000000000,USD,Information Technology
2025-12-26,EBF,122807.0000000000,0.0112964655,ENNIS INC,BBG000BHK195,US,USD,XNYS,1.0000000000,USD,Industrials
2025-12-26,YORW,68078.0000000000,0.0112947389,YORK WATER,BBG000BRZVQ2,US,USD,XNGS,1.0000000000,USD,Utilities
2025-12-26,MSBI,104150.0000000000,0.0112712423,MIDLAND STATES BANCORP INC,BBG001PH69X0,US,USD,XNGS,1.0000000000,USD,Financials
2025-12-26,KREF,258794.0000000000,0.0112526984,KKR REAL ESTATE FINANCE INC TRUST,BBG00GD4L1L2,US,USD,XNYS,1.0000000000,USD,Financials
2025-12-26,HOV,21934.0000000000,0.0112476491,HOVNANIAN ENTERPRISES INC CLASS A,BBG000BLCDN3,US,USD,XNYS,1.0000000000,USD,Consumer Discretionary
2025-12-26,EVH,535997.0000000000,0.0112314044,EVOLENT HEALTH INC CLASS A,BBG008MX5S35,US,USD,XNYS,1.0000000000,USD,Health Care
2025-12-26,OPY,29004.0000000000,0.0111750672,OPPENHEIMER HOLDINGS NON VOTING IN,BBG000F00902,US,USD,XNYS,1.0000000000,USD,Financials
2025-12-26,PGC,77095.0000000000,0.0111674491,PEAPACK GLADSTONE FINANCIAL CORP,BBG000MMCXH2,US,USD,XNGS,1.0000000000,USD,Financials
2025-12-26,ASIX,128331.0000000000,0.0111404631,ADVANSIX INC,BBG00DGSV8V6,US,USD,XNYS,1.0000000000,USD,Materials
2025-12-26,SLDE,112360.0000000000,0.0111393011,SLIDE INSURANCE HOLDINGS INC,BBG01V8C5K96,US,USD,XNGS,1.0000000000,USD,Financials
2025-12-26,SD,152599.0000000000,0.0111335132,SANDRIDGE ENERGY INC,BBG000RKR5X8,US,USD,XNYS,1.0000000000,USD,Energy
2025-12-26,AROW,69371.0000000000,0.0111326563,ARROW FINANCIAL CORP,BBG000BCC3W5,US,USD,XNGS,1.0000000000,USD,Financials
2025-12-26,OPTU,1289367.0000000000,0.0111210842,OPTIMUM COMMUNICATIONS INC CLASS A,BBG00GFMPRN7,US,USD,XNYS,1.0000000000,USD,Communication Services
2025-12-26,IMXI,142449.0000000000,0.0111193285,INTERNATIONAL MONEY EXPRESS INC,BBG00G6D5N30,US,USD,XNCM,1.0000000000,USD,Financials
2025-12-26,IRWD,672097.0000000000,0.0111165804,IRONWOOD PHARMA INC CLASS A,BBG000GBZJP0,US,USD,XNGS,1.0000000000,USD,Health Care
2025-12-26,LXU,257956.0000000000,0.0110984707,LSB INDUSTRIES INC,BBG000C1C697,US,USD,XNYS,1.0000000000,USD,Materials
2025-12-26,MTW,171465.0000000000,0.0110310383,MANITOWOC INC,BBG000D2M951,US,USD,XNYS,1.0000000000,USD,Industrials
2025-12-26,AKBA,1274969.0000000000,0.0109968981,AKEBIA THERAPEUTICS INC,BBG0060CP2Q9,US,USD,XNCM,1.0000000000,USD,Health Care
2025-12-26,HCKT,107559.0000000000,0.0109361920,HACKETT GROUP INC,BBG000BBM0X1,US,USD,XNGS,1.0000000000,USD,Information Technology
2025-12-26,ANGI,169023.0000000000,0.0109082372,ANGI INC CLASS A,BBG01SW2P606,US,USD,XNGS,1.0000000000,USD,Communication Services
2025-12-26,MLAB,26649.0000000000,0.0109072340,MESA LABORATORIES INC,BBG000BP42Y5,US,USD,XNGS,1.0000000000,USD,Health Care
2025-12-26,CAL,163403.0000000000,0.0109020315,CALERES INC,BBG000CYSJ81,US,USD,XNYS,1.0000000000,USD,Consumer Discretionary
2025-12-26,SWBI,213128.0000000000,0.0108999046,SMITH WESSON BRANDS INC,BBG000BM10Y9,US,USD,XNGS,1.0000000000,USD,Consumer Discretionary
2025-12-26,BYND,2172873.0000000000,0.0108755965,BEYOND MEAT INC,BBG00MQB4FS0,US,USD,XNGS,1.0000000000,USD,Consumer Staples
2025-12-26,PSIX,32211.0000000000,0.0108728497,POWER SOLUTIONS INTERNATIONAL INC,BBG000QDHPY1,US,USD,XNCM,1.0000000000,USD,Industrials
2025-12-26,EOLS,312056.0000000000,0.0108453798,EVOLUS INC,BBG00JQ3D9N4,US,USD,XNMS,1.0000000000,USD,Health Care
2025-12-26,CBLL,99733.0000000000,0.0108387701,CERIBELL INC,BBG01PT37N34,US,USD,XNGS,1.0000000000,USD,Health Care
2025-12-26,LWLG,625801.0000000000,0.0108271035,LIGHTWAVE LOGIC INC,BBG000BX9MW1,US,USD,XNCM,1.0000000000,USD,Information Technology
2025-12-26,KRNY,277259.0000000000,0.0107754664,KEARNY FINANCIAL CORP,BBG008N1HY83,US,USD,XNGS,1.0000000000,USD,Financials
2025-12-26,LAB,1442166.0000000000,0.0107560854,STANDARD BIOTOOLS INC,BBG001D5DBX6,US,USD,XNGS,1.0000000000,USD,Health Care
2025-12-26,PLAY,130419.0000000000,0.0107460423,DAVE AND BUSTERS ENTERTAINMENT INC,BBG001XGGVV5,US,USD,XNGS,1.0000000000,USD,Consumer Discretionary
2025-12-26,EVEX,484895.0000000000,0.0107264460,EVE HOLDING INC,BBG00XZQN372,US,USD,XNYS,1.0000000000,USD,Industrials
2025-12-26,MLR,54871.0000000000,0.0107182840,MILLER INDUSTRIES INC,BBG000BXFXL2,US,USD,XNYS,1.0000000000,USD,Industrials
2025-12-26,SSTK,115712.0000000000,0.0106790533,SHUTTERSTOCK INC,BBG002ZCK2Z5,US,USD,XNYS,1.0000000000,USD,Communication Services
2025-12-26,FULC,175252.0000000000,0.0106789277,FULCRUM THERAPEUTICS INC,BBG00PH8W565,US,USD,XNMS,1.0000000000,USD,Health Care
2025-12-26,CLBK,129624.0000000000,0.0106345004,COLUMBIA FINANCIAL INC,BBG00JF7LX19,US,USD,XNGS,1.0000000000,USD,Financials
2025-12-26,BAND,139119.0000000000,0.0106299953,BANDWIDTH INC CLASS A,BBG00HZ6LZ36,US,USD,XNGS,1.0000000000,USD,Communication Services
2025-12-26,STUB,153678.0000000000,0.0105884679,STUBHUB HOLDINGS INC CLASS A,BBG01T0PLY92,US,USD,XNYS,1.0000000000,USD,Communication Services
2025-12-26,ORGO,354130.0000000000,0.0105468429,ORGANOGENESIS HOLDINGS INC CLASS A,BBG00FGGD2N9,US,USD,XNCM,1.0000000000,USD,Health Care
2025-12-26,KOS,2298357.0000000000,0.0105451236,KOSMOS ENERGY LTD,BBG001DF4PB7,US,USD,XNYS,1.0000000000,USD,Energy
2025-12-26,FSUN,53882.0000000000,0.0105360318,FIRSTSUN CAPITAL BANCORP,BBG0191ST362,US,USD,XNGS,1.0000000000,USD,Financials
2025-12-26,CCSI,90856.0000000000,0.0105147888,CONSENSUS CLOUD SOLUTIONS INC,BBG012Q70CF7,US,USD,XNGS,1.0000000000,USD,Information Technology
2025-12-26,ENTA,124204.0000000000,0.0104608103,ENANTA PHARMACEUTICALS INC,BBG003M78JD9,US,USD,XNGS,1.0000000000,USD,Health Care
2025-12-26,BMRC,77266.0000000000,0.0104356171,BANK OF MARIN BANCORP,BBG000C3NCV3,US,USD,XNCM,1.0000000000,USD,Financials
2025-12-26,NFBK,173805.0000000000,0.0104232078,NORTHFIELD BANCORP INC,BBG000TW6439,US,USD,XNGS,1.0000000000,USD,Financials
2025-12-26,TIPT,112426.0000000000,0.0104214215,TIPTREE INC,BBG000R2S1T1,US,USD,XNCM,1.0000000000,USD,Financials
2025-12-26,DHIL,12064.0000000000,0.0103871123,DIAMOND HILL INVESTMENT GROUP INC,BBG000K7DYJ2,US,USD,XNGS,1.0000000000,USD,Financials
2025-12-26,GTN,414763.0000000000,0.0103534899,GRAY MEDIA INC,BBG000DSQNF8,US,USD,XNYS,1.0000000000,USD,Communication Services
2025-12-26,MH,118830.0000000000,0.0103397938,MCGRAW HILL INC,BBG01VV184F0,US,USD,XNYS,1.0000000000,USD,Consumer Discretionary
2025-12-26,WRLD,13774.0000000000,0.0103303475,WORLD ACCEPTANCE CORP,BBG000C3GLV1,US,USD,XNGS,1.0000000000,USD,Financials
2025-12-26,HTLD,220339.0000000000,0.0103072771,HEARTLAND EXPRESS INC,BBG000BLJYD1,US,USD,XNGS,1.0000000000,USD,Industrials
2025-12-26,MAX,158101.0000000000,0.0101953426,MEDIAALPHA INC CLASS A,BBG00XRTJ7P1,US,USD,XNYS,1.0000000000,USD,Communication Services
2025-12-26,ATEX,89748.0000000000,0.0101679911,ANTERIX INC,BBG0081NLJ32,US,USD,XNCM,1.0000000000,USD,Communication Services
2025-12-26,KROS,93731.0000000000,0.0101579519,KEROS THERAPEUTICS INC,BBG00SJ81C39,US,USD,XNMS,1.0000000000,USD,Health Care
2025-12-26,PRTA,206325.0000000000,0.0101437208,PROTHENA PLC,BBG003PMQJT6,IE,USD,XNGS,1.0000000000,USD,Health Care
2025-12-26,GIC,66840.0000000000,0.0101330151,GLOBAL INDUSTRIAL,BBG000KFPF93,US,USD,XNYS,1.0000000000,USD,Industrials
2025-12-26,VNDA,288928.0000000000,0.0101295309,VANDA PHARMACEUTICALS INC,BBG000HT5S55,US,USD,XNMS,1.0000000000,USD,Health Care
2025-12-26,ULCC,410709.0000000000,0.0100855883,FRONTIER GROUP HOLDINGS INC,BBG00GCTTKR2,US,USD,XNGS,1.0000000000,USD,Industrials
2025-12-26,ANGX,392642.0000000000,0.0100403521,ANGEL STUDIOS INC CLASS A,BBG013SVSHL2,US,USD,XNYS,1.0000000000,USD,Communication Services
2025-12-26,WLFC,14500.0000000000,0.0100346916,WILLIS LEASE FINANCE CORP,BBG000H10BQ5,US,USD,XNMS,1.0000000000,USD,Industrials
2025-12-26,MRVI,594622.0000000000,0.0099558093,MARAVAI LIFESCIENCES HOLDINGS INC,BBG00Y1DFVV6,US,USD,XNGS,1.0000000000,USD,Health Care
2025-12-26,FRGE,43415.0000000000,0.0098506130,FORGE GLOBAL HOLDINGS INC,BBG00YGCK570,US,USD,XNYS,1.0000000000,USD,Financials
2025-12-26,TRC,122659.0000000000,0.0098390450,TEJON RANCH,BBG000BVK5C1,US,USD,XNYS,1.0000000000,USD,Real Estate
2025-12-26,DNUT,455279.0000000000,0.0097941134,KRISPY KREME INC,BBG0118Y87C6,US,USD,XNGS,1.0000000000,USD,Consumer Discretionary
2025-12-26,CERS,926801.0000000000,0.0096866893,CERUS CORP,BBG000HBW3S4,US,USD,XNMS,1.0000000000,USD,Health Care
2025-12-26,CHCT,121036.0000000000,0.0096842928,COMMUNITY HEALTHCARE TRUST INC,BBG008G2P413,US,USD,XNYS,1.0000000000,USD,Real Estate
2025-12-26,CMTG,623670.0000000000,0.0096827325,CLAROS MORTGAGE TRUST INC,BBG012X4MZC4,US,USD,XNYS,1.0000000000,USD,Financials
2025-12-26,FLOC,105613.0000000000,0.0096559236,FLOWCO HOLDINGS INC CLASS A,BBG01R6F2ND2,US,USD,XNYS,1.0000000000,USD,Energy
2025-12-26,RXST,164986.0000000000,0.0095929762,RXSIGHT INC,BBG011R6NCY4,US,USD,XNMS,1.0000000000,USD,Health Care
2025-12-26,BFS,59613.0000000000,0.0095455208,SAUL CENTERS REIT INC,BBG000BJ5HT1,US,USD,XNYS,1.0000000000,USD,Real Estate
2025-12-26,PRME,525833.0000000000,0.0095244018,PRIME MEDICINE INC,BBG01B20H7Q9,US,USD,XNMS,1.0000000000,USD,Health Care
2025-12-26,ATLC,26923.0000000000,0.0095195314,ATLANTICUS HOLDINGS CORP,BBG000C6VYY6,US,USD,XNGS,1.0000000000,USD,Financials
2025-12-26,TWI,230090.0000000000,0.0094559337,TITAN INTERNATIONAL INC,BBG000BBNHB7,US,USD,XNYS,1.0000000000,USD,Industrials
2025-12-26,BRCB,79544.0000000000,0.0094195452,BLACK ROCK COFFEE BAR INC CLASS A,BBG01X0WRF11,US,USD,XNMS,1.0000000000,USD,Consumer Discretionary
2025-12-26,CLNE,832119.0000000000,0.0093725997,CLEAN ENERGY FUELS CORP,BBG000J5JNM2,US,USD,XNGS,1.0000000000,USD,Energy
2025-12-26,BBBY,329814.0000000000,0.0093708453,BED BATH AND BEYOND INC,BBG000BF7DY0,US,USD,XNYS,1.0000000000,USD,Consumer Discretionary
2025-12-26,BLLN,21167.0000000000,0.0092724182,BILLIONTOONE INC CLASS A,,US,USD,XNGS,1.0000000000,USD,Health Care
2025-12-26,DNA,202714.0000000000,0.0091639583,GINKGO BIOWORKS HOLDINGS INC CLASS,BBG00YPS1L26,US,USD,XNYS,1.0000000000,USD,Health Care
2025-12-26,LENZ,104929.0000000000,0.0091248977,LENZ THERAPEUTICS INC,BBG011BQDC41,US,USD,XNGS,1.0000000000,USD,Health Care
2025-12-26,AEVA,132397.0000000000,0.0090617432,AEVA TECHNOLOGIES INC,BBG00RYQV536,US,USD,XNGS,1.0000000000,USD,Information Technology
2025-12-26,ARKO,381573.0000000000,0.0090409938,ARKO,BBG00YD93SQ8,US,USD,XNCM,1.0000000000,USD,Consumer Discretionary
2025-12-26,NCMI,453076.0000000000,0.0090341077,NATIONAL CINEMEDIA INC,BBG000Q5VNP7,US,USD,XNGS,1.0000000000,USD,Communication Services
2025-12-26,NAGE,268476.0000000000,0.0090038569,NIAGEN BIOSCIENCE INC,BBG000BG1S08,US,USD,XNCM,1.0000000000,USD,Health Care
2025-12-26,CYH,551816.0000000000,0.0089871290,COMMUNITY HEALTH SYSTEMS INC,BBG000BDY5N4,US,USD,XNYS,1.0000000000,USD,Health Care
2025-12-26,USD,2352047.8900000000,0.0089763996,US DOLLAR,,US,USD,OTC,1.0000000000,USD,
2025-12-26,EB,394903.0000000000,0.0089160419,EVENTBRITE CLASS A INC,BBG00LTRWF67,US,USD,XNYS,1.0000000000,USD,Communication Services
2025-12-26,BGS,386820.0000000000,0.0089101790,B AND G FOODS INC,BBG000RKXSY0,US,USD,XNYS,1.0000000000,USD,Consumer Staples
2025-12-26,BIOA,124555.0000000000,0.0088978581,BIOAGE LABS INC,BBG01PT2SVF2,US,USD,XNGS,1.0000000000,USD,Health Care
2025-12-26,CTOS,291846.0000000000,0.0088695630,CUSTOM TRUCK ONE SOURCE INC,BBG00HVYLTM2,US,USD,XNYS,1.0000000000,USD,Industrials
2025-12-26,WNC,195885.0000000000,0.0088651827,WABASH NATIONAL CORP,BBG000CGMCX3,US,USD,XNYS,1.0000000000,USD,Industrials
2025-12-26,JACK,91332.0000000000,0.0088553414,JACK IN THE BOX INC,BBG000H01G76,US,USD,XNGS,1.0000000000,USD,Consumer Discretionary
2025-12-26,CVGW,80198.0000000000,0.0088418862,CALAVO GROWERS INC,BBG000BGPZX0,US,USD,XNGS,1.0000000000,USD,Consumer Staples
2025-12-26,ZUMZ,62857.0000000000,0.0088180070,ZUMIEZ INC,BBG000PYXPR6,US,USD,XNGS,1.0000000000,USD,Consumer Discretionary
2025-12-26,VOYG,61243.0000000000,0.0088090926,VOYAGER TECHNOLOGIES INC CLASS A,BBG01V317FY6,US,USD,XNYS,1.0000000000,USD,Industrials
2025-12-26,EGY,501484.0000000000,0.0088034892,VAALCO ENERGY INC,BBG000BTBK79,US,USD,XNYS,1.0000000000,USD,Energy
2025-12-26,STKL,457148.0000000000,0.0087673891,SUNOPTA INC,BBG000G6KW69,CA,USD,XNGS,1.0000000000,USD,Consumer Staples
2025-12-26,DGICA,84720.0000000000,0.0086999771,DONEGAL GROUP INC CLASS A,BBG000JQLVJ9,US,USD,XNGS,1.0000000000,USD,Financials
2025-12-26,HY,55210.0000000000,0.0086696199,HYSTER YALE INC CLASS A,BBG003CY8R52,US,USD,XNYS,1.0000000000,USD,Industrials
2025-12-26,SVV,179753.0000000000,0.0086184588,SAVERS VALUE VILLAGE INC,BBG01F5T0L36,US,USD,XNYS,1.0000000000,USD,Consumer Discretionary
2025-12-26,KRUS,30586.0000000000,0.0086064531,KURA SUSHI USA INC,BBG00PNFJCZ0,US,USD,XNMS,1.0000000000,USD,Consumer Discretionary
2025-12-26,OSG,209886.0000000000,0.0086043187,OCTAVE SPECIALTY GROUP INC,BBG004HQHKP5,US,USD,XNYS,1.0000000000,USD,Financials
2025-12-26,FDMT,208020.0000000000,0.0085489301,4D MOLECULAR THERAPEUTICS INC,BBG00QG40RT5,US,USD,XNGS,1.0000000000,USD,Health Care
2025-12-26,RC,738943.0000000000,0.0085480576,READY CAPITAL CORP,BBG003TCRRS6,US,USD,XNYS,1.0000000000,USD,Financials
2025-12-26,SMRT,835129.0000000000,0.0085166986,SMARTRENT INC CLASS A,BBG00Z18J404,US,USD,XNYS,1.0000000000,USD,Information Technology
2025-12-26,SITC,253600.0000000000,0.0084277609,SITE CENTERS CORP,BBG000BGZBK6,US,USD,XNYS,1.0000000000,USD,Real Estate
2025-12-26,GOGO,359070.0000000000,0.0083984995,GOGO INC,BBG002CN8Y71,US,USD,XNGS,1.0000000000,USD,Communication Services
2025-12-26,CVLG,72557.0000000000,0.0083307773,COVENANT LOGISTICS GROUP INC CLASS,BBG000DNYWY9,US,USD,XNYS,1.0000000000,USD,Industrials
2025-12-26,PTLO,345096.0000000000,0.0082992705,PORTILLO S INC CLASS A,BBG0131W5727,US,USD,XNGS,1.0000000000,USD,Consumer Discretionary
2025-12-26,CLFD,55404.0000000000,0.0082728098,CLEARFIELD INC,BBG000BC37T0,US,USD,XNMS,1.0000000000,USD,Information Technology
2025-12-26,BVS,218586.0000000000,0.0081846547,BIOVENTUS CLASS A INC,BBG00D8550X9,US,USD,XNGS,1.0000000000,USD,Health Care
2025-12-26,ACCO,434807.0000000000,0.0081403776,ACCO BRANDS CORP,BBG000J06ND7,US,USD,XNYS,1.0000000000,USD,Industrials
2025-12-26,MGPI,66064.0000000000,0.0081282727,MGP INGREDIENTS INC,BBG000BXKK70,US,USD,XNGS,1.0000000000,USD,Consumer Staples
2025-12-26,BH,4426.0000000000,0.0081153863,BIGLARI HOLDINGS INCINARY CLASS B,BBG00KK2VFS0,US,USD,XNYS,1.0000000000,USD,Consumer Discretionary
2025-12-26,HVT,67102.0000000000,0.0080823534,HAVERTY FURNITURE COMPANIES INC,BBG000FVBTC5,US,USD,XNYS,1.0000000000,USD,Consumer Discretionary
2025-12-26,ILPT,288657.0000000000,0.0080110801,INDUSTRIAL LOGISTICS PROPERTIES TR,BBG00JBBPSH4,US,USD,XNGS,1.0000000000,USD,Real Estate
2025-12-26,OLP,78565.0000000000,0.0080041364,ONE LIBERTY PROPERTIES REIT INC,BBG000BQJJY0,US,USD,XNYS,1.0000000000,USD,Real Estate
2025-12-26,CLDT,228556.0000000000,0.0079781596,CHATHAM LODGING TRUST REIT,BBG000PT6D12,US,USD,XNYS,1.0000000000,USD,Real Estate
2025-12-26,KMTS,57088.0000000000,0.0079710386,KESTRA MEDICAL TECHNOLOGIES LTD,BBG01S7T2W94,US,USD,XNGS,1.0000000000,USD,Health Care
2025-12-26,VIA,50644.0000000000,0.0079294959,VIA TRANSPORTATION INC CLASS A,BBG01X2MQH63,US,USD,XNYS,1.0000000000,USD,Information Technology
2025-12-26,DENN,251987.0000000000,0.0079266828,DENNYS CORP,BBG000BC0G77,US,USD,XNCM,1.0000000000,USD,Consumer Discretionary
2025-12-26,MOV,75161.0000000000,0.0078975849,MOVADO GROUP INC,BBG000BL34H0,US,USD,XNYS,1.0000000000,USD,Consumer Discretionary
2025-12-26,CTEV,36414.0000000000,0.0078870791,CLARITEV CORP CLASS A,BBG00SNGZDY3,US,USD,XNYS,1.0000000000,USD,Health Care
2025-12-26,SCVL,84825.0000000000,0.0078500127,SHOE CARNIVAL INC,BBG000BF4RG2,US,USD,XNGS,1.0000000000,USD,Consumer Discretionary
2025-12-26,AVXL,415301.0000000000,0.0078384027,ANAVEX LIFE SCIENCES CORP,BBG000C9KG62,US,USD,XNGS,1.0000000000,USD,Health Care
2025-12-26,GBFH,43845.0000000000,0.0078304080,GBANK FINL HLDGS INC,BBG00YS56F12,US,USD,XNCM,1.0000000000,USD,Financials
2025-12-26,TITN,97223.0000000000,0.0076852522,TITAN MACHINERY INC,BBG000RWSMX4,US,USD,XNGS,1.0000000000,USD,Industrials
2025-12-26,RCKT,430403.0000000000,0.0076648571,ROCKET PHARMACEUTICALS INC,BBG007GWK520,US,USD,XNMS,1.0000000000,USD,Health Care
2025-12-26,PUBM,167284.0000000000,0.0076471719,PUBMATIC INC CLASS A,BBG00Y6G5WY0,US,USD,XNMS,1.0000000000,USD,Communication Services
2025-12-26,MBI,211912.0000000000,0.0076337082,MBIA INC,BBG000BNQQ00,US,USD,XNYS,1.0000000000,USD,Financials
2025-12-26,NEWT,130083.0000000000,0.0076097696,NEWTEKONE INC,BBG000BH3BF5,US,USD,XNAS,1.0000000000,USD,Financials
2025-12-26,SGHT,165097.0000000000,0.0075807018,SIGHT SCIENCES INC,BBG011KQ6B96,US,USD,XNGS,1.0000000000,USD,Health Care
2025-12-26,SLP,77044.0000000000,0.0074973724,SIMULATIONS PLUS INC,BBG000BS39V8,US,USD,XNGS,1.0000000000,USD,Health Care
2025-12-26,HBT,56347.0000000000,0.0074873468,HBT FINANCIAL INC,BBG00Q8J7326,US,USD,XNGS,1.0000000000,USD,Financials
2025-12-26,AMCX,152376.0000000000,0.0074836520,AMC NETWORKS CLASS A INC,BBG001QVLM62,US,USD,XNGS,1.0000000000,USD,Communication Services
2025-12-26,IBTA,64020.0000000000,0.0072791251,IBOTTA INC CLASS A,BBG01MBN67Z7,US,USD,XNYS,1.0000000000,USD,Communication Services
2025-12-26,GRNT,308462.0000000000,0.0072774005,GRANITE RIDGE RESOURCES INC,BBG017TFM4Q7,US,USD,XNYS,1.0000000000,USD,Energy
2025-12-26,DOMO,160471.0000000000,0.0072217398,DOMO INC CLASS B,BBG00L2NS0J9,US,USD,XNMS,1.0000000000,USD,Information Technology
2025-12-26,OEC,271468.0000000000,0.0071759272,ORION SA,BBG006MC4LV0,LU,USD,XNYS,1.0000000000,USD,Materials
2025-12-26,KIDS,81224.0000000000,0.0071747174,ORTHOPEDIATRICS CORP,BBG00HFFRWB0,US,USD,XNMS,1.0000000000,USD,Health Care
2025-12-26,CNDT,713617.0000000000,0.0071688919,CONDUENT INC,BBG00C1BZND4,US,USD,XNGS,1.0000000000,USD,Industrials
2025-12-26,JRVR,220901.0000000000,0.0071617671,JAMES RIVER GROUP HOLDINGS INC,BBG007HRJY47,BM,USD,XNGS,1.0000000000,USD,Financials
2025-12-26,XRX,565792.0000000000,0.0071478891,XEROX HOLDINGS CORP,BBG00NRX6QL0,US,USD,XNGS,1.0000000000,USD,Information Technology
2025-12-26,CMRC,326839.0000000000,0.0071305657,BIGCOMMERCE HOLDINGS INC SERIES,BBG00W1PSSQ2,US,USD,XNMS,1.0000000000,USD,Information Technology
2025-12-26,CLW,77897.0000000000,0.0071258736,CLEARWATER PAPER CORP,BBG000JY3JK7,US,USD,XNYS,1.0000000000,USD,Materials
2025-12-26,SWIM,225425.0000000000,0.0071025669,LATHAM GROUP INC,BBG00ZVXLJ19,US,USD,XNGS,1.0000000000,USD,Consumer Discretionary
2025-12-26,CRSR,225842.0000000000,0.0070813301,CORSAIR GAMING INC,BBG00WWF7761,US,USD,XNGS,1.0000000000,USD,Information Technology
2025-12-26,CIO,199388.0000000000,0.0070409281,CITY OFFICE REIT INC,BBG005T5RWW0,CA,USD,XNYS,1.0000000000,USD,Real Estate
2025-12-26,QTRX,208477.0000000000,0.0070022529,QUANTERIX CORP,BBG00J6HCPV1,US,USD,XNMS,1.0000000000,USD,Health Care
2025-12-26,CZFS,23280.0000000000,0.0069286191,CITIZENS FINANCIAL SERVICES INC,BBG000BRX7Y8,US,USD,XNCM,1.0000000000,USD,Financials
2025-12-26,LOCO,126184.0000000000,0.0068695085,EL POLLO LOCO INC,BBG006Q55V57,US,USD,XNGS,1.0000000000,USD,Consumer Discretionary
2025-12-26,XPER,228732.0000000000,0.0068586093,XPERI INC,BBG019FGSSR6,US,USD,XNYS,1.0000000000,USD,Information Technology
2025-12-26,BMBL,377213.0000000000,0.0068515895,BUMBLE INC CLASS A,BBG00Z6RF4T0,US,USD,XNGS,1.0000000000,USD,Communication Services
2025-12-26,MPLT,74481.0000000000,0.0068473945,MAPLIGHT THERAPEUTICS INC,BBG01JZ5DBQ0,US,USD,XNGS,1.0000000000,USD,Health Care
2025-12-26,FRPH,59146.0000000000,0.0068239761,FRP HOLDINGS INC,BBG000HCWB22,US,USD,XNGS,1.0000000000,USD,Real Estate
2025-12-26,NGVC,50653.0000000000,0.0067333024,NATURAL GROCERS BY VITAMIN COTTAGE,BBG0034VYLL3,US,USD,XNYS,1.0000000000,USD,Consumer Staples
2025-12-26,TLS,256637.0000000000,0.0067187832,TELOS CORPORATION CORP,BBG00XRZY486,US,USD,XNMS,1.0000000000,USD,Information Technology
2025-12-26,DSGN,135799.0000000000,0.0067108446,DESIGN THERAPEUTICS INC,BBG00ZKH8RB2,US,USD,XNGS,1.0000000000,USD,Health Care
2025-12-26,ABL,154419.0000000000,0.0066751647,ABACUS GLOBAL MANAGEMENT INC CLASS,BBG00X8RVJQ5,US,USD,XNCM,1.0000000000,USD,Financials
2025-12-26,SSP,328392.0000000000,0.0066646019,EW SCRIPPS CLASS A,BBG000C79YF0,US,USD,XNGS,1.0000000000,USD,Communication Services
2025-12-26,KELYA,152731.0000000000,0.0066641889,KELLY SERVICES INC CLASS A,BBG000BMNPQ9,US,USD,XNGS,1.0000000000,USD,Industrials
2025-12-26,PROK,509791.0000000000,0.0066473255,PROKIDNEY CORP CLASS A,BBG0119BQ398,US,USD,XNCM,1.0000000000,USD,Health Care
2025-12-26,RBBN,445232.0000000000,0.0066413345,RIBBON COMMUNICATIONS INC,BBG00HW4CT10,US,USD,XNGS,1.0000000000,USD,Information Technology
2025-12-26,MVIS,1443422.0000000000,0.0066401607,MICROVISION INC,BBG000BVL2B8,US,USD,XNMS,1.0000000000,USD,Information Technology
2025-12-26,PLSE,87529.0000000000,0.0065992173,PULSE BIOSCIENCES INC,BBG00BRBHWJ2,US,USD,XNCM,1.0000000000,USD,Health Care
2025-12-26,TH,154386.0000000000,0.0065954079,TARGET HOSPITALITY CORP,BBG00K7K34K9,US,USD,XNCM,1.0000000000,USD,Consumer Discretionary
2025-12-26,SVC,747051.0000000000,0.0065571936,SERVICE PROPERTIES TRUST,BBG000F79SM2,US,USD,XNGS,1.0000000000,USD,Real Estate
2025-12-26,WOOF,440268.0000000000,0.0065449510,PETCO HEALTH AND WELLNESS COMPANY,BBG00YFGTW65,US,USD,XNGS,1.0000000000,USD,Consumer Discretionary
2025-12-26,EGHT,645954.0000000000,0.0065219329,8X8 INC,BBG000BCGK26,US,USD,XNGS,1.0000000000,USD,Information Technology
2025-12-26,VENU,149136.0000000000,0.0065148931,VENU HOLDING CORP,BBG01P4T3HV0,US,USD,XASE,1.0000000000,USD,Consumer Discretionary
2025-12-26,DBI,168012.0000000000,0.0064955649,DESIGNER BRANDS INC CLASS A,BBG000CF95Q3,US,USD,XNYS,1.0000000000,USD,Consumer Discretionary
2025-12-26,CENT,39239.0000000000,0.0064921775,CENTRAL GARDEN AND PET,BBG000BFDGC0,US,USD,XNGS,1.0000000000,USD,Consumer Staples
2025-12-26,JOUT,28814.0000000000,0.0064719437,JOHNSON OUTDOORS INC CLASS A,BBG000HCYV71,US,USD,XNGS,1.0000000000,USD,Consumer Discretionary
2025-12-26,AVIR,349168.0000000000,0.0064130505,ATEA PHARMACEUTICALS INC,BBG00XTHMQF0,US,USD,XNGS,1.0000000000,USD,Health Care
2025-12-26,ZIP,305914.0000000000,0.0064101923,ZIPRECRUITER INC CLASS A,BBG010JBYVF1,US,USD,XNYS,1.0000000000,USD,Communication Services
2025-12-26,REPX,48141.0000000000,0.0063334344,RILEY EXPLORATION PERMIAN INC,BBG000H69P66,US,USD,XASE,1.0000000000,USD,Energy
2025-12-26,SIGA,196269.0000000000,0.0062436839,SIGA TECHNOLOGIES INC,BBG000BKXZJ8,US,USD,XNMS,1.0000000000,USD,Health Care
2025-12-26,NRC,65095.0000000000,0.0062123810,NATIONAL RESEARCH CORP,BBG004K1F9J0,US,USD,XNGS,1.0000000000,USD,Health Care
2025-12-26,THRY,199707.0000000000,0.0062010662,THRYV HOLDINGS INC,BBG00FWL3JK7,US,USD,XNCM,1.0000000000,USD,Communication Services
2025-12-26,TRDA,114527.0000000000,0.0061477360,ENTRADA THERAPEUTICS INC,BBG012X4TP66,US,USD,XNMS,1.0000000000,USD,Health Care
2025-12-26,HYLN,611221.0000000000,0.0061402367,HYLIION HOLDINGS CORP,BBG00NWMT450,US,USD,XASE,1.0000000000,USD,Industrials
2025-12-26,RPAY,324374.0000000000,0.0061057863,REPAY HOLDINGS CORP CLASS A,BBG00LFVTBZ4,US,USD,XNCM,1.0000000000,USD,Financials
2025-12-26,CCRN,148987.0000000000,0.0060623974,CROSS COUNTRY HEALTHCARE INC,BBG000DGNJT1,US,USD,XNGS,1.0000000000,USD,Health Care
2025-12-26,PTRN,103635.0000000000,0.0060362886,PATTERN GROUP INC SERIES A,BBG01WX45DD5,US,USD,XNGS,1.0000000000,USD,Consumer Discretionary
2025-12-26,PLTK,290739.0000000000,0.0060037052,PLAYTIKA HOLDING CORP,BBG00YM42CT2,IL,USD,XNGS,1.0000000000,USD,Communication Services
2025-12-26,RMR,78192.0000000000,0.0059984048,RMR GROUP INC CLASS A,BBG00B6V7CX0,US,USD,XNCM,1.0000000000,USD,Real Estate
2025-12-26,WSBF,71735.0000000000,0.0059725712,WATERSTONE FINANCIAL INC,BBG000FS1BM1,US,USD,XNGS,1.0000000000,USD,Financials
2025-12-26,MEI,170290.0000000000,0.0059701996,METHODE ELECTRONICS INC,BBG000BNY3D8,US,USD,XNYS,1.0000000000,USD,Information Technology
2025-12-26,GDRX,424192.0000000000,0.0059616146,GOODRX HOLDINGS INC CLASS A,BBG00X0VP8Y6,US,USD,XNGS,1.0000000000,USD,Health Care
2025-12-26,PACK,201532.0000000000,0.0059203071,RANPAK HOLDINGS CORP CLASS A,BBG00K5TSBM7,US,USD,XNYS,1.0000000000,USD,Materials
2025-12-26,WBTN,88436.0000000000,0.0058868718,WEBTOON ENTERTAINMENT INC,BBG01N53CZ96,US,USD,XNGS,1.0000000000,USD,Communication Services
2025-12-26,WOW,222232.0000000000,0.0058744332,WIDEOPENWEST INC,BBG00GBB7DD7,US,USD,XNYS,1.0000000000,USD,Communication Services
2025-12-26,XPOF,132101.0000000000,0.0058310533,XPONENTIAL FITNESS INC CLASS A,BBG011M1TXF9,US,USD,XNYS,1.0000000000,USD,Consumer Discretionary
2025-12-26,HLLY,271320.0000000000,0.0057678969,HOLLEY INC,BBG00Y7B7R24,KY,USD,XNYS,1.0000000000,USD,Consumer Discretionary
2025-12-26,HRTX,878419.0000000000,0.0057047070,HERON THERAPEUTICS INC,BBG000G2GS08,US,USD,XNCM,1.0000000000,USD,Health Care
2025-12-26,PAL,112144.0000000000,0.0056841193,PROFICIENT AUTO LOGISTICS INC,BBG01MDJW7N8,US,USD,XNGS,1.0000000000,USD,Industrials
2025-12-26,OABI,565497.0000000000,0.0056235173,OMNIAB INC,BBG011J3QM39,US,USD,XNMS,1.0000000000,USD,Health Care
2025-12-26,GCO,47464.0000000000,0.0056134294,GENESCO INC,BBG000BK5V80,US,USD,XNYS,1.0000000000,USD,Consumer Discretionary
2025-12-26,ALLO,783112.0000000000,0.0055625454,ALLOGENE THERAPEUTICS INC,BBG00M0C8VW2,US,USD,XNGS,1.0000000000,USD,Health Care
2025-12-26,SENS,181187.0000000000,0.0055616552,SENSEONICS HOLDINGS INC,BBG00BR4Q8G4,US,USD,XNGS,1.0000000000,USD,Health Care
2025-12-26,DDD,614697.0000000000,0.0055514029,3D SYSTEMS CORP,BBG000D42HN1,US,USD,XNYS,1.0000000000,USD,Industrials
2025-12-26,SMLR,62568.0000000000,0.0055077397,SEMLER SCIENTIFIC INC,BBG005LBVD89,US,USD,XNCM,1.0000000000,USD,Health Care
2025-12-26,EVCM,88989.0000000000,0.0053954278,EVERCOMMERCE INC,BBG0118LMXH6,US,USD,XNGS,1.0000000000,USD,Information Technology
2025-12-26,JCAP,46390.0000000000,0.0053734342,JEFFERSON CAPITAL INC,BBG01V5CXFG1,US,USD,XNGS,1.0000000000,USD,Financials
2025-12-26,CTNM,83491.0000000000,0.0053713144,CONTINEUM THERAPEUTICS INC CLASS A,BBG01M27SW92,US,USD,XNGS,1.0000000000,USD,Health Care
2025-12-26,ONTF,182056.0000000000,0.0053666440,ON24 INC,BBG00YTSQVM1,US,USD,XNYS,1.0000000000,USD,Information Technology
2025-12-26,TBRG,47776.0000000000,0.0053473295,TRUBRIDGE INC,BBG000BHYN74,US,USD,XNGS,1.0000000000,USD,Health Care
2025-12-26,LXRX,855737.0000000000,0.0053403175,LEXICON PHARMACEUTICALS INC,BBG000BQ8DB0,US,USD,XNCM,1.0000000000,USD,Health Care
2025-12-26,USNA,52166.0000000000,0.0052934545,USANA HEALTH SCIENCES INC,BBG000BX2BQ9,US,USD,XNYS,1.0000000000,USD,Consumer Staples
2025-12-26,ARDT,116265.0000000000,0.0052913086,ARDENT HEALTH INC,BBG00MQLRSZ7,US,USD,XNYS,1.0000000000,USD,Health Care
2025-12-26,RZLT,376897.0000000000,0.0052395610,REZOLUTE INC,BBG001XWWHY0,US,USD,XNCM,1.0000000000,USD,Health Care
2025-12-26,ALTI,214326.0000000000,0.0051978580,ALTI GLOBAL INC CLASS A,BBG00Z6F0M21,US,USD,XNCM,1.0000000000,USD,Financials
2025-12-26,ATNI,45710.0000000000,0.0051949443,ATN INTERNATIONAL INC,BBG000F8TSV8,US,USD,XNGS,1.0000000000,USD,Communication Services
2025-12-26,SPCE,303186.0000000000,0.0051378008,VIRGIN GALACTIC HOLDINGS INC SHS C,BBG00HTN2CT0,US,USD,XNYS,1.0000000000,USD,Industrials
2025-12-26,JELD,410209.0000000000,0.0051199055,JELD WEN HOLDING INC,BBG00D0YR4M4,US,USD,XNYS,1.0000000000,USD,Industrials
2025-12-26,CRMT,38170.0000000000,0.0051029867,AMERICAS CAR MART INC,BBG000CM7ZL9,US,USD,XNGS,1.0000000000,USD,Consumer Discretionary
2025-12-26,GPRO,633555.0000000000,0.0050466784,GOPRO INC CLASS A,BBG006JJTXM6,US,USD,XNGS,1.0000000000,USD,Consumer Discretionary
2025-12-26,ASPN,334510.0000000000,0.0050406577,ASPEN AEROGELS INC,BBG001S58H09,US,USD,XNYS,1.0000000000,USD,Materials
2025-12-26,AGL,1413848.0000000000,0.0050285456,AGILON HEALTH,BBG00ZQZT3C5,US,USD,XNYS,1.0000000000,USD,Health Care
2025-12-26,KYTX,110234.0000000000,0.0050280190,KYVERNA THERAPEUTICS INC,BBG01L9YJ1T4,US,USD,XNGS,1.0000000000,USD,Health Care
2025-12-26,LAW,122397.0000000000,0.0050114796,CS DISCO INC,BBG011M1RKH7,US,USD,XNYS,1.0000000000,USD,Information Technology
2025-12-26,TCX,43006.0000000000,0.0048919985,TUCOWS INC,BBG000L69TP2,CA,USD,XNCM,1.0000000000,USD,Information Technology
2025-12-26,OMI,355717.0000000000,0.0048909764,OWENS & MINOR INC,BBG000CTV800,US,USD,XNYS,1.0000000000,USD,Health Care
2025-12-26,EDIT,434763.0000000000,0.0048749089,EDITAS MEDICINE INC,BBG00BT7PML9,US,USD,XNGS,1.0000000000,USD,Health Care
2025-12-26,SNBR,110095.0000000000,0.0048261742,SLEEP NUMBER CORP,BBG000DM2MT4,US,USD,XNGS,1.0000000000,USD,Consumer Discretionary
2025-12-26,POWW,515266.0000000000,0.0047841439,OUTDOOR HOLDING,BBG000BYZKL6,US,USD,XNCM,1.0000000000,USD,Consumer Discretionary
2025-12-26,SLQT,683708.0000000000,0.0047177098,SELECTQUOTE INC,BBG00RVFZHV2,US,USD,XNYS,1.0000000000,USD,Financials
2025-12-26,TASK,80717.0000000000,0.0047014146,TASKUS INC CLASS A,BBG0100SH310,US,USD,XNGS,1.0000000000,USD,Industrials
2025-12-26,VEL,46011.0000000000,0.0045638366,VELOCITY FINANCIAL INC,BBG00QLF1GY1,US,USD,XNYS,1.0000000000,USD,Financials
2025-12-26,DSGR,31067.0000000000,0.0045206420,DISTRIBUTION SOLUTIONS GROUP INC,BBG000BN2TK8,US,USD,XNGS,1.0000000000,USD,Industrials
2025-12-26,UIS,316998.0000000000,0.0045194387,UNISYS CORP,BBG000BW0V89,US,USD,XNYS,1.0000000000,USD,Information Technology
2025-12-26,NPB,49880.0000000000,0.0044288008,NORTHPOINTE BANCSHARES INC,BBG01S6X0K76,US,USD,XNYS,1.0000000000,USD,Financials
2025-12-26,OLPX,617901.0000000000,0.0044203806,OLAPLEX HOLDINGS INC,BBG012BV9T37,US,USD,XNGS,1.0000000000,USD,Consumer Staples
2025-12-26,RICK,37147.0000000000,0.0043800748,RCI HOSPITALITY HOLDINGS INC,BBG000FLV5Z2,US,USD,XNMS,1.0000000000,USD,Consumer Discretionary
2025-12-26,LEGH,43365.0000000000,0.0043717858,LEGACY HOUSING CORP,BBG00MJDR8B3,US,USD,XNGS,1.0000000000,USD,Consumer Discretionary
2025-12-26,FC,50770.0000000000,0.0043713005,FRANKLIN COVEY,BBG000FCZQJ0,US,USD,XNYS,1.0000000000,USD,Industrials
2025-12-26,OSUR,353590.0000000000,0.0043594119,ORASURE TECHNOLOGIES INC,BBG000J3FLH1,US,USD,XNGS,1.0000000000,USD,Health Care
2025-12-26,HCAT,350235.0000000000,0.0042291993,HEALTH CATALYST INC,BBG00P1J0CR5,US,USD,XNGS,1.0000000000,USD,Health Care
2025-12-26,LE,58670.0000000000,0.0042120565,LAND END INC,BBG005P337S5,US,USD,XNCM,1.0000000000,USD,Consumer Discretionary
2025-12-26,NAKA,2068725.0000000000,0.0041427769,KINDLY MD INC,BBG01JG7HHH0,US,USD,XNMS,1.0000000000,USD,Health Care
2025-12-26,CATX,290569.0000000000,0.0041426406,PERSPECTIVE THERAPEUTICS INC,BBG000BG5J68,US,USD,XASE,1.0000000000,USD,Health Care
2025-12-26,RGP,156272.0000000000,0.0041387894,RESOURCES CONNECTION INC,BBG000BHYXK7,US,USD,XNGS,1.0000000000,USD,Industrials
2025-12-26,GEMI,71305.0000000000,0.0041134110,GEMINI SPACE STATION INC CLASS A,BBG01X0WNYQ7,US,USD,XNGS,1.0000000000,USD,Financials
2025-12-26,WOLF,43413.0000000000,0.0040594462,WOLFSPEED INC,BBG01XLDQ871,US,USD,XNYS,1.0000000000,USD,Information Technology
2025-12-26,LPRO,491872.0000000000,0.0040428606,OPEN LENDING CORP,BBG00VDHLSX8,US,USD,XNMS,1.0000000000,USD,Financials
2025-12-26,HUMA,735655.0000000000,0.0040310631,HUMACYTE INC,BBG00Y3YTXL0,US,USD,XNGS,1.0000000000,USD,Health Care
2025-12-26,CCCC,380707.0000000000,0.0040176847,C4 THERAPEUTICS INC,BBG00X93QQ32,US,USD,XNGS,1.0000000000,USD,Health Care
2025-12-26,EVMN,44668.0000000000,0.0039864287,EVOMMUNE INC,BBG01XV87L73,US,USD,XNYS,1.0000000000,USD,Health Care
2025-12-26,WYFI,45270.0000000000,0.0039850303,WHITEFIBER INC,BBG01W345B51,US,USD,XNCM,1.0000000000,USD,Information Technology
2025-12-26,ARCT,120291.0000000000,0.0039670543,ARCTURUS THERAPEUTICS HOLDINGS INC,BBG00NVC70Z2,US,USD,XNMS,1.0000000000,USD,Health Care
2025-12-26,OBIO,180025.0000000000,0.0039549625,ORCHESTRA BIOMED HOLDINGS INC,BBG00W5FR304,US,USD,XNMS,1.0000000000,USD,Health Care
2025-12-26,SRI,135153.0000000000,0.0038880371,STONERIDGE INC,BBG000BB9S83,US,USD,XNYS,1.0000000000,USD,Consumer Discretionary
2025-12-26,NMRA,419701.0000000000,0.0038542531,NEUMORA THERAPEUTICS INC,BBG01J35GTY4,US,USD,XNGS,1.0000000000,USD,Health Care
2025-12-26,NXDT,195087.0000000000,0.0038404464,NEXPOINT DIVERSIFIED REAL ESTATE T,BBG000ND9F20,US,USD,XNYS,1.0000000000,USD,Real Estate
2025-12-26,CHPT,105134.0000000000,0.0038192480,CHARGEPOINT HOLDINGS INC CLASS A,BBG00Q741Z52,US,USD,XNYS,1.0000000000,USD,Industrials
2025-12-26,WEST,180613.0000000000,0.0037846063,WESTROCK COFFEE,BBG016LHSDW0,US,USD,XNMS,1.0000000000,USD,Consumer Staples
2025-12-26,MASS,136476.0000000000,0.0037737614,908 DEVICES INC,BBG00YC6NKD4,US,USD,XNMS,1.0000000000,USD,Information Technology
2025-12-26,CRBU,429233.0000000000,0.0037457881,CARIBOU BIOSCIENCES INC,BBG011P2Z8L5,US,USD,XNGS,1.0000000000,USD,Health Care
2025-12-26,KLTR,433233.0000000000,0.0037367333,KALTURA INC,BBG00ZHDXYM0,US,USD,XNGS,1.0000000000,USD,Information Technology
2025-12-26,RMAX,96844.0000000000,0.0037244623,RE MAX HOLDINGS INC CLASS A,BBG005544P22,US,USD,XNYS,1.0000000000,USD,Real Estate
2025-12-26,CHRS,546509.0000000000,0.0037155557,COHERUS ONCOLOGY INC,BBG0077HWXW6,US,USD,XNMS,1.0000000000,USD,Health Care
2025-12-26,PRTH,129833.0000000000,0.0036822948,PRIORITY TECHNOLOGY HOLDINGS INC,BBG00DSNH2B5,US,USD,XNCM,1.0000000000,USD,Financials
2025-12-26,GYRE,100809.0000000000,0.0036774760,GYRE THERAPEUTICS INC,BBG000F88Z09,US,USD,XNCM,1.0000000000,USD,Health Care
2025-12-26,SEG,36355.0000000000,0.0036687709,SEAPORT ENTERTAINMENT GROUP INC,BBG01NX940S7,US,USD,XNYS,1.0000000000,USD,Real Estate
2025-12-26,TTGT,138145.0000000000,0.0036376774,TECHTARGET INC,BBG01M43MDK4,US,USD,XNGS,1.0000000000,USD,Communication Services
2025-12-26,AII,33539.0000000000,0.0035292345,AMERICAN INTEGRITY INSURANCE GROUP,BBG01THG06Q9,US,USD,XNYS,1.0000000000,USD,Financials
2025-12-26,TBI,147673.0000000000,0.0034615031,TRUEBLUE INC,BBG000BP6CN3,US,USD,XNYS,1.0000000000,USD,Industrials
2025-12-26,ASIC,31911.0000000000,0.0034534480,ATEGRITY SPECIALTY INSURANCE COMPA,BBG01T25HLY9,US,USD,XNYS,1.0000000000,USD,Financials
2025-12-26,LUCK,74019.0000000000,0.0033649055,LUCKY STRIKE ENTERTAINMENT CORP CL,BBG00Z6BJ689,US,USD,XNYS,1.0000000000,USD,Consumer Discretionary
2025-12-26,PXED,20463.0000000000,0.0033472334,PHOENIX EDUCATION PARTNERS INC,BBG01X5V1P14,US,USD,XNYS,1.0000000000,USD,Consumer Discretionary
2025-12-26,SRG,199647.0000000000,0.0033325781,SERITAGE GROWTH PROPERTIES CLASS A,BBG009CMRNW3,US,USD,XNYS,1.0000000000,USD,Real Estate
2025-12-26,NFE,570010.0000000000,0.0033258447,NEW FORTRESS ENERGY INC CLASS A,BBG00MJH9LX1,US,USD,XNGS,1.0000000000,USD,Energy
2025-12-26,KLC,151859.0000000000,0.0032976606,KINDERCARE LEARNING COMPANIES INC,BBG0132WLLR0,US,USD,XNYS,1.0000000000,USD,Consumer Discretionary
2025-12-26,SGMO,1455539.0000000000,0.0032862872,SANGAMO THERAPEUTICS INC,BBG000BHZ4D8,US,USD,XNCM,1.0000000000,USD,Health Care
2025-12-26,ANIK,67270.0000000000,0.0032355746,ANIKA THERAPEUTICS INC,BBG000BBL8D7,US,USD,XNGS,1.0000000000,USD,Health Care
2025-12-26,FNKO,199617.0000000000,0.0032206705,FUNKO INC CLASS A,BBG00HXSKRY5,US,USD,XNGS,1.0000000000,USD,Consumer Discretionary
2025-12-26,INV,147296.0000000000,0.0031537340,INNVENTURE INC,BBG01MRC3DH4,US,USD,XNMS,1.0000000000,USD,Financials
2025-12-26,MNTN,51589.0000000000,0.0031278554,MNTN INC CLASS A,BBG01SMT3F93,US,USD,XNYS,1.0000000000,USD,Communication Services
2025-12-26,OMDA,38554.0000000000,0.0031141115,OMADA HEALTH INC,BBG01TYBNW43,US,USD,XNGS,1.0000000000,USD,Health Care
2025-12-26,ALEC,415956.0000000000,0.0030601101,ALECTOR INC,BBG00N0PL1V3,US,USD,XNGS,1.0000000000,USD,Health Care
2025-12-26,ALTS,510504.0000000000,0.0030563481,ALT5 SIGMA CORP,BBG000CKMZ90,US,USD,XNCM,1.0000000000,USD,Financials
2025-12-26,SKIN,414589.0000000000,0.0030500533,BEAUTY HEALTH COMPANY CLASS A CLAS,BBG00Y925CS9,US,USD,XNCM,1.0000000000,USD,Consumer Staples
2025-12-26,INNV,106509.0000000000,0.0030261886,INNOVAGE HOLDING CORP,BBG00Z6F87K6,US,USD,XNGS,1.0000000000,USD,Health Care
2025-12-26,BALY,34307.0000000000,0.0030095349,BALLY S CORP,BBG01QPXB2V0,US,USD,XNYS,1.0000000000,USD,Consumer Discretionary
2025-12-26,AMBQ,19226.0000000000,0.0030073510,AMBIQ MICRO INC,BBG01VXRJ1T0,US,USD,XNYS,1.0000000000,USD,Information Technology
2025-12-26,ONL,263296.0000000000,0.0029790019,ORION PROPERTIES INC,BBG0118JXCD9,US,USD,XNYS,1.0000000000,USD,Real Estate
2025-12-26,MNTK,319191.0000000000,0.0029636259,MONTAUK RENEWABLES INC,BBG00YHYK2Q7,US,USD,XNCM,1.0000000000,USD,Utilities
2025-12-26,MED,51328.0000000000,0.0029375488,MEDIFAST INC,BBG000BWBY63,US,USD,XNYS,1.0000000000,USD,Consumer Staples
2025-12-26,BOOM,85997.0000000000,0.0028753477,DMC GLOBAL INC,BBG000BDM003,US,USD,XNGS,1.0000000000,USD,Energy
2025-12-26,TMCI,232139.0000000000,0.0028738202,TREACE MEDICAL CONCEPTS INC,BBG00ZVNQHS1,US,USD,XNGS,1.0000000000,USD,Health Care
2025-12-26,DMRC,80144.0000000000,0.0028463658,DIGIMARC CORP,BBG000G9HKV5,US,USD,XNGS,1.0000000000,USD,Information Technology
2025-12-26,BRCC,458339.0000000000,0.0028138040,BRC INC CLASS A,BBG0157C6612,US,USD,XNYS,1.0000000000,USD,Consumer Staples
2025-12-26,ULH,35099.0000000000,0.0027655904,UNIVERSAL LOGISTICS HOLDINGS INC,BBG000LGRGS5,US,USD,XNGS,1.0000000000,USD,Industrials
2025-12-26,FLWS,129584.0000000000,0.0027153329,1-800 FLOWERS.COM INC CLASS A,BBG000BBRN66,US,USD,XNGS,1.0000000000,USD,Consumer Discretionary
2025-12-26,DH,203533.0000000000,0.0027055638,DEFINITIVE HEALTHCARE CORP CLASS A,BBG01282ZJM7,US,USD,XNGS,1.0000000000,USD,Health Care
2025-12-26,CHGG,572143.0000000000,0.0026357978,CHEGG INC,BBG00540PJ22,US,USD,XNYS,1.0000000000,USD,Consumer Discretionary
2025-12-26,FATE,512291.0000000000,0.0026251840,FATE THERAPEUTICS INC,BBG00561DM24,US,USD,XNMS,1.0000000000,USD,Health Care
2025-12-26,GPMT,209970.0000000000,0.0026206801,GRANITE POINT MORTGAGE TRUST INC,BBG00GSR1BK6,US,USD,XNYS,1.0000000000,USD,Financials
2025-12-26,HPK,115891.0000000000,0.0026165641,HIGHPEAK ENERGY INC,BBG00RD6F0M1,US,USD,XNMS,1.0000000000,USD,Energy
2025-12-26,HAIN,446316.0000000000,0.0026041257,HAIN CELESTIAL GROUP INC,BBG000BQW8R7,US,USD,XNGS,1.0000000000,USD,Consumer Staples
2025-12-26,KRO,110678.0000000000,0.0025774820,KRONOS WORLDWIDE INC,BBG000C3WLC4,US,USD,XNYS,1.0000000000,USD,Materials
2025-12-26,EWCZ,137499.0000000000,0.0025742313,EUROPEAN WAX CENTER INC CLASS A,BBG011RWTZF1,US,USD,XNGS,1.0000000000,USD,Consumer Discretionary
2025-12-26,TONX,228845.0000000000,0.0025659923,TON STRATEGY,BBG004DZSWL5,US,USD,XNCM,1.0000000000,USD,Information Technology
2025-12-26,BZAI,235719.0000000000,0.0025473924,BLAIZE HOLDINGS INC,BBG0127JV750,US,USD,XNMS,1.0000000000,USD,Information Technology
2025-12-26,OFLX,17063.0000000000,0.0025378558,OMEGA FLEX INC,BBG000QSGJ64,US,USD,XNMS,1.0000000000,USD,Industrials
2025-12-26,LVWR,105751.0000000000,0.0024895687,LIVEWIRE GROUP INC,BBG019STFSK5,US,USD,XNYS,1.0000000000,USD,Consumer Discretionary
2025-12-26,RXT,486128.0000000000,0.0024410454,RACKSPACE TECHNOLOGY INC,BBG00W0JYWX3,US,USD,XNGS,1.0000000000,USD,Information Technology
2025-12-26,MCRB,31339.0000000000,0.0024327541,SERES THERAPEUTICS INC,BBG0099X68R5,US,USD,XNGS,1.0000000000,USD,Health Care
2025-12-26,AIRJ,122469.0000000000,0.0023984746,AIRJOULE TECHNOLOGIES CORP CLASS A,BBG014FPNGX1,US,USD,XNCM,1.0000000000,USD,Industrials
2025-12-26,AIRO,49488.0000000000,0.0023476490,AIRO GROUP HOLDINGS INC,BBG01SJFKCV0,US,USD,XNMS,1.0000000000,USD,Industrials
2025-12-26,MERC,221294.0000000000,0.0022904534,MERCER INTERNATIONAL INC,BBG000CDP0T8,CA,USD,XNGS,1.0000000000,USD,Materials
2025-12-26,ADV,509242.0000000000,0.0022796184,ADVANTAGE SOLUTIONS INC CLASS A,BBG00Q6C7F99,US,USD,XNGS,1.0000000000,USD,Communication Services
2025-12-26,FORR,58405.0000000000,0.0021365199,FORRESTER RESEARCH INC,BBG000HGQFQ5,US,USD,XNGS,1.0000000000,USD,Industrials
2025-12-26,RILY,88095.0000000000,0.0021275505,B RILEY FINANCIAL INC,BBG000RTNR10,US,USD,XNMS,1.0000000000,USD,Financials
2025-12-26,NPWR,183043.0000000000,0.0020617108,NET POWER INC CLASS A,BBG00ZMY0GV3,US,USD,XNYS,1.0000000000,USD,Industrials
2025-12-26,DCGO,440604.0000000000,0.0020470257,DOCGO INC,BBG00YHLH635,US,USD,XNCM,1.0000000000,USD,Health Care
2025-12-26,EXFY,263206.0000000000,0.0020431905,EXPENSIFY INC CLASS A,BBG0131XRT78,US,USD,XNGS,1.0000000000,USD,Information Technology
2025-12-26,BARK,591227.0000000000,0.0019452969,BARK INC CLASS A,BBG00YLQPGD7,US,USD,XNYS,1.0000000000,USD,Consumer Discretionary
2025-12-26,FSP,401445.0000000000,0.0018734457,FRANKLIN STREET PROPERTIES REIT CO,BBG000DRFJZ9,US,USD,XASE,1.0000000000,USD,Real Estate
2025-12-26,TTEC,97407.0000000000,0.0017890414,TTEC HOLDINGS INC,BBG000C4NW01,US,USD,XNGS,1.0000000000,USD,Industrials
2025-12-26,ETHZ,68390.0000000000,0.0017800476,ETHZILLA CORP,BBG00H1CP0N1,US,USD,XNCM,1.0000000000,USD,Health Care
2025-12-26,ACDC,92189.0000000000,0.0017680419,PROFRAC HOLDING CLASS A CORP,BBG013PRYQ28,US,USD,XNGS,1.0000000000,USD,Energy
2025-12-26,COOK,314908.0000000000,0.0016936014,TRAEGER INC,BBG011PTS7C6,US,USD,XNYS,1.0000000000,USD,Consumer Discretionary
2025-12-26,UP,439212.0000000000,0.0015679120,WHEELS UP EXPERIENCE INC CLASS A,BBG00Y2PJNW1,US,USD,XNYS,1.0000000000,USD,Industrials
2025-12-26,EEX,67039.0000000000,0.0015646133,EMERALD HOLDING INC,BBG00GCTWVL0,US,USD,XNYS,1.0000000000,USD,Communication Services
2025-12-26,SUIG,159449.0000000000,0.0014642729,SUI GROUP HOLDINGS LTD,BBG000BPHNJ2,US,USD,XNCM,1.0000000000,USD,Financials
2025-12-26,SLND,71219.0000000000,0.0012936016,SOUTHLAND HOLDINGS INC,BBG013HD7WH9,US,USD,XASE,1.0000000000,USD,Industrials
2025-12-26,GETY,180488.0000000000,0.0011721413,GETTY IMAGES HOLDINGS INC CLASS A,BBG018XVRLN5,US,USD,XNYS,1.0000000000,USD,Communication Services
2025-12-26,PRPL,283680.0000000000,0.0010686779,PURPLE INNOVATION INC,BBG009S7FXH7,US,USD,XNGS,1.0000000000,USD,Consumer Discretionary
2025-12-26,RTYH6,11350.0000000000,0.0010333125,RUSSELL 2000 EMINI CME MAR 26,BBG01R98PWS4,US,USD,OTC,1.0000000000,USD,
2025-12-26,SVCO,42427.0000000000,0.0009342298,SILVACO GROUP INC,BBG01MF5HFV6,US,USD,XNGS,1.0000000000,USD,Information Technology
2025-12-26,AIRS,78533.0000000000,0.0008646365,AIRSCULPT TECHNOLOGIES INC,BBG012V27C83,US,USD,XNMS,1.0000000000,USD,Health Care
2025-12-26,VHI,10863.0000000000,0.0006487060,VALHI INC,BBG000BWD207,US,USD,XNYS,1.0000000000,USD,Materials
2025-12-26,CURV,101647.0000000000,0.0005363516,TORRID HOLDINGS INC,BBG011C0PCN3,US,USD,XNYS,1.0000000000,USD,Consumer Discretionary
2025-12-26,ARAI,23579.0000000000,0.0003959816,ARRIVE AI INC,BBG01RK67WF9,US,USD,XNMS,1.0000000000,USD,Industrials
2025-12-26,TWNP,11772.0000000000,0.0000477877,TWIN HOSPITALITY CLASS A INC,BBG01RXHT735,US,USD,XNMS,1.0000000000,USD,Consumer Discretionary
2025-12-26,THRD,98316.0000000000,0.0000099764,THIRD HARMONIC BIO INC,BBG019K3NPP2,US,USD,XNMS,1.0000000000,USD,Health Care
2025-12-26,,272619.0000000000,0.0000000014,PIVOTAL SOFTWARE INC ESCROW,,US,USD,XNYS,1.0000000000,USD,
2025-12-26,2200964D,25234.0000000000,0.0000000002,OMNIAB INC,BBG01B9LW0J2,US,USD,XNMS,1.0000000000,USD,Health Care
2025-12-26,2200963D,25234.0000000000,0.0000000002,OMNIAB INC EARNOUT SHARES,BBG01B9LVXB9,US,USD,XNMS,1.0000000000,USD,Health Care


"Holdings may include collateral held by the fund for securities on loan. In addition, certain securities may be designated as collateral for transactions such as open futures contracts or delayed-delivery securities."
"Any fund holdings shown should not be considered a recommendation of any security by the investment adviser and are subject to change."
"Charles Schwab Investment Management believes this information to be accurate, and is not responsible for any errors. Charles Schwab Investment Management, Inc. and its affiliates are not responsible for subsequent alternative uses of this list beyond this instance."


